// Auto-generated icons data for portable builds (100% platform-independent)
#include <cstdint>

extern const uint8_t app_recorder_bin[9216] = {
0x00, 0x00, 0x00, 0x00, 0x00, 0x00, 0x00, 0x00, 0x00, 0x00, 0x00, 0x00, 0x00, 0x00, 0x00, 0x00,
0x00, 0x00, 0x00, 0x00, 0x00, 0x00, 0x00, 0x00, 0x00, 0x00, 0x00, 0x00, 0x00, 0x00, 0x00, 0x00,
0x00, 0x00, 0x00, 0x00, 0x00, 0x00, 0x00, 0x00, 0x00, 0x00, 0x00, 0x00, 0x00, 0x00, 0x00, 0x00,
0x00, 0x00, 0x00, 0x00, 0x00, 0x00, 0x00, 0x00, 0x00, 0x00, 0x00, 0x00, 0x00, 0x00, 0x00, 0x00,
0x00, 0x00, 0x00, 0x00, 0x00, 0x00, 0x00, 0x00, 0x00, 0x00, 0x00, 0x00, 0x00, 0x00, 0x00, 0x00,
0x00, 0x00, 0x00, 0x00, 0x00, 0x00, 0x00, 0x00, 0x00, 0x00, 0x00, 0x00, 0x00, 0x00, 0x00, 0x00,
0x00, 0x00, 0x00, 0x00, 0x00, 0x00, 0x00, 0x00, 0x00, 0x00, 0x00, 0x00, 0x00, 0x00, 0x00, 0x00,
0x00, 0x00, 0x00, 0x00, 0x00, 0x00, 0x00, 0x00, 0x00, 0x00, 0x00, 0x00, 0x00, 0x00, 0x00, 0x00,
0x00, 0x00, 0x00, 0x00, 0x00, 0x00, 0x00, 0x00, 0x00, 0x00, 0x00, 0x00, 0x00, 0x00, 0x00, 0x00,
0x00, 0x00, 0x00, 0x00, 0x00, 0x00, 0x00, 0x00, 0x00, 0x00, 0x00, 0x00, 0x00, 0x00, 0x00, 0x00,
0x00, 0x00, 0x00, 0x00, 0x00, 0x00, 0x00, 0x00, 0x00, 0x00, 0x00, 0x00, 0x00, 0x00, 0x00, 0x00,
0x00, 0x00, 0x00, 0x00, 0x00, 0x00, 0x00, 0x00, 0x00, 0x00, 0x00, 0x00, 0x00, 0x00, 0x00, 0x00,
0x00, 0x00, 0x00, 0x00, 0x00, 0x00, 0x00, 0x00, 0x00, 0x00, 0x00, 0x00, 0x00, 0x00, 0x00, 0x00,
0x00, 0x00, 0x00, 0x00, 0x00, 0x00, 0x00, 0x00, 0x00, 0x00, 0x00, 0x00, 0x00, 0x00, 0x00, 0x00,
0x00, 0x00, 0x00, 0x00, 0x00, 0x00, 0x00, 0x00, 0x00, 0x00, 0x00, 0x00, 0x00, 0x00, 0x00, 0x00,
0x00, 0x00, 0x00, 0x00, 0x00, 0x00, 0x00, 0x00, 0x00, 0x00, 0x00, 0x00, 0x00, 0x00, 0x00, 0x00,
0x00, 0x00, 0x00, 0x00, 0x00, 0x00, 0x00, 0x00, 0x00, 0x00, 0x00, 0x00, 0x00, 0x00, 0x00, 0x00,
0x00, 0x00, 0x00, 0x00, 0x00, 0x00, 0x00, 0x00, 0x00, 0x00, 0x00, 0x00, 0x00, 0x00, 0x00, 0x00,
0x00, 0x00, 0x00, 0x00, 0x00, 0x00, 0x00, 0x00, 0x00, 0x00, 0x00, 0x00, 0x00, 0x00, 0x00, 0x00,
0x00, 0x00, 0x00, 0x00, 0x00, 0x00, 0x00, 0x00, 0x00, 0x00, 0x00, 0x00, 0x00, 0x00, 0x00, 0x00,
0x00, 0x00, 0x00, 0x00, 0x00, 0x00, 0x00, 0x00, 0x00, 0x00, 0x00, 0x00, 0x00, 0x00, 0x00, 0x00,
0x00, 0x00, 0x00, 0x00, 0x00, 0x00, 0x00, 0x00, 0x00, 0x00, 0x00, 0x00, 0x00, 0x00, 0x00, 0x00,
0x00, 0x00, 0x00, 0x00, 0x00, 0x00, 0x00, 0x00, 0x00, 0x00, 0x00, 0x00, 0x00, 0x00, 0x00, 0x00,
0x00, 0x00, 0x00, 0x00, 0x00, 0x00, 0x00, 0x00, 0x00, 0x00, 0x00, 0x00, 0x00, 0x00, 0x00, 0x00,
0x00, 0x00, 0x00, 0x00, 0x00, 0x00, 0x00, 0x00, 0x00, 0x00, 0x00, 0x00, 0x00, 0x00, 0x00, 0x00,
0x00, 0x00, 0x00, 0x00, 0x00, 0x00, 0x00, 0x00, 0x00, 0x00, 0x00, 0x00, 0x00, 0x00, 0x00, 0x00,
0x00, 0x00, 0x00, 0x00, 0x00, 0x00, 0x00, 0x00, 0x00, 0x00, 0x00, 0x00, 0x00, 0x00, 0x00, 0x00,
0x00, 0x00, 0x00, 0x00, 0x00, 0x00, 0x00, 0x00, 0x00, 0x00, 0x00, 0x00, 0x00, 0x00, 0x00, 0x00,
0x00, 0x00, 0x00, 0x00, 0x00, 0x00, 0x00, 0x00, 0x00, 0x00, 0x00, 0x00, 0x00, 0x00, 0x00, 0x00,
0xff, 0xff, 0xff, 0x2c, 0xff, 0xff, 0xff, 0x90, 0xff, 0xff, 0xff, 0xd5, 0xff, 0xff, 0xff, 0xf4,
0xff, 0xff, 0xff, 0xf0, 0xff, 0xff, 0xff, 0xce, 0xff, 0xff, 0xff, 0x7f, 0xff, 0xff, 0xff, 0x1b,
0x00, 0x00, 0x00, 0x00, 0x00, 0x00, 0x00, 0x00, 0x00, 0x00, 0x00, 0x00, 0x00, 0x00, 0x00, 0x00,
0x00, 0x00, 0x00, 0x00, 0x00, 0x00, 0x00, 0x00, 0x00, 0x00, 0x00, 0x00, 0x00, 0x00, 0x00, 0x00,
0x00, 0x00, 0x00, 0x00, 0x00, 0x00, 0x00, 0x00, 0x00, 0x00, 0x00, 0x00, 0x00, 0x00, 0x00, 0x00,
0x00, 0x00, 0x00, 0x00, 0x00, 0x00, 0x00, 0x00, 0x00, 0x00, 0x00, 0x00, 0x00, 0x00, 0x00, 0x00,
0x00, 0x00, 0x00, 0x00, 0x00, 0x00, 0x00, 0x00, 0x00, 0x00, 0x00, 0x00, 0x00, 0x00, 0x00, 0x00,
0x00, 0x00, 0x00, 0x00, 0x00, 0x00, 0x00, 0x00, 0x00, 0x00, 0x00, 0x00, 0x00, 0x00, 0x00, 0x00,
0x00, 0x00, 0x00, 0x00, 0x00, 0x00, 0x00, 0x00, 0x00, 0x00, 0x00, 0x00, 0x00, 0x00, 0x00, 0x00,
0x00, 0x00, 0x00, 0x00, 0x00, 0x00, 0x00, 0x00, 0x00, 0x00, 0x00, 0x00, 0x00, 0x00, 0x00, 0x00,
0x00, 0x00, 0x00, 0x00, 0x00, 0x00, 0x00, 0x00, 0x00, 0x00, 0x00, 0x00, 0x00, 0x00, 0x00, 0x00,
0x00, 0x00, 0x00, 0x00, 0x00, 0x00, 0x00, 0x00, 0xff, 0xff, 0xff, 0x06, 0xff, 0xff, 0xff, 0x95,
0xff, 0xff, 0xff, 0xfd, 0xff, 0xff, 0xff, 0xff, 0xff, 0xff, 0xff, 0xff, 0xff, 0xff, 0xff, 0xff,
0xff, 0xff, 0xff, 0xff, 0xff, 0xff, 0xff, 0xff, 0xff, 0xff, 0xff, 0xff, 0xff, 0xff, 0xff, 0xf2,
0xff, 0xff, 0xff, 0x6a, 0x00, 0x00, 0x00, 0x00, 0x00, 0x00, 0x00, 0x00, 0x00, 0x00, 0x00, 0x00,
0x00, 0x00, 0x00, 0x00, 0x00, 0x00, 0x00, 0x00, 0x00, 0x00, 0x00, 0x00, 0x00, 0x00, 0x00, 0x00,
0x00, 0x00, 0x00, 0x00, 0x00, 0x00, 0x00, 0x00, 0x00, 0x00, 0x00, 0x00, 0x00, 0x00, 0x00, 0x00,
0x00, 0x00, 0x00, 0x00, 0x00, 0x00, 0x00, 0x00, 0x00, 0x00, 0x00, 0x00, 0x00, 0x00, 0x00, 0x00,
0x00, 0x00, 0x00, 0x00, 0x00, 0x00, 0x00, 0x00, 0x00, 0x00, 0x00, 0x00, 0x00, 0x00, 0x00, 0x00,
0x00, 0x00, 0x00, 0x00, 0x00, 0x00, 0x00, 0x00, 0x00, 0x00, 0x00, 0x00, 0x00, 0x00, 0x00, 0x00,
0x00, 0x00, 0x00, 0x00, 0x00, 0x00, 0x00, 0x00, 0x00, 0x00, 0x00, 0x00, 0x00, 0x00, 0x00, 0x00,
0x00, 0x00, 0x00, 0x00, 0x00, 0x00, 0x00, 0x00, 0x00, 0x00, 0x00, 0x00, 0x00, 0x00, 0x00, 0x00,
0x00, 0x00, 0x00, 0x00, 0x00, 0x00, 0x00, 0x00, 0x00, 0x00, 0x00, 0x00, 0x00, 0x00, 0x00, 0x00,
0x00, 0x00, 0x00, 0x00, 0xff, 0xff, 0xff, 0x06, 0xff, 0xff, 0xff, 0xbd, 0xff, 0xff, 0xff, 0xff,
0xff, 0xff, 0xff, 0xff, 0xff, 0xff, 0xff, 0xff, 0xff, 0xff, 0xff, 0xff, 0xff, 0xff, 0xff, 0xff,
0xff, 0xff, 0xff, 0xff, 0xff, 0xff, 0xff, 0xff, 0xff, 0xff, 0xff, 0xff, 0xff, 0xff, 0xff, 0xff,
0xff, 0xff, 0xff, 0xff, 0xff, 0xff, 0xff, 0x89, 0x00, 0x00, 0x00, 0x00, 0x00, 0x00, 0x00, 0x00,
0x00, 0x00, 0x00, 0x00, 0x00, 0x00, 0x00, 0x00, 0x00, 0x00, 0x00, 0x00, 0x00, 0x00, 0x00, 0x00,
0x00, 0x00, 0x00, 0x00, 0x00, 0x00, 0x00, 0x00, 0x00, 0x00, 0x00, 0x00, 0x00, 0x00, 0x00, 0x00,
0x00, 0x00, 0x00, 0x00, 0x00, 0x00, 0x00, 0x00, 0x00, 0x00, 0x00, 0x00, 0x00, 0x00, 0x00, 0x00,
0x00, 0x00, 0x00, 0x00, 0x00, 0x00, 0x00, 0x00, 0x00, 0x00, 0x00, 0x00, 0x00, 0x00, 0x00, 0x00,
0x00, 0x00, 0x00, 0x00, 0x00, 0x00, 0x00, 0x00, 0x00, 0x00, 0x00, 0x00, 0x00, 0x00, 0x00, 0x00,
0x00, 0x00, 0x00, 0x00, 0x00, 0x00, 0x00, 0x00, 0x00, 0x00, 0x00, 0x00, 0x00, 0x00, 0x00, 0x00,
0x00, 0x00, 0x00, 0x00, 0x00, 0x00, 0x00, 0x00, 0x00, 0x00, 0x00, 0x00, 0x00, 0x00, 0x00, 0x00,
0x00, 0x00, 0x00, 0x00, 0x00, 0x00, 0x00, 0x00, 0x00, 0x00, 0x00, 0x00, 0x00, 0x00, 0x00, 0x00,
0x00, 0x00, 0x00, 0x00, 0xff, 0xff, 0xff, 0x95, 0xff, 0xff, 0xff, 0xff, 0xff, 0xff, 0xff, 0xff,
0xff, 0xff, 0xff, 0xff, 0xff, 0xff, 0xff, 0xff, 0xff, 0xff, 0xff, 0xff, 0xff, 0xff, 0xff, 0xff,
0xff, 0xff, 0xff, 0xff, 0xff, 0xff, 0xff, 0xff, 0xff, 0xff, 0xff, 0xff, 0xff, 0xff, 0xff, 0xff,
0xff, 0xff, 0xff, 0xff, 0xff, 0xff, 0xff, 0xff, 0xff, 0xff, 0xff, 0x63, 0x00, 0x00, 0x00, 0x00,
0x00, 0x00, 0x00, 0x00, 0x00, 0x00, 0x00, 0x00, 0x00, 0x00, 0x00, 0x00, 0x00, 0x00, 0x00, 0x00,
0x00, 0x00, 0x00, 0x00, 0x00, 0x00, 0x00, 0x00, 0x00, 0x00, 0x00, 0x00, 0x00, 0x00, 0x00, 0x00,
0x00, 0x00, 0x00, 0x00, 0x00, 0x00, 0x00, 0x00, 0x00, 0x00, 0x00, 0x00, 0x00, 0x00, 0x00, 0x00,
0x00, 0x00, 0x00, 0x00, 0x00, 0x00, 0x00, 0x00, 0x00, 0x00, 0x00, 0x00, 0x00, 0x00, 0x00, 0x00,
0x00, 0x00, 0x00, 0x00, 0x00, 0x00, 0x00, 0x00, 0x00, 0x00, 0x00, 0x00, 0x00, 0x00, 0x00, 0x00,
0x00, 0x00, 0x00, 0x00, 0x00, 0x00, 0x00, 0x00, 0x00, 0x00, 0x00, 0x00, 0x00, 0x00, 0x00, 0x00,
0x00, 0x00, 0x00, 0x00, 0x00, 0x00, 0x00, 0x00, 0x00, 0x00, 0x00, 0x00, 0x00, 0x00, 0x00, 0x00,
0x00, 0x00, 0x00, 0x00, 0x00, 0x00, 0x00, 0x00, 0x00, 0x00, 0x00, 0x00, 0x00, 0x00, 0x00, 0x00,
0xff, 0xff, 0xff, 0x2c, 0xff, 0xff, 0xff, 0xfc, 0xff, 0xff, 0xff, 0xff, 0xff, 0xff, 0xff, 0xff,
0xff, 0xff, 0xff, 0xff, 0xe2, 0xe2, 0xfc, 0xff, 0x7f, 0x7f, 0xf4, 0xff, 0x4e, 0x4e, 0xf0, 0xff,
0x50, 0x50, 0xf0, 0xff, 0x90, 0x90, 0xf6, 0xff, 0xf3, 0xf3, 0xfe, 0xff, 0xff, 0xff, 0xff, 0xff,
0xff, 0xff, 0xff, 0xff, 0xff, 0xff, 0xff, 0xff, 0xff, 0xff, 0xff, 0xf0, 0xff, 0xff, 0xff, 0x14,
0x00, 0x00, 0x00, 0x00, 0x00, 0x00, 0x00, 0x00, 0x00, 0x00, 0x00, 0x00, 0x00, 0x00, 0x00, 0x00,
0x00, 0x00, 0x00, 0x00, 0x00, 0x00, 0x00, 0x00, 0x00, 0x00, 0x00, 0x00, 0x00, 0x00, 0x00, 0x00,
0x00, 0x00, 0x00, 0x00, 0x00, 0x00, 0x00, 0x00, 0x00, 0x00, 0x00, 0x00, 0x00, 0x00, 0x00, 0x00,
0x00, 0x00, 0x00, 0x00, 0x00, 0x00, 0x00, 0x00, 0x00, 0x00, 0x00, 0x00, 0x00, 0x00, 0x00, 0x00,
0x00, 0x00, 0x00, 0x00, 0x00, 0x00, 0x00, 0x00, 0x00, 0x00, 0x00, 0x00, 0x00, 0x00, 0x00, 0x00,
0x00, 0x00, 0x00, 0x00, 0x00, 0x00, 0x00, 0x00, 0x00, 0x00, 0x00, 0x00, 0x00, 0x00, 0x00, 0x00,
0x00, 0x00, 0x00, 0x00, 0x00, 0x00, 0x00, 0x00, 0x00, 0x00, 0x00, 0x00, 0x00, 0x00, 0x00, 0x00,
0x00, 0x00, 0x00, 0x00, 0x00, 0x00, 0x00, 0x00, 0x00, 0x00, 0x00, 0x00, 0x00, 0x00, 0x00, 0x00,
0xff, 0xff, 0xff, 0x90, 0xff, 0xff, 0xff, 0xff, 0xff, 0xff, 0xff, 0xff, 0xff, 0xff, 0xff, 0xff,
0xe2, 0xe2, 0xfc, 0xff, 0x50, 0x50, 0xf0, 0xff, 0x44, 0x44, 0xef, 0xff, 0x44, 0x44, 0xef, 0xff,
0x44, 0x44, 0xef, 0xff, 0x44, 0x44, 0xef, 0xff, 0x65, 0x65, 0xf2, 0xff, 0xf5, 0xf5, 0xfe, 0xff,
0xff, 0xff, 0xff, 0xff, 0xff, 0xff, 0xff, 0xff, 0xff, 0xff, 0xff, 0xff, 0xff, 0xff, 0xff, 0x7b,
0x00, 0x00, 0x00, 0x00, 0x00, 0x00, 0x00, 0x00, 0x00, 0x00, 0x00, 0x00, 0x00, 0x00, 0x00, 0x00,
0x00, 0x00, 0x00, 0x00, 0x00, 0x00, 0x00, 0x00, 0x00, 0x00, 0x00, 0x00, 0x00, 0x00, 0x00, 0x00,
0x00, 0x00, 0x00, 0x00, 0x00, 0x00, 0x00, 0x00, 0x00, 0x00, 0x00, 0x00, 0x00, 0x00, 0x00, 0x00,
0x00, 0x00, 0x00, 0x00, 0x00, 0x00, 0x00, 0x00, 0x00, 0x00, 0x00, 0x00, 0x00, 0x00, 0x00, 0x00,
0x00, 0x00, 0x00, 0x00, 0x00, 0x00, 0x00, 0x00, 0x00, 0x00, 0x00, 0x00, 0x00, 0x00, 0x00, 0x00,
0x00, 0x00, 0x00, 0x00, 0x00, 0x00, 0x00, 0x00, 0x00, 0x00, 0x00, 0x00, 0x00, 0x00, 0x00, 0x00,
0x00, 0x00, 0x00, 0x00, 0x00, 0x00, 0x00, 0x00, 0x00, 0x00, 0x00, 0x00, 0x00, 0x00, 0x00, 0x00,
0x00, 0x00, 0x00, 0x00, 0x00, 0x00, 0x00, 0x00, 0x00, 0x00, 0x00, 0x00, 0x00, 0x00, 0x00, 0x00,
0xff, 0xff, 0xff, 0xd5, 0xff, 0xff, 0xff, 0xff, 0xff, 0xff, 0xff, 0xff, 0xff, 0xff, 0xff, 0xff,
0x7f, 0x7f, 0xf4, 0xff, 0x44, 0x44, 0xef, 0xff, 0x44, 0x44, 0xef, 0xff, 0x44, 0x44, 0xef, 0xff,
0x44, 0x44, 0xef, 0xff, 0x44, 0x44, 0xef, 0xff, 0x44, 0x44, 0xef, 0xff, 0x96, 0x96, 0xf6, 0xff,
0xff, 0xff, 0xff, 0xff, 0xff, 0xff, 0xff, 0xff, 0xff, 0xff, 0xff, 0xff, 0xff, 0xff, 0xff, 0xca,
0x00, 0x00, 0x00, 0x00, 0x00, 0x00, 0x00, 0x00, 0x00, 0x00, 0x00, 0x00, 0x00, 0x00, 0x00, 0x00,
0x00, 0x00, 0x00, 0x00, 0x00, 0x00, 0x00, 0x00, 0x00, 0x00, 0x00, 0x00, 0x00, 0x00, 0x00, 0x00,
0x00, 0x00, 0x00, 0x00, 0x00, 0x00, 0x00, 0x00, 0x00, 0x00, 0x00, 0x00, 0x00, 0x00, 0x00, 0x00,
0x00, 0x00, 0x00, 0x00, 0x00, 0x00, 0x00, 0x00, 0x00, 0x00, 0x00, 0x00, 0x00, 0x00, 0x00, 0x00,
0x00, 0x00, 0x00, 0x00, 0x00, 0x00, 0x00, 0x00, 0x00, 0x00, 0x00, 0x00, 0x00, 0x00, 0x00, 0x00,
0x00, 0x00, 0x00, 0x00, 0x00, 0x00, 0x00, 0x00, 0x00, 0x00, 0x00, 0x00, 0x00, 0x00, 0x00, 0x00,
0x00, 0x00, 0x00, 0x00, 0x00, 0x00, 0x00, 0x00, 0x00, 0x00, 0x00, 0x00, 0x00, 0x00, 0x00, 0x00,
0x00, 0x00, 0x00, 0x00, 0x00, 0x00, 0x00, 0x00, 0x00, 0x00, 0x00, 0x00, 0x00, 0x00, 0x00, 0x00,
0xff, 0xff, 0xff, 0xf2, 0xff, 0xff, 0xff, 0xff, 0xff, 0xff, 0xff, 0xff, 0xff, 0xff, 0xff, 0xff,
0x4e, 0x4e, 0xf0, 0xff, 0x44, 0x44, 0xef, 0xff, 0x44, 0x44, 0xef, 0xff, 0x44, 0x44, 0xef, 0xff,
0x44, 0x44, 0xef, 0xff, 0x44, 0x44, 0xef, 0xff, 0x44, 0x44, 0xef, 0xff, 0x53, 0x53, 0xf0, 0xff,
0xff, 0xff, 0xff, 0xff, 0xff, 0xff, 0xff, 0xff, 0xff, 0xff, 0xff, 0xff, 0xff, 0xff, 0xff, 0xf0,
0x00, 0x00, 0x00, 0x00, 0x00, 0x00, 0x00, 0x00, 0x00, 0x00, 0x00, 0x00, 0x00, 0x00, 0x00, 0x00,
0x00, 0x00, 0x00, 0x00, 0x00, 0x00, 0x00, 0x00, 0x00, 0x00, 0x00, 0x00, 0x00, 0x00, 0x00, 0x00,
0x00, 0x00, 0x00, 0x00, 0x00, 0x00, 0x00, 0x00, 0x00, 0x00, 0x00, 0x00, 0x00, 0x00, 0x00, 0x00,
0x00, 0x00, 0x00, 0x00, 0x00, 0x00, 0x00, 0x00, 0x00, 0x00, 0x00, 0x00, 0x00, 0x00, 0x00, 0x00,
0x00, 0x00, 0x00, 0x00, 0x00, 0x00, 0x00, 0x00, 0x00, 0x00, 0x00, 0x00, 0x00, 0x00, 0x00, 0x00,
0x00, 0x00, 0x00, 0x00, 0x00, 0x00, 0x00, 0x00, 0x00, 0x00, 0x00, 0x00, 0x00, 0x00, 0x00, 0x00,
0x00, 0x00, 0x00, 0x00, 0x00, 0x00, 0x00, 0x00, 0x00, 0x00, 0x00, 0x00, 0x00, 0x00, 0x00, 0x00,
0x00, 0x00, 0x00, 0x00, 0x00, 0x00, 0x00, 0x00, 0x00, 0x00, 0x00, 0x00, 0x00, 0x00, 0x00, 0x00,
0xff, 0xff, 0xff, 0xff, 0xff, 0xff, 0xff, 0xff, 0xff, 0xff, 0xff, 0xff, 0xff, 0xff, 0xff, 0xff,
0x44, 0x44, 0xef, 0xff, 0x44, 0x44, 0xef, 0xff, 0x44, 0x44, 0xef, 0xff, 0x44, 0x44, 0xef, 0xff,
0x44, 0x44, 0xef, 0xff, 0x44, 0x44, 0xef, 0xff, 0x44, 0x44, 0xef, 0xff, 0x44, 0x44, 0xef, 0xff,
0xff, 0xff, 0xff, 0xff, 0xff, 0xff, 0xff, 0xff, 0xff, 0xff, 0xff, 0xff, 0xff, 0xff, 0xff, 0xff,
0x00, 0x00, 0x00, 0x00, 0x00, 0x00, 0x00, 0x00, 0x00, 0x00, 0x00, 0x00, 0x00, 0x00, 0x00, 0x00,
0x00, 0x00, 0x00, 0x00, 0x00, 0x00, 0x00, 0x00, 0x00, 0x00, 0x00, 0x00, 0x00, 0x00, 0x00, 0x00,
0x00, 0x00, 0x00, 0x00, 0x00, 0x00, 0x00, 0x00, 0x00, 0x00, 0x00, 0x00, 0x00, 0x00, 0x00, 0x00,
0x00, 0x00, 0x00, 0x00, 0x00, 0x00, 0x00, 0x00, 0x00, 0x00, 0x00, 0x00, 0x00, 0x00, 0x00, 0x00,
0x00, 0x00, 0x00, 0x00, 0x00, 0x00, 0x00, 0x00, 0x00, 0x00, 0x00, 0x00, 0x00, 0x00, 0x00, 0x00,
0x00, 0x00, 0x00, 0x00, 0x00, 0x00, 0x00, 0x00, 0x00, 0x00, 0x00, 0x00, 0x00, 0x00, 0x00, 0x00,
0x00, 0x00, 0x00, 0x00, 0x00, 0x00, 0x00, 0x00, 0x00, 0x00, 0x00, 0x00, 0x00, 0x00, 0x00, 0x00,
0x00, 0x00, 0x00, 0x00, 0x00, 0x00, 0x00, 0x00, 0x00, 0x00, 0x00, 0x00, 0x00, 0x00, 0x00, 0x00,
0xff, 0xff, 0xff, 0xff, 0xff, 0xff, 0xff, 0xff, 0xff, 0xff, 0xff, 0xff, 0xff, 0xff, 0xff, 0xff,
0x44, 0x44, 0xef, 0xff, 0x44, 0x44, 0xef, 0xff, 0x44, 0x44, 0xef, 0xff, 0x44, 0x44, 0xef, 0xff,
0x44, 0x44, 0xef, 0xff, 0x44, 0x44, 0xef, 0xff, 0x44, 0x44, 0xef, 0xff, 0x44, 0x44, 0xef, 0xff,
0xff, 0xff, 0xff, 0xff, 0xff, 0xff, 0xff, 0xff, 0xff, 0xff, 0xff, 0xff, 0xff, 0xff, 0xff, 0xff,
0x00, 0x00, 0x00, 0x00, 0x00, 0x00, 0x00, 0x00, 0x00, 0x00, 0x00, 0x00, 0x00, 0x00, 0x00, 0x00,
0x00, 0x00, 0x00, 0x00, 0x00, 0x00, 0x00, 0x00, 0x00, 0x00, 0x00, 0x00, 0x00, 0x00, 0x00, 0x00,
0x00, 0x00, 0x00, 0x00, 0x00, 0x00, 0x00, 0x00, 0x00, 0x00, 0x00, 0x00, 0x00, 0x00, 0x00, 0x00,
0x00, 0x00, 0x00, 0x00, 0x00, 0x00, 0x00, 0x00, 0x00, 0x00, 0x00, 0x00, 0x00, 0x00, 0x00, 0x00,
0x00, 0x00, 0x00, 0x00, 0x00, 0x00, 0x00, 0x00, 0x00, 0x00, 0x00, 0x00, 0x00, 0x00, 0x00, 0x00,
0x00, 0x00, 0x00, 0x00, 0x00, 0x00, 0x00, 0x00, 0x00, 0x00, 0x00, 0x00, 0x00, 0x00, 0x00, 0x00,
0x00, 0x00, 0x00, 0x00, 0x00, 0x00, 0x00, 0x00, 0x00, 0x00, 0x00, 0x00, 0x00, 0x00, 0x00, 0x00,
0x00, 0x00, 0x00, 0x00, 0x00, 0x00, 0x00, 0x00, 0x00, 0x00, 0x00, 0x00, 0x00, 0x00, 0x00, 0x00,
0xff, 0xff, 0xff, 0xff, 0xff, 0xff, 0xff, 0xff, 0xff, 0xff, 0xff, 0xff, 0xff, 0xff, 0xff, 0xff,
0x44, 0x44, 0xef, 0xff, 0x44, 0x44, 0xef, 0xff, 0x44, 0x44, 0xef, 0xff, 0x44, 0x44, 0xef, 0xff,
0x44, 0x44, 0xef, 0xff, 0x44, 0x44, 0xef, 0xff, 0x44, 0x44, 0xef, 0xff, 0x44, 0x44, 0xef, 0xff,
0xff, 0xff, 0xff, 0xff, 0xff, 0xff, 0xff, 0xff, 0xff, 0xff, 0xff, 0xff, 0xff, 0xff, 0xff, 0xff,
0x00, 0x00, 0x00, 0x00, 0x00, 0x00, 0x00, 0x00, 0x00, 0x00, 0x00, 0x00, 0x00, 0x00, 0x00, 0x00,
0x00, 0x00, 0x00, 0x00, 0x00, 0x00, 0x00, 0x00, 0x00, 0x00, 0x00, 0x00, 0x00, 0x00, 0x00, 0x00,
0x00, 0x00, 0x00, 0x00, 0x00, 0x00, 0x00, 0x00, 0x00, 0x00, 0x00, 0x00, 0x00, 0x00, 0x00, 0x00,
0x00, 0x00, 0x00, 0x00, 0x00, 0x00, 0x00, 0x00, 0x00, 0x00, 0x00, 0x00, 0x00, 0x00, 0x00, 0x00,
0x00, 0x00, 0x00, 0x00, 0x00, 0x00, 0x00, 0x00, 0x00, 0x00, 0x00, 0x00, 0x00, 0x00, 0x00, 0x00,
0x00, 0x00, 0x00, 0x00, 0x00, 0x00, 0x00, 0x00, 0x00, 0x00, 0x00, 0x00, 0x00, 0x00, 0x00, 0x00,
0x00, 0x00, 0x00, 0x00, 0x00, 0x00, 0x00, 0x00, 0x00, 0x00, 0x00, 0x00, 0x00, 0x00, 0x00, 0x00,
0x00, 0x00, 0x00, 0x00, 0x00, 0x00, 0x00, 0x00, 0x00, 0x00, 0x00, 0x00, 0x00, 0x00, 0x00, 0x00,
0xff, 0xff, 0xff, 0xff, 0xff, 0xff, 0xff, 0xff, 0xff, 0xff, 0xff, 0xff, 0xff, 0xff, 0xff, 0xff,
0x44, 0x44, 0xef, 0xff, 0x44, 0x44, 0xef, 0xff, 0x44, 0x44, 0xef, 0xff, 0x44, 0x44, 0xef, 0xff,
0x44, 0x44, 0xef, 0xff, 0x44, 0x44, 0xef, 0xff, 0x44, 0x44, 0xef, 0xff, 0x44, 0x44, 0xef, 0xff,
0xff, 0xff, 0xff, 0xff, 0xff, 0xff, 0xff, 0xff, 0xff, 0xff, 0xff, 0xff, 0xff, 0xff, 0xff, 0xff,
0x00, 0x00, 0x00, 0x00, 0x00, 0x00, 0x00, 0x00, 0x00, 0x00, 0x00, 0x00, 0x00, 0x00, 0x00, 0x00,
0x00, 0x00, 0x00, 0x00, 0x00, 0x00, 0x00, 0x00, 0x00, 0x00, 0x00, 0x00, 0x00, 0x00, 0x00, 0x00,
0x00, 0x00, 0x00, 0x00, 0x00, 0x00, 0x00, 0x00, 0x00, 0x00, 0x00, 0x00, 0x00, 0x00, 0x00, 0x00,
0x00, 0x00, 0x00, 0x00, 0x00, 0x00, 0x00, 0x00, 0x00, 0x00, 0x00, 0x00, 0x00, 0x00, 0x00, 0x00,
0x00, 0x00, 0x00, 0x00, 0x00, 0x00, 0x00, 0x00, 0x00, 0x00, 0x00, 0x00, 0x00, 0x00, 0x00, 0x00,
0x00, 0x00, 0x00, 0x00, 0x00, 0x00, 0x00, 0x00, 0x00, 0x00, 0x00, 0x00, 0x00, 0x00, 0x00, 0x00,
0x00, 0x00, 0x00, 0x00, 0x00, 0x00, 0x00, 0x00, 0x00, 0x00, 0x00, 0x00, 0x00, 0x00, 0x00, 0x00,
0x00, 0x00, 0x00, 0x00, 0x00, 0x00, 0x00, 0x00, 0x00, 0x00, 0x00, 0x00, 0x00, 0x00, 0x00, 0x00,
0xff, 0xff, 0xff, 0xff, 0xff, 0xff, 0xff, 0xff, 0xff, 0xff, 0xff, 0xff, 0xff, 0xff, 0xff, 0xff,
0x44, 0x44, 0xef, 0xff, 0x44, 0x44, 0xef, 0xff, 0x44, 0x44, 0xef, 0xff, 0x44, 0x44, 0xef, 0xff,
0x44, 0x44, 0xef, 0xff, 0x44, 0x44, 0xef, 0xff, 0x44, 0x44, 0xef, 0xff, 0x44, 0x44, 0xef, 0xff,
0xff, 0xff, 0xff, 0xff, 0xff, 0xff, 0xff, 0xff, 0xff, 0xff, 0xff, 0xff, 0xff, 0xff, 0xff, 0xff,
0x00, 0x00, 0x00, 0x00, 0x00, 0x00, 0x00, 0x00, 0x00, 0x00, 0x00, 0x00, 0x00, 0x00, 0x00, 0x00,
0x00, 0x00, 0x00, 0x00, 0x00, 0x00, 0x00, 0x00, 0x00, 0x00, 0x00, 0x00, 0x00, 0x00, 0x00, 0x00,
0x00, 0x00, 0x00, 0x00, 0x00, 0x00, 0x00, 0x00, 0x00, 0x00, 0x00, 0x00, 0x00, 0x00, 0x00, 0x00,
0x00, 0x00, 0x00, 0x00, 0x00, 0x00, 0x00, 0x00, 0x00, 0x00, 0x00, 0x00, 0x00, 0x00, 0x00, 0x00,
0x00, 0x00, 0x00, 0x00, 0x00, 0x00, 0x00, 0x00, 0x00, 0x00, 0x00, 0x00, 0x00, 0x00, 0x00, 0x00,
0x00, 0x00, 0x00, 0x00, 0x00, 0x00, 0x00, 0x00, 0x00, 0x00, 0x00, 0x00, 0x00, 0x00, 0x00, 0x00,
0x00, 0x00, 0x00, 0x00, 0x00, 0x00, 0x00, 0x00, 0x00, 0x00, 0x00, 0x00, 0x00, 0x00, 0x00, 0x00,
0x00, 0x00, 0x00, 0x00, 0x00, 0x00, 0x00, 0x00, 0x00, 0x00, 0x00, 0x00, 0x00, 0x00, 0x00, 0x00,
0xff, 0xff, 0xff, 0xff, 0xff, 0xff, 0xff, 0xff, 0xff, 0xff, 0xff, 0xff, 0xff, 0xff, 0xff, 0xff,
0x44, 0x44, 0xef, 0xff, 0x44, 0x44, 0xef, 0xff, 0x44, 0x44, 0xef, 0xff, 0x44, 0x44, 0xef, 0xff,
0x44, 0x44, 0xef, 0xff, 0x44, 0x44, 0xef, 0xff, 0x44, 0x44, 0xef, 0xff, 0x44, 0x44, 0xef, 0xff,
0xff, 0xff, 0xff, 0xff, 0xff, 0xff, 0xff, 0xff, 0xff, 0xff, 0xff, 0xff, 0xff, 0xff, 0xff, 0xff,
0x00, 0x00, 0x00, 0x00, 0x00, 0x00, 0x00, 0x00, 0x00, 0x00, 0x00, 0x00, 0x00, 0x00, 0x00, 0x00,
0x00, 0x00, 0x00, 0x00, 0x00, 0x00, 0x00, 0x00, 0x00, 0x00, 0x00, 0x00, 0x00, 0x00, 0x00, 0x00,
0x00, 0x00, 0x00, 0x00, 0x00, 0x00, 0x00, 0x00, 0x00, 0x00, 0x00, 0x00, 0x00, 0x00, 0x00, 0x00,
0x00, 0x00, 0x00, 0x00, 0x00, 0x00, 0x00, 0x00, 0x00, 0x00, 0x00, 0x00, 0x00, 0x00, 0x00, 0x00,
0x00, 0x00, 0x00, 0x00, 0x00, 0x00, 0x00, 0x00, 0x00, 0x00, 0x00, 0x00, 0x00, 0x00, 0x00, 0x00,
0x00, 0x00, 0x00, 0x00, 0x00, 0x00, 0x00, 0x00, 0x00, 0x00, 0x00, 0x00, 0x00, 0x00, 0x00, 0x00,
0x00, 0x00, 0x00, 0x00, 0x00, 0x00, 0x00, 0x00, 0x00, 0x00, 0x00, 0x00, 0x00, 0x00, 0x00, 0x00,
0x00, 0x00, 0x00, 0x00, 0x00, 0x00, 0x00, 0x00, 0x00, 0x00, 0x00, 0x00, 0x00, 0x00, 0x00, 0x00,
0xff, 0xff, 0xff, 0xff, 0xff, 0xff, 0xff, 0xff, 0xff, 0xff, 0xff, 0xff, 0xff, 0xff, 0xff, 0xff,
0x44, 0x44, 0xef, 0xff, 0x44, 0x44, 0xef, 0xff, 0x44, 0x44, 0xef, 0xff, 0x44, 0x44, 0xef, 0xff,
0x44, 0x44, 0xef, 0xff, 0x44, 0x44, 0xef, 0xff, 0x44, 0x44, 0xef, 0xff, 0x44, 0x44, 0xef, 0xff,
0xff, 0xff, 0xff, 0xff, 0xff, 0xff, 0xff, 0xff, 0xff, 0xff, 0xff, 0xff, 0xff, 0xff, 0xff, 0xff,
0x00, 0x00, 0x00, 0x00, 0x00, 0x00, 0x00, 0x00, 0x00, 0x00, 0x00, 0x00, 0x00, 0x00, 0x00, 0x00,
0x00, 0x00, 0x00, 0x00, 0x00, 0x00, 0x00, 0x00, 0x00, 0x00, 0x00, 0x00, 0x00, 0x00, 0x00, 0x00,
0x00, 0x00, 0x00, 0x00, 0x00, 0x00, 0x00, 0x00, 0x00, 0x00, 0x00, 0x00, 0x00, 0x00, 0x00, 0x00,
0x00, 0x00, 0x00, 0x00, 0x00, 0x00, 0x00, 0x00, 0x00, 0x00, 0x00, 0x00, 0x00, 0x00, 0x00, 0x00,
0x00, 0x00, 0x00, 0x00, 0x00, 0x00, 0x00, 0x00, 0x00, 0x00, 0x00, 0x00, 0x00, 0x00, 0x00, 0x00,
0x00, 0x00, 0x00, 0x00, 0x00, 0x00, 0x00, 0x00, 0x00, 0x00, 0x00, 0x00, 0x00, 0x00, 0x00, 0x00,
0x00, 0x00, 0x00, 0x00, 0x00, 0x00, 0x00, 0x00, 0x00, 0x00, 0x00, 0x00, 0x00, 0x00, 0x00, 0x00,
0x00, 0x00, 0x00, 0x00, 0x00, 0x00, 0x00, 0x00, 0x00, 0x00, 0x00, 0x00, 0x00, 0x00, 0x00, 0x00,
0xff, 0xff, 0xff, 0xff, 0xff, 0xff, 0xff, 0xff, 0xff, 0xff, 0xff, 0xff, 0xff, 0xff, 0xff, 0xff,
0x44, 0x44, 0xef, 0xff, 0x44, 0x44, 0xef, 0xff, 0x44, 0x44, 0xef, 0xff, 0x44, 0x44, 0xef, 0xff,
0x44, 0x44, 0xef, 0xff, 0x44, 0x44, 0xef, 0xff, 0x44, 0x44, 0xef, 0xff, 0x44, 0x44, 0xef, 0xff,
0xff, 0xff, 0xff, 0xff, 0xff, 0xff, 0xff, 0xff, 0xff, 0xff, 0xff, 0xff, 0xff, 0xff, 0xff, 0xff,
0x00, 0x00, 0x00, 0x00, 0x00, 0x00, 0x00, 0x00, 0x00, 0x00, 0x00, 0x00, 0x00, 0x00, 0x00, 0x00,
0x00, 0x00, 0x00, 0x00, 0x00, 0x00, 0x00, 0x00, 0x00, 0x00, 0x00, 0x00, 0x00, 0x00, 0x00, 0x00,
0x00, 0x00, 0x00, 0x00, 0x00, 0x00, 0x00, 0x00, 0x00, 0x00, 0x00, 0x00, 0x00, 0x00, 0x00, 0x00,
0x00, 0x00, 0x00, 0x00, 0x00, 0x00, 0x00, 0x00, 0x00, 0x00, 0x00, 0x00, 0x00, 0x00, 0x00, 0x00,
0x00, 0x00, 0x00, 0x00, 0x00, 0x00, 0x00, 0x00, 0x00, 0x00, 0x00, 0x00, 0x00, 0x00, 0x00, 0x00,
0x00, 0x00, 0x00, 0x00, 0x00, 0x00, 0x00, 0x00, 0x00, 0x00, 0x00, 0x00, 0x00, 0x00, 0x00, 0x00,
0xff, 0xff, 0xff, 0x50, 0xff, 0xff, 0xff, 0xe9, 0xff, 0xff, 0xff, 0xe9, 0xff, 0xff, 0xff, 0x50,
0x00, 0x00, 0x00, 0x00, 0x00, 0x00, 0x00, 0x00, 0x00, 0x00, 0x00, 0x00, 0x00, 0x00, 0x00, 0x00,
0xff, 0xff, 0xff, 0xff, 0xff, 0xff, 0xff, 0xff, 0xff, 0xff, 0xff, 0xff, 0xff, 0xff, 0xff, 0xff,
0x44, 0x44, 0xef, 0xff, 0x44, 0x44, 0xef, 0xff, 0x44, 0x44, 0xef, 0xff, 0x44, 0x44, 0xef, 0xff,
0x44, 0x44, 0xef, 0xff, 0x44, 0x44, 0xef, 0xff, 0x44, 0x44, 0xef, 0xff, 0x44, 0x44, 0xef, 0xff,
0xff, 0xff, 0xff, 0xff, 0xff, 0xff, 0xff, 0xff, 0xff, 0xff, 0xff, 0xff, 0xff, 0xff, 0xff, 0xff,
0x00, 0x00, 0x00, 0x00, 0x00, 0x00, 0x00, 0x00, 0x00, 0x00, 0x00, 0x00, 0x00, 0x00, 0x00, 0x00,
0xff, 0xff, 0xff, 0x50, 0xff, 0xff, 0xff, 0xe9, 0xff, 0xff, 0xff, 0xe9, 0xff, 0xff, 0xff, 0x50,
0x00, 0x00, 0x00, 0x00, 0x00, 0x00, 0x00, 0x00, 0x00, 0x00, 0x00, 0x00, 0x00, 0x00, 0x00, 0x00,
0x00, 0x00, 0x00, 0x00, 0x00, 0x00, 0x00, 0x00, 0x00, 0x00, 0x00, 0x00, 0x00, 0x00, 0x00, 0x00,
0x00, 0x00, 0x00, 0x00, 0x00, 0x00, 0x00, 0x00, 0x00, 0x00, 0x00, 0x00, 0x00, 0x00, 0x00, 0x00,
0x00, 0x00, 0x00, 0x00, 0x00, 0x00, 0x00, 0x00, 0x00, 0x00, 0x00, 0x00, 0x00, 0x00, 0x00, 0x00,
0xff, 0xff, 0xff, 0xe9, 0xff, 0xff, 0xff, 0xff, 0xff, 0xff, 0xff, 0xff, 0xff, 0xff, 0xff, 0xe9,
0x00, 0x00, 0x00, 0x00, 0x00, 0x00, 0x00, 0x00, 0x00, 0x00, 0x00, 0x00, 0x00, 0x00, 0x00, 0x00,
0xff, 0xff, 0xff, 0xff, 0xff, 0xff, 0xff, 0xff, 0xff, 0xff, 0xff, 0xff, 0xff, 0xff, 0xff, 0xff,
0x44, 0x44, 0xef, 0xff, 0x44, 0x44, 0xef, 0xff, 0x44, 0x44, 0xef, 0xff, 0x44, 0x44, 0xef, 0xff,
0x44, 0x44, 0xef, 0xff, 0x44, 0x44, 0xef, 0xff, 0x44, 0x44, 0xef, 0xff, 0x44, 0x44, 0xef, 0xff,
0xff, 0xff, 0xff, 0xff, 0xff, 0xff, 0xff, 0xff, 0xff, 0xff, 0xff, 0xff, 0xff, 0xff, 0xff, 0xff,
0x00, 0x00, 0x00, 0x00, 0x00, 0x00, 0x00, 0x00, 0x00, 0x00, 0x00, 0x00, 0x00, 0x00, 0x00, 0x00,
0xff, 0xff, 0xff, 0xe9, 0xff, 0xff, 0xff, 0xff, 0xff, 0xff, 0xff, 0xff, 0xff, 0xff, 0xff, 0xe9,
0x00, 0x00, 0x00, 0x00, 0x00, 0x00, 0x00, 0x00, 0x00, 0x00, 0x00, 0x00, 0x00, 0x00, 0x00, 0x00,
0x00, 0x00, 0x00, 0x00, 0x00, 0x00, 0x00, 0x00, 0x00, 0x00, 0x00, 0x00, 0x00, 0x00, 0x00, 0x00,
0x00, 0x00, 0x00, 0x00, 0x00, 0x00, 0x00, 0x00, 0x00, 0x00, 0x00, 0x00, 0x00, 0x00, 0x00, 0x00,
0x00, 0x00, 0x00, 0x00, 0x00, 0x00, 0x00, 0x00, 0x00, 0x00, 0x00, 0x00, 0x00, 0x00, 0x00, 0x00,
0xff, 0xff, 0xff, 0xfd, 0xff, 0xff, 0xff, 0xff, 0xff, 0xff, 0xff, 0xff, 0xff, 0xff, 0xff, 0xff,
0xff, 0xff, 0xff, 0x03, 0x00, 0x00, 0x00, 0x00, 0x00, 0x00, 0x00, 0x00, 0x00, 0x00, 0x00, 0x00,
0xff, 0xff, 0xff, 0xff, 0xff, 0xff, 0xff, 0xff, 0xff, 0xff, 0xff, 0xff, 0xff, 0xff, 0xff, 0xff,
0x44, 0x44, 0xef, 0xff, 0x44, 0x44, 0xef, 0xff, 0x44, 0x44, 0xef, 0xff, 0x44, 0x44, 0xef, 0xff,
0x44, 0x44, 0xef, 0xff, 0x44, 0x44, 0xef, 0xff, 0x44, 0x44, 0xef, 0xff, 0x44, 0x44, 0xef, 0xff,
0xff, 0xff, 0xff, 0xff, 0xff, 0xff, 0xff, 0xff, 0xff, 0xff, 0xff, 0xff, 0xff, 0xff, 0xff, 0xff,
0x00, 0x00, 0x00, 0x00, 0x00, 0x00, 0x00, 0x00, 0x00, 0x00, 0x00, 0x00, 0xff, 0xff, 0xff, 0x05,
0xff, 0xff, 0xff, 0xff, 0xff, 0xff, 0xff, 0xff, 0xff, 0xff, 0xff, 0xff, 0xff, 0xff, 0xff, 0xfb,
0x00, 0x00, 0x00, 0x00, 0x00, 0x00, 0x00, 0x00, 0x00, 0x00, 0x00, 0x00, 0x00, 0x00, 0x00, 0x00,
0x00, 0x00, 0x00, 0x00, 0x00, 0x00, 0x00, 0x00, 0x00, 0x00, 0x00, 0x00, 0x00, 0x00, 0x00, 0x00,
0x00, 0x00, 0x00, 0x00, 0x00, 0x00, 0x00, 0x00, 0x00, 0x00, 0x00, 0x00, 0x00, 0x00, 0x00, 0x00,
0x00, 0x00, 0x00, 0x00, 0x00, 0x00, 0x00, 0x00, 0x00, 0x00, 0x00, 0x00, 0x00, 0x00, 0x00, 0x00,
0xff, 0xff, 0xff, 0xed, 0xff, 0xff, 0xff, 0xff, 0xff, 0xff, 0xff, 0xff, 0xff, 0xff, 0xff, 0xff,
0xff, 0xff, 0xff, 0x18, 0x00, 0x00, 0x00, 0x00, 0x00, 0x00, 0x00, 0x00, 0x00, 0x00, 0x00, 0x00,
0xff, 0xff, 0xff, 0xff, 0xff, 0xff, 0xff, 0xff, 0xff, 0xff, 0xff, 0xff, 0xff, 0xff, 0xff, 0xff,
0x44, 0x44, 0xef, 0xff, 0x44, 0x44, 0xef, 0xff, 0x44, 0x44, 0xef, 0xff, 0x44, 0x44, 0xef, 0xff,
0x44, 0x44, 0xef, 0xff, 0x44, 0x44, 0xef, 0xff, 0x44, 0x44, 0xef, 0xff, 0x44, 0x44, 0xef, 0xff,
0xff, 0xff, 0xff, 0xff, 0xff, 0xff, 0xff, 0xff, 0xff, 0xff, 0xff, 0xff, 0xff, 0xff, 0xff, 0xff,
0x00, 0x00, 0x00, 0x00, 0x00, 0x00, 0x00, 0x00, 0x00, 0x00, 0x00, 0x00, 0xff, 0xff, 0xff, 0x1b,
0xff, 0xff, 0xff, 0xff, 0xff, 0xff, 0xff, 0xff, 0xff, 0xff, 0xff, 0xff, 0xff, 0xff, 0xff, 0xea,
0x00, 0x00, 0x00, 0x00, 0x00, 0x00, 0x00, 0x00, 0x00, 0x00, 0x00, 0x00, 0x00, 0x00, 0x00, 0x00,
0x00, 0x00, 0x00, 0x00, 0x00, 0x00, 0x00, 0x00, 0x00, 0x00, 0x00, 0x00, 0x00, 0x00, 0x00, 0x00,
0x00, 0x00, 0x00, 0x00, 0x00, 0x00, 0x00, 0x00, 0x00, 0x00, 0x00, 0x00, 0x00, 0x00, 0x00, 0x00,
0x00, 0x00, 0x00, 0x00, 0x00, 0x00, 0x00, 0x00, 0x00, 0x00, 0x00, 0x00, 0x00, 0x00, 0x00, 0x00,
0xff, 0xff, 0xff, 0xce, 0xff, 0xff, 0xff, 0xff, 0xff, 0xff, 0xff, 0xff, 0xff, 0xff, 0xff, 0xff,
0xff, 0xff, 0xff, 0x42, 0x00, 0x00, 0x00, 0x00, 0x00, 0x00, 0x00, 0x00, 0x00, 0x00, 0x00, 0x00,
0xff, 0xff, 0xff, 0xf1, 0xff, 0xff, 0xff, 0xff, 0xff, 0xff, 0xff, 0xff, 0xff, 0xff, 0xff, 0xff,
0x53, 0x53, 0xf0, 0xff, 0x44, 0x44, 0xef, 0xff, 0x44, 0x44, 0xef, 0xff, 0x44, 0x44, 0xef, 0xff,
0x44, 0x44, 0xef, 0xff, 0x44, 0x44, 0xef, 0xff, 0x44, 0x44, 0xef, 0xff, 0x4e, 0x4e, 0xf0, 0xff,
0xff, 0xff, 0xff, 0xff, 0xff, 0xff, 0xff, 0xff, 0xff, 0xff, 0xff, 0xff, 0xff, 0xff, 0xff, 0xf2,
0x00, 0x00, 0x00, 0x00, 0x00, 0x00, 0x00, 0x00, 0x00, 0x00, 0x00, 0x00, 0xff, 0xff, 0xff, 0x46,
0xff, 0xff, 0xff, 0xff, 0xff, 0xff, 0xff, 0xff, 0xff, 0xff, 0xff, 0xff, 0xff, 0xff, 0xff, 0xca,
0x00, 0x00, 0x00, 0x00, 0x00, 0x00, 0x00, 0x00, 0x00, 0x00, 0x00, 0x00, 0x00, 0x00, 0x00, 0x00,
0x00, 0x00, 0x00, 0x00, 0x00, 0x00, 0x00, 0x00, 0x00, 0x00, 0x00, 0x00, 0x00, 0x00, 0x00, 0x00,
0x00, 0x00, 0x00, 0x00, 0x00, 0x00, 0x00, 0x00, 0x00, 0x00, 0x00, 0x00, 0x00, 0x00, 0x00, 0x00,
0x00, 0x00, 0x00, 0x00, 0x00, 0x00, 0x00, 0x00, 0x00, 0x00, 0x00, 0x00, 0x00, 0x00, 0x00, 0x00,
0xff, 0xff, 0xff, 0x9d, 0xff, 0xff, 0xff, 0xff, 0xff, 0xff, 0xff, 0xff, 0xff, 0xff, 0xff, 0xff,
0xff, 0xff, 0xff, 0x84, 0x00, 0x00, 0x00, 0x00, 0x00, 0x00, 0x00, 0x00, 0x00, 0x00, 0x00, 0x00,
0xff, 0xff, 0xff, 0xcc, 0xff, 0xff, 0xff, 0xff, 0xff, 0xff, 0xff, 0xff, 0xff, 0xff, 0xff, 0xff,
0x95, 0x95, 0xf6, 0xff, 0x44, 0x44, 0xef, 0xff, 0x44, 0x44, 0xef, 0xff, 0x44, 0x44, 0xef, 0xff,
0x44, 0x44, 0xef, 0xff, 0x44, 0x44, 0xef, 0xff, 0x44, 0x44, 0xef, 0xff, 0x80, 0x80, 0xf4, 0xff,
0xff, 0xff, 0xff, 0xff, 0xff, 0xff, 0xff, 0xff, 0xff, 0xff, 0xff, 0xff, 0xff, 0xff, 0xff, 0xd4,
0x00, 0x00, 0x00, 0x00, 0x00, 0x00, 0x00, 0x00, 0x00, 0x00, 0x00, 0x00, 0xff, 0xff, 0xff, 0x89,
0xff, 0xff, 0xff, 0xff, 0xff, 0xff, 0xff, 0xff, 0xff, 0xff, 0xff, 0xff, 0xff, 0xff, 0xff, 0x9a,
0x00, 0x00, 0x00, 0x00, 0x00, 0x00, 0x00, 0x00, 0x00, 0x00, 0x00, 0x00, 0x00, 0x00, 0x00, 0x00,
0x00, 0x00, 0x00, 0x00, 0x00, 0x00, 0x00, 0x00, 0x00, 0x00, 0x00, 0x00, 0x00, 0x00, 0x00, 0x00,
0x00, 0x00, 0x00, 0x00, 0x00, 0x00, 0x00, 0x00, 0x00, 0x00, 0x00, 0x00, 0x00, 0x00, 0x00, 0x00,
0x00, 0x00, 0x00, 0x00, 0x00, 0x00, 0x00, 0x00, 0x00, 0x00, 0x00, 0x00, 0x00, 0x00, 0x00, 0x00,
0xff, 0xff, 0xff, 0x5b, 0xff, 0xff, 0xff, 0xff, 0xff, 0xff, 0xff, 0xff, 0xff, 0xff, 0xff, 0xff,
0xff, 0xff, 0xff, 0xdd, 0xff, 0xff, 0xff, 0x02, 0x00, 0x00, 0x00, 0x00, 0x00, 0x00, 0x00, 0x00,
0xff, 0xff, 0xff, 0x7c, 0xff, 0xff, 0xff, 0xff, 0xff, 0xff, 0xff, 0xff, 0xff, 0xff, 0xff, 0xff,
0xf5, 0xf5, 0xfe, 0xff, 0x65, 0x65, 0xf2, 0xff, 0x44, 0x44, 0xef, 0xff, 0x44, 0x44, 0xef, 0xff,
0x44, 0x44, 0xef, 0xff, 0x44, 0x44, 0xef, 0xff, 0x50, 0x50, 0xf0, 0xff, 0xe3, 0xe3, 0xfd, 0xff,
0xff, 0xff, 0xff, 0xff, 0xff, 0xff, 0xff, 0xff, 0xff, 0xff, 0xff, 0xff, 0xff, 0xff, 0xff, 0x8e,
0x00, 0x00, 0x00, 0x00, 0x00, 0x00, 0x00, 0x00, 0xff, 0xff, 0xff, 0x03, 0xff, 0xff, 0xff, 0xe0,
0xff, 0xff, 0xff, 0xff, 0xff, 0xff, 0xff, 0xff, 0xff, 0xff, 0xff, 0xff, 0xff, 0xff, 0xff, 0x57,
0x00, 0x00, 0x00, 0x00, 0x00, 0x00, 0x00, 0x00, 0x00, 0x00, 0x00, 0x00, 0x00, 0x00, 0x00, 0x00,
0x00, 0x00, 0x00, 0x00, 0x00, 0x00, 0x00, 0x00, 0x00, 0x00, 0x00, 0x00, 0x00, 0x00, 0x00, 0x00,
0x00, 0x00, 0x00, 0x00, 0x00, 0x00, 0x00, 0x00, 0x00, 0x00, 0x00, 0x00, 0x00, 0x00, 0x00, 0x00,
0x00, 0x00, 0x00, 0x00, 0x00, 0x00, 0x00, 0x00, 0x00, 0x00, 0x00, 0x00, 0x00, 0x00, 0x00, 0x00,
0xff, 0xff, 0xff, 0x0f, 0xff, 0xff, 0xff, 0xf7, 0xff, 0xff, 0xff, 0xff, 0xff, 0xff, 0xff, 0xff,
0xff, 0xff, 0xff, 0xff, 0xff, 0xff, 0xff, 0x55, 0x00, 0x00, 0x00, 0x00, 0x00, 0x00, 0x00, 0x00,
0xff, 0xff, 0xff, 0x14, 0xff, 0xff, 0xff, 0xf0, 0xff, 0xff, 0xff, 0xff, 0xff, 0xff, 0xff, 0xff,
0xff, 0xff, 0xff, 0xff, 0xf3, 0xf3, 0xfe, 0xff, 0x91, 0x91, 0xf6, 0xff, 0x51, 0x51, 0xf0, 0xff,
0x4e, 0x4e, 0xf0, 0xff, 0x80, 0x80, 0xf4, 0xff, 0xe3, 0xe3, 0xfd, 0xff, 0xff, 0xff, 0xff, 0xff,
0xff, 0xff, 0xff, 0xff, 0xff, 0xff, 0xff, 0xff, 0xff, 0xff, 0xff, 0xfc, 0xff, 0xff, 0xff, 0x2b,
0x00, 0x00, 0x00, 0x00, 0x00, 0x00, 0x00, 0x00, 0xff, 0xff, 0xff, 0x5a, 0xff, 0xff, 0xff, 0xff,
0xff, 0xff, 0xff, 0xff, 0xff, 0xff, 0xff, 0xff, 0xff, 0xff, 0xff, 0xf4, 0xff, 0xff, 0xff, 0x0d,
0x00, 0x00, 0x00, 0x00, 0x00, 0x00, 0x00, 0x00, 0x00, 0x00, 0x00, 0x00, 0x00, 0x00, 0x00, 0x00,
0x00, 0x00, 0x00, 0x00, 0x00, 0x00, 0x00, 0x00, 0x00, 0x00, 0x00, 0x00, 0x00, 0x00, 0x00, 0x00,
0x00, 0x00, 0x00, 0x00, 0x00, 0x00, 0x00, 0x00, 0x00, 0x00, 0x00, 0x00, 0x00, 0x00, 0x00, 0x00,
0x00, 0x00, 0x00, 0x00, 0x00, 0x00, 0x00, 0x00, 0x00, 0x00, 0x00, 0x00, 0x00, 0x00, 0x00, 0x00,
0x00, 0x00, 0x00, 0x00, 0xff, 0xff, 0xff, 0x9f, 0xff, 0xff, 0xff, 0xff, 0xff, 0xff, 0xff, 0xff,
0xff, 0xff, 0xff, 0xff, 0xff, 0xff, 0xff, 0xde, 0xff, 0xff, 0xff, 0x0c, 0x00, 0x00, 0x00, 0x00,
0x00, 0x00, 0x00, 0x00, 0xff, 0xff, 0xff, 0x63, 0xff, 0xff, 0xff, 0xff, 0xff, 0xff, 0xff, 0xff,
0xff, 0xff, 0xff, 0xff, 0xff, 0xff, 0xff, 0xff, 0xff, 0xff, 0xff, 0xff, 0xff, 0xff, 0xff, 0xff,
0xff, 0xff, 0xff, 0xff, 0xff, 0xff, 0xff, 0xff, 0xff, 0xff, 0xff, 0xff, 0xff, 0xff, 0xff, 0xff,
0xff, 0xff, 0xff, 0xff, 0xff, 0xff, 0xff, 0xff, 0xff, 0xff, 0xff, 0x92, 0x00, 0x00, 0x00, 0x00,
0x00, 0x00, 0x00, 0x00, 0xff, 0xff, 0xff, 0x0d, 0xff, 0xff, 0xff, 0xe1, 0xff, 0xff, 0xff, 0xff,
0xff, 0xff, 0xff, 0xff, 0xff, 0xff, 0xff, 0xff, 0xff, 0xff, 0xff, 0x9a, 0x00, 0x00, 0x00, 0x00,
0x00, 0x00, 0x00, 0x00, 0x00, 0x00, 0x00, 0x00, 0x00, 0x00, 0x00, 0x00, 0x00, 0x00, 0x00, 0x00,
0x00, 0x00, 0x00, 0x00, 0x00, 0x00, 0x00, 0x00, 0x00, 0x00, 0x00, 0x00, 0x00, 0x00, 0x00, 0x00,
0x00, 0x00, 0x00, 0x00, 0x00, 0x00, 0x00, 0x00, 0x00, 0x00, 0x00, 0x00, 0x00, 0x00, 0x00, 0x00,
0x00, 0x00, 0x00, 0x00, 0x00, 0x00, 0x00, 0x00, 0x00, 0x00, 0x00, 0x00, 0x00, 0x00, 0x00, 0x00,
0x00, 0x00, 0x00, 0x00, 0xff, 0xff, 0xff, 0x26, 0xff, 0xff, 0xff, 0xfb, 0xff, 0xff, 0xff, 0xff,
0xff, 0xff, 0xff, 0xff, 0xff, 0xff, 0xff, 0xff, 0xff, 0xff, 0xff, 0xa3, 0xff, 0xff, 0xff, 0x01,
0x00, 0x00, 0x00, 0x00, 0x00, 0x00, 0x00, 0x00, 0xff, 0xff, 0xff, 0x89, 0xff, 0xff, 0xff, 0xff,
0xff, 0xff, 0xff, 0xff, 0xff, 0xff, 0xff, 0xff, 0xff, 0xff, 0xff, 0xff, 0xff, 0xff, 0xff, 0xff,
0xff, 0xff, 0xff, 0xff, 0xff, 0xff, 0xff, 0xff, 0xff, 0xff, 0xff, 0xff, 0xff, 0xff, 0xff, 0xff,
0xff, 0xff, 0xff, 0xff, 0xff, 0xff, 0xff, 0xbc, 0xff, 0xff, 0xff, 0x06, 0x00, 0x00, 0x00, 0x00,
0xff, 0xff, 0xff, 0x01, 0xff, 0xff, 0xff, 0xa8, 0xff, 0xff, 0xff, 0xff, 0xff, 0xff, 0xff, 0xff,
0xff, 0xff, 0xff, 0xff, 0xff, 0xff, 0xff, 0xf9, 0xff, 0xff, 0xff, 0x22, 0x00, 0x00, 0x00, 0x00,
0x00, 0x00, 0x00, 0x00, 0x00, 0x00, 0x00, 0x00, 0x00, 0x00, 0x00, 0x00, 0x00, 0x00, 0x00, 0x00,
0x00, 0x00, 0x00, 0x00, 0x00, 0x00, 0x00, 0x00, 0x00, 0x00, 0x00, 0x00, 0x00, 0x00, 0x00, 0x00,
0x00, 0x00, 0x00, 0x00, 0x00, 0x00, 0x00, 0x00, 0x00, 0x00, 0x00, 0x00, 0x00, 0x00, 0x00, 0x00,
0x00, 0x00, 0x00, 0x00, 0x00, 0x00, 0x00, 0x00, 0x00, 0x00, 0x00, 0x00, 0x00, 0x00, 0x00, 0x00,
0x00, 0x00, 0x00, 0x00, 0x00, 0x00, 0x00, 0x00, 0xff, 0xff, 0xff, 0x8d, 0xff, 0xff, 0xff, 0xff,
0xff, 0xff, 0xff, 0xff, 0xff, 0xff, 0xff, 0xff, 0xff, 0xff, 0xff, 0xff, 0xff, 0xff, 0xff, 0x8a,
0xff, 0xff, 0xff, 0x01, 0x00, 0x00, 0x00, 0x00, 0x00, 0x00, 0x00, 0x00, 0xff, 0xff, 0xff, 0x69,
0xff, 0xff, 0xff, 0xf2, 0xff, 0xff, 0xff, 0xff, 0xff, 0xff, 0xff, 0xff, 0xff, 0xff, 0xff, 0xff,
0xff, 0xff, 0xff, 0xff, 0xff, 0xff, 0xff, 0xff, 0xff, 0xff, 0xff, 0xff, 0xff, 0xff, 0xff, 0xfc,
0xff, 0xff, 0xff, 0x92, 0xff, 0xff, 0xff, 0x06, 0x00, 0x00, 0x00, 0x00, 0xff, 0xff, 0xff, 0x01,
0xff, 0xff, 0xff, 0x8f, 0xff, 0xff, 0xff, 0xff, 0xff, 0xff, 0xff, 0xff, 0xff, 0xff, 0xff, 0xff,
0xff, 0xff, 0xff, 0xff, 0xff, 0xff, 0xff, 0x88, 0x00, 0x00, 0x00, 0x00, 0x00, 0x00, 0x00, 0x00,
0x00, 0x00, 0x00, 0x00, 0x00, 0x00, 0x00, 0x00, 0x00, 0x00, 0x00, 0x00, 0x00, 0x00, 0x00, 0x00,
0x00, 0x00, 0x00, 0x00, 0x00, 0x00, 0x00, 0x00, 0x00, 0x00, 0x00, 0x00, 0x00, 0x00, 0x00, 0x00,
0x00, 0x00, 0x00, 0x00, 0x00, 0x00, 0x00, 0x00, 0x00, 0x00, 0x00, 0x00, 0x00, 0x00, 0x00, 0x00,
0x00, 0x00, 0x00, 0x00, 0x00, 0x00, 0x00, 0x00, 0x00, 0x00, 0x00, 0x00, 0x00, 0x00, 0x00, 0x00,
0x00, 0x00, 0x00, 0x00, 0x00, 0x00, 0x00, 0x00, 0xff, 0xff, 0xff, 0x0a, 0xff, 0xff, 0xff, 0xd4,
0xff, 0xff, 0xff, 0xff, 0xff, 0xff, 0xff, 0xff, 0xff, 0xff, 0xff, 0xff, 0xff, 0xff, 0xff, 0xff,
0xff, 0xff, 0xff, 0xa4, 0xff, 0xff, 0xff, 0x0c, 0x00, 0x00, 0x00, 0x00, 0x00, 0x00, 0x00, 0x00,
0xff, 0xff, 0xff, 0x1a, 0xff, 0xff, 0xff, 0x7e, 0xff, 0xff, 0xff, 0xcd, 0xff, 0xff, 0xff, 0xef,
0xff, 0xff, 0xff, 0xf3, 0xff, 0xff, 0xff, 0xd3, 0xff, 0xff, 0xff, 0x8e, 0xff, 0xff, 0xff, 0x2b,
0x00, 0x00, 0x00, 0x00, 0x00, 0x00, 0x00, 0x00, 0xff, 0xff, 0xff, 0x0d, 0xff, 0xff, 0xff, 0xa8,
0xff, 0xff, 0xff, 0xff, 0xff, 0xff, 0xff, 0xff, 0xff, 0xff, 0xff, 0xff, 0xff, 0xff, 0xff, 0xff,
0xff, 0xff, 0xff, 0xd0, 0xff, 0xff, 0xff, 0x08, 0x00, 0x00, 0x00, 0x00, 0x00, 0x00, 0x00, 0x00,
0x00, 0x00, 0x00, 0x00, 0x00, 0x00, 0x00, 0x00, 0x00, 0x00, 0x00, 0x00, 0x00, 0x00, 0x00, 0x00,
0x00, 0x00, 0x00, 0x00, 0x00, 0x00, 0x00, 0x00, 0x00, 0x00, 0x00, 0x00, 0x00, 0x00, 0x00, 0x00,
0x00, 0x00, 0x00, 0x00, 0x00, 0x00, 0x00, 0x00, 0x00, 0x00, 0x00, 0x00, 0x00, 0x00, 0x00, 0x00,
0x00, 0x00, 0x00, 0x00, 0x00, 0x00, 0x00, 0x00, 0x00, 0x00, 0x00, 0x00, 0x00, 0x00, 0x00, 0x00,
0x00, 0x00, 0x00, 0x00, 0x00, 0x00, 0x00, 0x00, 0x00, 0x00, 0x00, 0x00, 0xff, 0xff, 0xff, 0x24,
0xff, 0xff, 0xff, 0xeb, 0xff, 0xff, 0xff, 0xff, 0xff, 0xff, 0xff, 0xff, 0xff, 0xff, 0xff, 0xff,
0xff, 0xff, 0xff, 0xff, 0xff, 0xff, 0xff, 0xdf, 0xff, 0xff, 0xff, 0x58, 0xff, 0xff, 0xff, 0x02,
0x00, 0x00, 0x00, 0x00, 0x00, 0x00, 0x00, 0x00, 0x00, 0x00, 0x00, 0x00, 0x00, 0x00, 0x00, 0x00,
0x00, 0x00, 0x00, 0x00, 0x00, 0x00, 0x00, 0x00, 0x00, 0x00, 0x00, 0x00, 0x00, 0x00, 0x00, 0x00,
0xff, 0xff, 0xff, 0x03, 0xff, 0xff, 0xff, 0x5b, 0xff, 0xff, 0xff, 0xe1, 0xff, 0xff, 0xff, 0xff,
0xff, 0xff, 0xff, 0xff, 0xff, 0xff, 0xff, 0xff, 0xff, 0xff, 0xff, 0xff, 0xff, 0xff, 0xff, 0xe9,
0xff, 0xff, 0xff, 0x22, 0x00, 0x00, 0x00, 0x00, 0x00, 0x00, 0x00, 0x00, 0x00, 0x00, 0x00, 0x00,
0x00, 0x00, 0x00, 0x00, 0x00, 0x00, 0x00, 0x00, 0x00, 0x00, 0x00, 0x00, 0x00, 0x00, 0x00, 0x00,
0x00, 0x00, 0x00, 0x00, 0x00, 0x00, 0x00, 0x00, 0x00, 0x00, 0x00, 0x00, 0x00, 0x00, 0x00, 0x00,
0x00, 0x00, 0x00, 0x00, 0x00, 0x00, 0x00, 0x00, 0x00, 0x00, 0x00, 0x00, 0x00, 0x00, 0x00, 0x00,
0x00, 0x00, 0x00, 0x00, 0x00, 0x00, 0x00, 0x00, 0x00, 0x00, 0x00, 0x00, 0x00, 0x00, 0x00, 0x00,
0x00, 0x00, 0x00, 0x00, 0x00, 0x00, 0x00, 0x00, 0x00, 0x00, 0x00, 0x00, 0x00, 0x00, 0x00, 0x00,
0xff, 0xff, 0xff, 0x31, 0xff, 0xff, 0xff, 0xeb, 0xff, 0xff, 0xff, 0xff, 0xff, 0xff, 0xff, 0xff,
0xff, 0xff, 0xff, 0xff, 0xff, 0xff, 0xff, 0xff, 0xff, 0xff, 0xff, 0xff, 0xff, 0xff, 0xff, 0xdf,
0xff, 0xff, 0xff, 0x87, 0xff, 0xff, 0xff, 0x45, 0xff, 0xff, 0xff, 0x1a, 0xff, 0xff, 0xff, 0x03,
0xff, 0xff, 0xff, 0x04, 0xff, 0xff, 0xff, 0x1b, 0xff, 0xff, 0xff, 0x46, 0xff, 0xff, 0xff, 0x89,
0xff, 0xff, 0xff, 0xe0, 0xff, 0xff, 0xff, 0xff, 0xff, 0xff, 0xff, 0xff, 0xff, 0xff, 0xff, 0xff,
0xff, 0xff, 0xff, 0xff, 0xff, 0xff, 0xff, 0xff, 0xff, 0xff, 0xff, 0xe9, 0xff, 0xff, 0xff, 0x2f,
0x00, 0x00, 0x00, 0x00, 0x00, 0x00, 0x00, 0x00, 0x00, 0x00, 0x00, 0x00, 0x00, 0x00, 0x00, 0x00,
0x00, 0x00, 0x00, 0x00, 0x00, 0x00, 0x00, 0x00, 0x00, 0x00, 0x00, 0x00, 0x00, 0x00, 0x00, 0x00,
0x00, 0x00, 0x00, 0x00, 0x00, 0x00, 0x00, 0x00, 0x00, 0x00, 0x00, 0x00, 0x00, 0x00, 0x00, 0x00,
0x00, 0x00, 0x00, 0x00, 0x00, 0x00, 0x00, 0x00, 0x00, 0x00, 0x00, 0x00, 0x00, 0x00, 0x00, 0x00,
0x00, 0x00, 0x00, 0x00, 0x00, 0x00, 0x00, 0x00, 0x00, 0x00, 0x00, 0x00, 0x00, 0x00, 0x00, 0x00,
0x00, 0x00, 0x00, 0x00, 0x00, 0x00, 0x00, 0x00, 0x00, 0x00, 0x00, 0x00, 0x00, 0x00, 0x00, 0x00,
0x00, 0x00, 0x00, 0x00, 0xff, 0xff, 0xff, 0x24, 0xff, 0xff, 0xff, 0xd3, 0xff, 0xff, 0xff, 0xff,
0xff, 0xff, 0xff, 0xff, 0xff, 0xff, 0xff, 0xff, 0xff, 0xff, 0xff, 0xff, 0xff, 0xff, 0xff, 0xff,
0xff, 0xff, 0xff, 0xff, 0xff, 0xff, 0xff, 0xff, 0xff, 0xff, 0xff, 0xff, 0xff, 0xff, 0xff, 0xff,
0xff, 0xff, 0xff, 0xff, 0xff, 0xff, 0xff, 0xff, 0xff, 0xff, 0xff, 0xff, 0xff, 0xff, 0xff, 0xff,
0xff, 0xff, 0xff, 0xff, 0xff, 0xff, 0xff, 0xff, 0xff, 0xff, 0xff, 0xff, 0xff, 0xff, 0xff, 0xff,
0xff, 0xff, 0xff, 0xff, 0xff, 0xff, 0xff, 0xd0, 0xff, 0xff, 0xff, 0x22, 0x00, 0x00, 0x00, 0x00,
0x00, 0x00, 0x00, 0x00, 0x00, 0x00, 0x00, 0x00, 0x00, 0x00, 0x00, 0x00, 0x00, 0x00, 0x00, 0x00,
0x00, 0x00, 0x00, 0x00, 0x00, 0x00, 0x00, 0x00, 0x00, 0x00, 0x00, 0x00, 0x00, 0x00, 0x00, 0x00,
0x00, 0x00, 0x00, 0x00, 0x00, 0x00, 0x00, 0x00, 0x00, 0x00, 0x00, 0x00, 0x00, 0x00, 0x00, 0x00,
0x00, 0x00, 0x00, 0x00, 0x00, 0x00, 0x00, 0x00, 0x00, 0x00, 0x00, 0x00, 0x00, 0x00, 0x00, 0x00,
0x00, 0x00, 0x00, 0x00, 0x00, 0x00, 0x00, 0x00, 0x00, 0x00, 0x00, 0x00, 0x00, 0x00, 0x00, 0x00,
0x00, 0x00, 0x00, 0x00, 0x00, 0x00, 0x00, 0x00, 0x00, 0x00, 0x00, 0x00, 0x00, 0x00, 0x00, 0x00,
0x00, 0x00, 0x00, 0x00, 0x00, 0x00, 0x00, 0x00, 0xff, 0xff, 0xff, 0x09, 0xff, 0xff, 0xff, 0x8c,
0xff, 0xff, 0xff, 0xfa, 0xff, 0xff, 0xff, 0xff, 0xff, 0xff, 0xff, 0xff, 0xff, 0xff, 0xff, 0xff,
0xff, 0xff, 0xff, 0xff, 0xff, 0xff, 0xff, 0xff, 0xff, 0xff, 0xff, 0xff, 0xff, 0xff, 0xff, 0xff,
0xff, 0xff, 0xff, 0xff, 0xff, 0xff, 0xff, 0xff, 0xff, 0xff, 0xff, 0xff, 0xff, 0xff, 0xff, 0xff,
0xff, 0xff, 0xff, 0xff, 0xff, 0xff, 0xff, 0xff, 0xff, 0xff, 0xff, 0xff, 0xff, 0xff, 0xff, 0xf9,
0xff, 0xff, 0xff, 0x87, 0xff, 0xff, 0xff, 0x08, 0x00, 0x00, 0x00, 0x00, 0x00, 0x00, 0x00, 0x00,
0x00, 0x00, 0x00, 0x00, 0x00, 0x00, 0x00, 0x00, 0x00, 0x00, 0x00, 0x00, 0x00, 0x00, 0x00, 0x00,
0x00, 0x00, 0x00, 0x00, 0x00, 0x00, 0x00, 0x00, 0x00, 0x00, 0x00, 0x00, 0x00, 0x00, 0x00, 0x00,
0x00, 0x00, 0x00, 0x00, 0x00, 0x00, 0x00, 0x00, 0x00, 0x00, 0x00, 0x00, 0x00, 0x00, 0x00, 0x00,
0x00, 0x00, 0x00, 0x00, 0x00, 0x00, 0x00, 0x00, 0x00, 0x00, 0x00, 0x00, 0x00, 0x00, 0x00, 0x00,
0x00, 0x00, 0x00, 0x00, 0x00, 0x00, 0x00, 0x00, 0x00, 0x00, 0x00, 0x00, 0x00, 0x00, 0x00, 0x00,
0x00, 0x00, 0x00, 0x00, 0x00, 0x00, 0x00, 0x00, 0x00, 0x00, 0x00, 0x00, 0x00, 0x00, 0x00, 0x00,
0x00, 0x00, 0x00, 0x00, 0x00, 0x00, 0x00, 0x00, 0x00, 0x00, 0x00, 0x00, 0x00, 0x00, 0x00, 0x00,
0xff, 0xff, 0xff, 0x25, 0xff, 0xff, 0xff, 0x9c, 0xff, 0xff, 0xff, 0xf6, 0xff, 0xff, 0xff, 0xff,
0xff, 0xff, 0xff, 0xff, 0xff, 0xff, 0xff, 0xff, 0xff, 0xff, 0xff, 0xff, 0xff, 0xff, 0xff, 0xff,
0xff, 0xff, 0xff, 0xff, 0xff, 0xff, 0xff, 0xff, 0xff, 0xff, 0xff, 0xff, 0xff, 0xff, 0xff, 0xff,
0xff, 0xff, 0xff, 0xff, 0xff, 0xff, 0xff, 0xf4, 0xff, 0xff, 0xff, 0x9a, 0xff, 0xff, 0xff, 0x22,
0x00, 0x00, 0x00, 0x00, 0x00, 0x00, 0x00, 0x00, 0x00, 0x00, 0x00, 0x00, 0x00, 0x00, 0x00, 0x00,
0x00, 0x00, 0x00, 0x00, 0x00, 0x00, 0x00, 0x00, 0x00, 0x00, 0x00, 0x00, 0x00, 0x00, 0x00, 0x00,
0x00, 0x00, 0x00, 0x00, 0x00, 0x00, 0x00, 0x00, 0x00, 0x00, 0x00, 0x00, 0x00, 0x00, 0x00, 0x00,
0x00, 0x00, 0x00, 0x00, 0x00, 0x00, 0x00, 0x00, 0x00, 0x00, 0x00, 0x00, 0x00, 0x00, 0x00, 0x00,
0x00, 0x00, 0x00, 0x00, 0x00, 0x00, 0x00, 0x00, 0x00, 0x00, 0x00, 0x00, 0x00, 0x00, 0x00, 0x00,
0x00, 0x00, 0x00, 0x00, 0x00, 0x00, 0x00, 0x00, 0x00, 0x00, 0x00, 0x00, 0x00, 0x00, 0x00, 0x00,
0x00, 0x00, 0x00, 0x00, 0x00, 0x00, 0x00, 0x00, 0x00, 0x00, 0x00, 0x00, 0x00, 0x00, 0x00, 0x00,
0x00, 0x00, 0x00, 0x00, 0x00, 0x00, 0x00, 0x00, 0x00, 0x00, 0x00, 0x00, 0x00, 0x00, 0x00, 0x00,
0x00, 0x00, 0x00, 0x00, 0x00, 0x00, 0x00, 0x00, 0xff, 0xff, 0xff, 0x0e, 0xff, 0xff, 0xff, 0x58,
0xff, 0xff, 0xff, 0x9b, 0xff, 0xff, 0xff, 0xcc, 0xff, 0xff, 0xff, 0xff, 0xff, 0xff, 0xff, 0xff,
0xff, 0xff, 0xff, 0xff, 0xff, 0xff, 0xff, 0xff, 0xff, 0xff, 0xff, 0xcb, 0xff, 0xff, 0xff, 0x99,
0xff, 0xff, 0xff, 0x57, 0xff, 0xff, 0xff, 0x0d, 0x00, 0x00, 0x00, 0x00, 0x00, 0x00, 0x00, 0x00,
0x00, 0x00, 0x00, 0x00, 0x00, 0x00, 0x00, 0x00, 0x00, 0x00, 0x00, 0x00, 0x00, 0x00, 0x00, 0x00,
0x00, 0x00, 0x00, 0x00, 0x00, 0x00, 0x00, 0x00, 0x00, 0x00, 0x00, 0x00, 0x00, 0x00, 0x00, 0x00,
0x00, 0x00, 0x00, 0x00, 0x00, 0x00, 0x00, 0x00, 0x00, 0x00, 0x00, 0x00, 0x00, 0x00, 0x00, 0x00,
0x00, 0x00, 0x00, 0x00, 0x00, 0x00, 0x00, 0x00, 0x00, 0x00, 0x00, 0x00, 0x00, 0x00, 0x00, 0x00,
0x00, 0x00, 0x00, 0x00, 0x00, 0x00, 0x00, 0x00, 0x00, 0x00, 0x00, 0x00, 0x00, 0x00, 0x00, 0x00,
0x00, 0x00, 0x00, 0x00, 0x00, 0x00, 0x00, 0x00, 0x00, 0x00, 0x00, 0x00, 0x00, 0x00, 0x00, 0x00,
0x00, 0x00, 0x00, 0x00, 0x00, 0x00, 0x00, 0x00, 0x00, 0x00, 0x00, 0x00, 0x00, 0x00, 0x00, 0x00,
0x00, 0x00, 0x00, 0x00, 0x00, 0x00, 0x00, 0x00, 0x00, 0x00, 0x00, 0x00, 0x00, 0x00, 0x00, 0x00,
0x00, 0x00, 0x00, 0x00, 0x00, 0x00, 0x00, 0x00, 0x00, 0x00, 0x00, 0x00, 0x00, 0x00, 0x00, 0x00,
0x00, 0x00, 0x00, 0x00, 0x00, 0x00, 0x00, 0x00, 0xff, 0xff, 0xff, 0xff, 0xff, 0xff, 0xff, 0xff,
0xff, 0xff, 0xff, 0xff, 0xff, 0xff, 0xff, 0xff, 0x00, 0x00, 0x00, 0x00, 0x00, 0x00, 0x00, 0x00,
0x00, 0x00, 0x00, 0x00, 0x00, 0x00, 0x00, 0x00, 0x00, 0x00, 0x00, 0x00, 0x00, 0x00, 0x00, 0x00,
0x00, 0x00, 0x00, 0x00, 0x00, 0x00, 0x00, 0x00, 0x00, 0x00, 0x00, 0x00, 0x00, 0x00, 0x00, 0x00,
0x00, 0x00, 0x00, 0x00, 0x00, 0x00, 0x00, 0x00, 0x00, 0x00, 0x00, 0x00, 0x00, 0x00, 0x00, 0x00,
0x00, 0x00, 0x00, 0x00, 0x00, 0x00, 0x00, 0x00, 0x00, 0x00, 0x00, 0x00, 0x00, 0x00, 0x00, 0x00,
0x00, 0x00, 0x00, 0x00, 0x00, 0x00, 0x00, 0x00, 0x00, 0x00, 0x00, 0x00, 0x00, 0x00, 0x00, 0x00,
0x00, 0x00, 0x00, 0x00, 0x00, 0x00, 0x00, 0x00, 0x00, 0x00, 0x00, 0x00, 0x00, 0x00, 0x00, 0x00,
0x00, 0x00, 0x00, 0x00, 0x00, 0x00, 0x00, 0x00, 0x00, 0x00, 0x00, 0x00, 0x00, 0x00, 0x00, 0x00,
0x00, 0x00, 0x00, 0x00, 0x00, 0x00, 0x00, 0x00, 0x00, 0x00, 0x00, 0x00, 0x00, 0x00, 0x00, 0x00,
0x00, 0x00, 0x00, 0x00, 0x00, 0x00, 0x00, 0x00, 0x00, 0x00, 0x00, 0x00, 0x00, 0x00, 0x00, 0x00,
0x00, 0x00, 0x00, 0x00, 0x00, 0x00, 0x00, 0x00, 0x00, 0x00, 0x00, 0x00, 0x00, 0x00, 0x00, 0x00,
0x00, 0x00, 0x00, 0x00, 0x00, 0x00, 0x00, 0x00, 0xff, 0xff, 0xff, 0xff, 0xff, 0xff, 0xff, 0xff,
0xff, 0xff, 0xff, 0xff, 0xff, 0xff, 0xff, 0xff, 0x00, 0x00, 0x00, 0x00, 0x00, 0x00, 0x00, 0x00,
0x00, 0x00, 0x00, 0x00, 0x00, 0x00, 0x00, 0x00, 0x00, 0x00, 0x00, 0x00, 0x00, 0x00, 0x00, 0x00,
0x00, 0x00, 0x00, 0x00, 0x00, 0x00, 0x00, 0x00, 0x00, 0x00, 0x00, 0x00, 0x00, 0x00, 0x00, 0x00,
0x00, 0x00, 0x00, 0x00, 0x00, 0x00, 0x00, 0x00, 0x00, 0x00, 0x00, 0x00, 0x00, 0x00, 0x00, 0x00,
0x00, 0x00, 0x00, 0x00, 0x00, 0x00, 0x00, 0x00, 0x00, 0x00, 0x00, 0x00, 0x00, 0x00, 0x00, 0x00,
0x00, 0x00, 0x00, 0x00, 0x00, 0x00, 0x00, 0x00, 0x00, 0x00, 0x00, 0x00, 0x00, 0x00, 0x00, 0x00,
0x00, 0x00, 0x00, 0x00, 0x00, 0x00, 0x00, 0x00, 0x00, 0x00, 0x00, 0x00, 0x00, 0x00, 0x00, 0x00,
0x00, 0x00, 0x00, 0x00, 0x00, 0x00, 0x00, 0x00, 0x00, 0x00, 0x00, 0x00, 0x00, 0x00, 0x00, 0x00,
0x00, 0x00, 0x00, 0x00, 0x00, 0x00, 0x00, 0x00, 0x00, 0x00, 0x00, 0x00, 0x00, 0x00, 0x00, 0x00,
0x00, 0x00, 0x00, 0x00, 0x00, 0x00, 0x00, 0x00, 0x00, 0x00, 0x00, 0x00, 0x00, 0x00, 0x00, 0x00,
0x00, 0x00, 0x00, 0x00, 0x00, 0x00, 0x00, 0x00, 0x00, 0x00, 0x00, 0x00, 0x00, 0x00, 0x00, 0x00,
0x00, 0x00, 0x00, 0x00, 0x00, 0x00, 0x00, 0x00, 0xff, 0xff, 0xff, 0xff, 0xff, 0xff, 0xff, 0xff,
0xff, 0xff, 0xff, 0xff, 0xff, 0xff, 0xff, 0xff, 0x00, 0x00, 0x00, 0x00, 0x00, 0x00, 0x00, 0x00,
0x00, 0x00, 0x00, 0x00, 0x00, 0x00, 0x00, 0x00, 0x00, 0x00, 0x00, 0x00, 0x00, 0x00, 0x00, 0x00,
0x00, 0x00, 0x00, 0x00, 0x00, 0x00, 0x00, 0x00, 0x00, 0x00, 0x00, 0x00, 0x00, 0x00, 0x00, 0x00,
0x00, 0x00, 0x00, 0x00, 0x00, 0x00, 0x00, 0x00, 0x00, 0x00, 0x00, 0x00, 0x00, 0x00, 0x00, 0x00,
0x00, 0x00, 0x00, 0x00, 0x00, 0x00, 0x00, 0x00, 0x00, 0x00, 0x00, 0x00, 0x00, 0x00, 0x00, 0x00,
0x00, 0x00, 0x00, 0x00, 0x00, 0x00, 0x00, 0x00, 0x00, 0x00, 0x00, 0x00, 0x00, 0x00, 0x00, 0x00,
0x00, 0x00, 0x00, 0x00, 0x00, 0x00, 0x00, 0x00, 0x00, 0x00, 0x00, 0x00, 0x00, 0x00, 0x00, 0x00,
0x00, 0x00, 0x00, 0x00, 0x00, 0x00, 0x00, 0x00, 0x00, 0x00, 0x00, 0x00, 0x00, 0x00, 0x00, 0x00,
0x00, 0x00, 0x00, 0x00, 0x00, 0x00, 0x00, 0x00, 0x00, 0x00, 0x00, 0x00, 0x00, 0x00, 0x00, 0x00,
0x00, 0x00, 0x00, 0x00, 0x00, 0x00, 0x00, 0x00, 0x00, 0x00, 0x00, 0x00, 0x00, 0x00, 0x00, 0x00,
0x00, 0x00, 0x00, 0x00, 0x00, 0x00, 0x00, 0x00, 0x00, 0x00, 0x00, 0x00, 0x00, 0x00, 0x00, 0x00,
0x00, 0x00, 0x00, 0x00, 0x00, 0x00, 0x00, 0x00, 0xff, 0xff, 0xff, 0xff, 0xff, 0xff, 0xff, 0xff,
0xff, 0xff, 0xff, 0xff, 0xff, 0xff, 0xff, 0xff, 0x00, 0x00, 0x00, 0x00, 0x00, 0x00, 0x00, 0x00,
0x00, 0x00, 0x00, 0x00, 0x00, 0x00, 0x00, 0x00, 0x00, 0x00, 0x00, 0x00, 0x00, 0x00, 0x00, 0x00,
0x00, 0x00, 0x00, 0x00, 0x00, 0x00, 0x00, 0x00, 0x00, 0x00, 0x00, 0x00, 0x00, 0x00, 0x00, 0x00,
0x00, 0x00, 0x00, 0x00, 0x00, 0x00, 0x00, 0x00, 0x00, 0x00, 0x00, 0x00, 0x00, 0x00, 0x00, 0x00,
0x00, 0x00, 0x00, 0x00, 0x00, 0x00, 0x00, 0x00, 0x00, 0x00, 0x00, 0x00, 0x00, 0x00, 0x00, 0x00,
0x00, 0x00, 0x00, 0x00, 0x00, 0x00, 0x00, 0x00, 0x00, 0x00, 0x00, 0x00, 0x00, 0x00, 0x00, 0x00,
0x00, 0x00, 0x00, 0x00, 0x00, 0x00, 0x00, 0x00, 0x00, 0x00, 0x00, 0x00, 0x00, 0x00, 0x00, 0x00,
0x00, 0x00, 0x00, 0x00, 0x00, 0x00, 0x00, 0x00, 0x00, 0x00, 0x00, 0x00, 0x00, 0x00, 0x00, 0x00,
0x00, 0x00, 0x00, 0x00, 0x00, 0x00, 0x00, 0x00, 0x00, 0x00, 0x00, 0x00, 0x00, 0x00, 0x00, 0x00,
0x00, 0x00, 0x00, 0x00, 0x00, 0x00, 0x00, 0x00, 0xff, 0xff, 0xff, 0x4c, 0xff, 0xff, 0xff, 0xe5,
0xff, 0xff, 0xff, 0xff, 0xff, 0xff, 0xff, 0xff, 0xff, 0xff, 0xff, 0xff, 0xff, 0xff, 0xff, 0xff,
0xff, 0xff, 0xff, 0xff, 0xff, 0xff, 0xff, 0xff, 0xff, 0xff, 0xff, 0xff, 0xff, 0xff, 0xff, 0xff,
0xff, 0xff, 0xff, 0xff, 0xff, 0xff, 0xff, 0xff, 0xff, 0xff, 0xff, 0xff, 0xff, 0xff, 0xff, 0xff,
0xff, 0xff, 0xff, 0xff, 0xff, 0xff, 0xff, 0xff, 0xff, 0xff, 0xff, 0xff, 0xff, 0xff, 0xff, 0xff,
0xff, 0xff, 0xff, 0xe5, 0xff, 0xff, 0xff, 0x4c, 0x00, 0x00, 0x00, 0x00, 0x00, 0x00, 0x00, 0x00,
0x00, 0x00, 0x00, 0x00, 0x00, 0x00, 0x00, 0x00, 0x00, 0x00, 0x00, 0x00, 0x00, 0x00, 0x00, 0x00,
0x00, 0x00, 0x00, 0x00, 0x00, 0x00, 0x00, 0x00, 0x00, 0x00, 0x00, 0x00, 0x00, 0x00, 0x00, 0x00,
0x00, 0x00, 0x00, 0x00, 0x00, 0x00, 0x00, 0x00, 0x00, 0x00, 0x00, 0x00, 0x00, 0x00, 0x00, 0x00,
0x00, 0x00, 0x00, 0x00, 0x00, 0x00, 0x00, 0x00, 0x00, 0x00, 0x00, 0x00, 0x00, 0x00, 0x00, 0x00,
0x00, 0x00, 0x00, 0x00, 0x00, 0x00, 0x00, 0x00, 0x00, 0x00, 0x00, 0x00, 0x00, 0x00, 0x00, 0x00,
0x00, 0x00, 0x00, 0x00, 0x00, 0x00, 0x00, 0x00, 0x00, 0x00, 0x00, 0x00, 0x00, 0x00, 0x00, 0x00,
0x00, 0x00, 0x00, 0x00, 0x00, 0x00, 0x00, 0x00, 0xff, 0xff, 0xff, 0xe4, 0xff, 0xff, 0xff, 0xff,
0xff, 0xff, 0xff, 0xff, 0xff, 0xff, 0xff, 0xff, 0xff, 0xff, 0xff, 0xff, 0xff, 0xff, 0xff, 0xff,
0xff, 0xff, 0xff, 0xff, 0xff, 0xff, 0xff, 0xff, 0xff, 0xff, 0xff, 0xff, 0xff, 0xff, 0xff, 0xff,
0xff, 0xff, 0xff, 0xff, 0xff, 0xff, 0xff, 0xff, 0xff, 0xff, 0xff, 0xff, 0xff, 0xff, 0xff, 0xff,
0xff, 0xff, 0xff, 0xff, 0xff, 0xff, 0xff, 0xff, 0xff, 0xff, 0xff, 0xff, 0xff, 0xff, 0xff, 0xff,
0xff, 0xff, 0xff, 0xff, 0xff, 0xff, 0xff, 0xe4, 0x00, 0x00, 0x00, 0x00, 0x00, 0x00, 0x00, 0x00,
0x00, 0x00, 0x00, 0x00, 0x00, 0x00, 0x00, 0x00, 0x00, 0x00, 0x00, 0x00, 0x00, 0x00, 0x00, 0x00,
0x00, 0x00, 0x00, 0x00, 0x00, 0x00, 0x00, 0x00, 0x00, 0x00, 0x00, 0x00, 0x00, 0x00, 0x00, 0x00,
0x00, 0x00, 0x00, 0x00, 0x00, 0x00, 0x00, 0x00, 0x00, 0x00, 0x00, 0x00, 0x00, 0x00, 0x00, 0x00,
0x00, 0x00, 0x00, 0x00, 0x00, 0x00, 0x00, 0x00, 0x00, 0x00, 0x00, 0x00, 0x00, 0x00, 0x00, 0x00,
0x00, 0x00, 0x00, 0x00, 0x00, 0x00, 0x00, 0x00, 0x00, 0x00, 0x00, 0x00, 0x00, 0x00, 0x00, 0x00,
0x00, 0x00, 0x00, 0x00, 0x00, 0x00, 0x00, 0x00, 0x00, 0x00, 0x00, 0x00, 0x00, 0x00, 0x00, 0x00,
0x00, 0x00, 0x00, 0x00, 0x00, 0x00, 0x00, 0x00, 0xff, 0xff, 0xff, 0xe4, 0xff, 0xff, 0xff, 0xff,
0xff, 0xff, 0xff, 0xff, 0xff, 0xff, 0xff, 0xff, 0xff, 0xff, 0xff, 0xff, 0xff, 0xff, 0xff, 0xff,
0xff, 0xff, 0xff, 0xff, 0xff, 0xff, 0xff, 0xff, 0xff, 0xff, 0xff, 0xff, 0xff, 0xff, 0xff, 0xff,
0xff, 0xff, 0xff, 0xff, 0xff, 0xff, 0xff, 0xff, 0xff, 0xff, 0xff, 0xff, 0xff, 0xff, 0xff, 0xff,
0xff, 0xff, 0xff, 0xff, 0xff, 0xff, 0xff, 0xff, 0xff, 0xff, 0xff, 0xff, 0xff, 0xff, 0xff, 0xff,
0xff, 0xff, 0xff, 0xff, 0xff, 0xff, 0xff, 0xe4, 0x00, 0x00, 0x00, 0x00, 0x00, 0x00, 0x00, 0x00,
0x00, 0x00, 0x00, 0x00, 0x00, 0x00, 0x00, 0x00, 0x00, 0x00, 0x00, 0x00, 0x00, 0x00, 0x00, 0x00,
0x00, 0x00, 0x00, 0x00, 0x00, 0x00, 0x00, 0x00, 0x00, 0x00, 0x00, 0x00, 0x00, 0x00, 0x00, 0x00,
0x00, 0x00, 0x00, 0x00, 0x00, 0x00, 0x00, 0x00, 0x00, 0x00, 0x00, 0x00, 0x00, 0x00, 0x00, 0x00,
0x00, 0x00, 0x00, 0x00, 0x00, 0x00, 0x00, 0x00, 0x00, 0x00, 0x00, 0x00, 0x00, 0x00, 0x00, 0x00,
0x00, 0x00, 0x00, 0x00, 0x00, 0x00, 0x00, 0x00, 0x00, 0x00, 0x00, 0x00, 0x00, 0x00, 0x00, 0x00,
0x00, 0x00, 0x00, 0x00, 0x00, 0x00, 0x00, 0x00, 0x00, 0x00, 0x00, 0x00, 0x00, 0x00, 0x00, 0x00,
0x00, 0x00, 0x00, 0x00, 0x00, 0x00, 0x00, 0x00, 0xff, 0xff, 0xff, 0x4c, 0xff, 0xff, 0xff, 0xe5,
0xff, 0xff, 0xff, 0xff, 0xff, 0xff, 0xff, 0xff, 0xff, 0xff, 0xff, 0xff, 0xff, 0xff, 0xff, 0xff,
0xff, 0xff, 0xff, 0xff, 0xff, 0xff, 0xff, 0xff, 0xff, 0xff, 0xff, 0xff, 0xff, 0xff, 0xff, 0xff,
0xff, 0xff, 0xff, 0xff, 0xff, 0xff, 0xff, 0xff, 0xff, 0xff, 0xff, 0xff, 0xff, 0xff, 0xff, 0xff,
0xff, 0xff, 0xff, 0xff, 0xff, 0xff, 0xff, 0xff, 0xff, 0xff, 0xff, 0xff, 0xff, 0xff, 0xff, 0xff,
0xff, 0xff, 0xff, 0xe5, 0xff, 0xff, 0xff, 0x4c, 0x00, 0x00, 0x00, 0x00, 0x00, 0x00, 0x00, 0x00,
0x00, 0x00, 0x00, 0x00, 0x00, 0x00, 0x00, 0x00, 0x00, 0x00, 0x00, 0x00, 0x00, 0x00, 0x00, 0x00,
0x00, 0x00, 0x00, 0x00, 0x00, 0x00, 0x00, 0x00, 0x00, 0x00, 0x00, 0x00, 0x00, 0x00, 0x00, 0x00,
0x00, 0x00, 0x00, 0x00, 0x00, 0x00, 0x00, 0x00, 0x00, 0x00, 0x00, 0x00, 0x00, 0x00, 0x00, 0x00,
0x00, 0x00, 0x00, 0x00, 0x00, 0x00, 0x00, 0x00, 0x00, 0x00, 0x00, 0x00, 0x00, 0x00, 0x00, 0x00,
0x00, 0x00, 0x00, 0x00, 0x00, 0x00, 0x00, 0x00, 0x00, 0x00, 0x00, 0x00, 0x00, 0x00, 0x00, 0x00,
0x00, 0x00, 0x00, 0x00, 0x00, 0x00, 0x00, 0x00, 0x00, 0x00, 0x00, 0x00, 0x00, 0x00, 0x00, 0x00,
0x00, 0x00, 0x00, 0x00, 0x00, 0x00, 0x00, 0x00, 0x00, 0x00, 0x00, 0x00, 0x00, 0x00, 0x00, 0x00,
0x00, 0x00, 0x00, 0x00, 0x00, 0x00, 0x00, 0x00, 0x00, 0x00, 0x00, 0x00, 0x00, 0x00, 0x00, 0x00,
0x00, 0x00, 0x00, 0x00, 0x00, 0x00, 0x00, 0x00, 0x00, 0x00, 0x00, 0x00, 0x00, 0x00, 0x00, 0x00,
0x00, 0x00, 0x00, 0x00, 0x00, 0x00, 0x00, 0x00, 0x00, 0x00, 0x00, 0x00, 0x00, 0x00, 0x00, 0x00,
0x00, 0x00, 0x00, 0x00, 0x00, 0x00, 0x00, 0x00, 0x00, 0x00, 0x00, 0x00, 0x00, 0x00, 0x00, 0x00,
0x00, 0x00, 0x00, 0x00, 0x00, 0x00, 0x00, 0x00, 0x00, 0x00, 0x00, 0x00, 0x00, 0x00, 0x00, 0x00,
0x00, 0x00, 0x00, 0x00, 0x00, 0x00, 0x00, 0x00, 0x00, 0x00, 0x00, 0x00, 0x00, 0x00, 0x00, 0x00,
0x00, 0x00, 0x00, 0x00, 0x00, 0x00, 0x00, 0x00, 0x00, 0x00, 0x00, 0x00, 0x00, 0x00, 0x00, 0x00,
0x00, 0x00, 0x00, 0x00, 0x00, 0x00, 0x00, 0x00, 0x00, 0x00, 0x00, 0x00, 0x00, 0x00, 0x00, 0x00,
0x00, 0x00, 0x00, 0x00, 0x00, 0x00, 0x00, 0x00, 0x00, 0x00, 0x00, 0x00, 0x00, 0x00, 0x00, 0x00,
0x00, 0x00, 0x00, 0x00, 0x00, 0x00, 0x00, 0x00, 0x00, 0x00, 0x00, 0x00, 0x00, 0x00, 0x00, 0x00,
0x00, 0x00, 0x00, 0x00, 0x00, 0x00, 0x00, 0x00, 0x00, 0x00, 0x00, 0x00, 0x00, 0x00, 0x00, 0x00,
0x00, 0x00, 0x00, 0x00, 0x00, 0x00, 0x00, 0x00, 0x00, 0x00, 0x00, 0x00, 0x00, 0x00, 0x00, 0x00,
0x00, 0x00, 0x00, 0x00, 0x00, 0x00, 0x00, 0x00, 0x00, 0x00, 0x00, 0x00, 0x00, 0x00, 0x00, 0x00,
0x00, 0x00, 0x00, 0x00, 0x00, 0x00, 0x00, 0x00, 0x00, 0x00, 0x00, 0x00, 0x00, 0x00, 0x00, 0x00,
0x00, 0x00, 0x00, 0x00, 0x00, 0x00, 0x00, 0x00, 0x00, 0x00, 0x00, 0x00, 0x00, 0x00, 0x00, 0x00,
0x00, 0x00, 0x00, 0x00, 0x00, 0x00, 0x00, 0x00, 0x00, 0x00, 0x00, 0x00, 0x00, 0x00, 0x00, 0x00,
0x00, 0x00, 0x00, 0x00, 0x00, 0x00, 0x00, 0x00, 0x00, 0x00, 0x00, 0x00, 0x00, 0x00, 0x00, 0x00,
0x00, 0x00, 0x00, 0x00, 0x00, 0x00, 0x00, 0x00, 0x00, 0x00, 0x00, 0x00, 0x00, 0x00, 0x00, 0x00,
0x00, 0x00, 0x00, 0x00, 0x00, 0x00, 0x00, 0x00, 0x00, 0x00, 0x00, 0x00, 0x00, 0x00, 0x00, 0x00,
0x00, 0x00, 0x00, 0x00, 0x00, 0x00, 0x00, 0x00, 0x00, 0x00, 0x00, 0x00, 0x00, 0x00, 0x00, 0x00,
0x00, 0x00, 0x00, 0x00, 0x00, 0x00, 0x00, 0x00, 0x00, 0x00, 0x00, 0x00, 0x00, 0x00, 0x00, 0x00,
0x00, 0x00, 0x00, 0x00, 0x00, 0x00, 0x00, 0x00, 0x00, 0x00, 0x00, 0x00, 0x00, 0x00, 0x00, 0x00,
0x00, 0x00, 0x00, 0x00, 0x00, 0x00, 0x00, 0x00, 0x00, 0x00, 0x00, 0x00, 0x00, 0x00, 0x00, 0x00,
0x00, 0x00, 0x00, 0x00, 0x00, 0x00, 0x00, 0x00, 0x00, 0x00, 0x00, 0x00, 0x00, 0x00, 0x00, 0x00,
0x00, 0x00, 0x00, 0x00, 0x00, 0x00, 0x00, 0x00, 0x00, 0x00, 0x00, 0x00, 0x00, 0x00, 0x00, 0x00,
0x00, 0x00, 0x00, 0x00, 0x00, 0x00, 0x00, 0x00, 0x00, 0x00, 0x00, 0x00, 0x00, 0x00, 0x00, 0x00,
0x00, 0x00, 0x00, 0x00, 0x00, 0x00, 0x00, 0x00, 0x00, 0x00, 0x00, 0x00, 0x00, 0x00, 0x00, 0x00,
0x00, 0x00, 0x00, 0x00, 0x00, 0x00, 0x00, 0x00, 0x00, 0x00, 0x00, 0x00, 0x00, 0x00, 0x00, 0x00,
0x00, 0x00, 0x00, 0x00, 0x00, 0x00, 0x00, 0x00, 0x00, 0x00, 0x00, 0x00, 0x00, 0x00, 0x00, 0x00,
0x00, 0x00, 0x00, 0x00, 0x00, 0x00, 0x00, 0x00, 0x00, 0x00, 0x00, 0x00, 0x00, 0x00, 0x00, 0x00,
0x00, 0x00, 0x00, 0x00, 0x00, 0x00, 0x00, 0x00, 0x00, 0x00, 0x00, 0x00, 0x00, 0x00, 0x00, 0x00,
0x00, 0x00, 0x00, 0x00, 0x00, 0x00, 0x00, 0x00, 0x00, 0x00, 0x00, 0x00, 0x00, 0x00, 0x00, 0x00,
0x00, 0x00, 0x00, 0x00, 0x00, 0x00, 0x00, 0x00, 0x00, 0x00, 0x00, 0x00, 0x00, 0x00, 0x00, 0x00,
0x00, 0x00, 0x00, 0x00, 0x00, 0x00, 0x00, 0x00, 0x00, 0x00, 0x00, 0x00, 0x00, 0x00, 0x00, 0x00,
0x00, 0x00, 0x00, 0x00, 0x00, 0x00, 0x00, 0x00, 0x00, 0x00, 0x00, 0x00, 0x00, 0x00, 0x00, 0x00,
0x00, 0x00, 0x00, 0x00, 0x00, 0x00, 0x00, 0x00, 0x00, 0x00, 0x00, 0x00, 0x00, 0x00, 0x00, 0x00,
0x00, 0x00, 0x00, 0x00, 0x00, 0x00, 0x00, 0x00, 0x00, 0x00, 0x00, 0x00, 0x00, 0x00, 0x00, 0x00,
0x00, 0x00, 0x00, 0x00, 0x00, 0x00, 0x00, 0x00, 0x00, 0x00, 0x00, 0x00, 0x00, 0x00, 0x00, 0x00,
0x00, 0x00, 0x00, 0x00, 0x00, 0x00, 0x00, 0x00, 0x00, 0x00, 0x00, 0x00, 0x00, 0x00, 0x00, 0x00,
0x00, 0x00, 0x00, 0x00, 0x00, 0x00, 0x00, 0x00, 0x00, 0x00, 0x00, 0x00, 0x00, 0x00, 0x00, 0x00,
0x00, 0x00, 0x00, 0x00, 0x00, 0x00, 0x00, 0x00, 0x00, 0x00, 0x00, 0x00, 0x00, 0x00, 0x00, 0x00,
0x00, 0x00, 0x00, 0x00, 0x00, 0x00, 0x00, 0x00, 0x00, 0x00, 0x00, 0x00, 0x00, 0x00, 0x00, 0x00,
0x00, 0x00, 0x00, 0x00, 0x00, 0x00, 0x00, 0x00, 0x00, 0x00, 0x00, 0x00, 0x00, 0x00, 0x00, 0x00,
0x00, 0x00, 0x00, 0x00, 0x00, 0x00, 0x00, 0x00, 0x00, 0x00, 0x00, 0x00, 0x00, 0x00, 0x00, 0x00
};

extern const uint8_t app_radio_bin[9216] = {
0x00, 0x00, 0x00, 0x00, 0x00, 0x00, 0x00, 0x00, 0x00, 0x00, 0x00, 0x00, 0x00, 0x00, 0x00, 0x00,
0x00, 0x00, 0x00, 0x00, 0x00, 0x00, 0x00, 0x00, 0x00, 0x00, 0x00, 0x00, 0x00, 0x00, 0x00, 0x00,
0x00, 0x00, 0x00, 0x00, 0x00, 0x00, 0x00, 0x00, 0x00, 0x00, 0x00, 0x00, 0x00, 0x00, 0x00, 0x00,
0x00, 0x00, 0x00, 0x00, 0x00, 0x00, 0x00, 0x00, 0x00, 0x00, 0x00, 0x00, 0x00, 0x00, 0x00, 0x00,
0x00, 0x00, 0x00, 0x00, 0x00, 0x00, 0x00, 0x00, 0x00, 0x00, 0x00, 0x00, 0x00, 0x00, 0x00, 0x00,
0x00, 0x00, 0x00, 0x00, 0x00, 0x00, 0x00, 0x00, 0x00, 0x00, 0x00, 0x00, 0x00, 0x00, 0x00, 0x00,
0x00, 0x00, 0x00, 0x00, 0x00, 0x00, 0x00, 0x00, 0x00, 0x00, 0x00, 0x00, 0x00, 0x00, 0x00, 0x00,
0x00, 0x00, 0x00, 0x00, 0x00, 0x00, 0x00, 0x00, 0x00, 0x00, 0x00, 0x00, 0x00, 0x00, 0x00, 0x00,
0x00, 0x00, 0x00, 0x00, 0x00, 0x00, 0x00, 0x00, 0x00, 0x00, 0x00, 0x00, 0x00, 0x00, 0x00, 0x00,
0x00, 0x00, 0x00, 0x00, 0x00, 0x00, 0x00, 0x00, 0x00, 0x00, 0x00, 0x00, 0x00, 0x00, 0x00, 0x00,
0x00, 0x00, 0x00, 0x00, 0x00, 0x00, 0x00, 0x00, 0x00, 0x00, 0x00, 0x00, 0x00, 0x00, 0x00, 0x00,
0x00, 0x00, 0x00, 0x00, 0x00, 0x00, 0x00, 0x00, 0x00, 0x00, 0x00, 0x00, 0x00, 0x00, 0x00, 0x00,
0x00, 0x00, 0x00, 0x00, 0x00, 0x00, 0x00, 0x00, 0x00, 0x00, 0x00, 0x00, 0x00, 0x00, 0x00, 0x00,
0x00, 0x00, 0x00, 0x00, 0x00, 0x00, 0x00, 0x00, 0x00, 0x00, 0x00, 0x00, 0x00, 0x00, 0x00, 0x00,
0x00, 0x00, 0x00, 0x00, 0x00, 0x00, 0x00, 0x00, 0x00, 0x00, 0x00, 0x00, 0x00, 0x00, 0x00, 0x00,
0x00, 0x00, 0x00, 0x00, 0x00, 0x00, 0x00, 0x00, 0x00, 0x00, 0x00, 0x00, 0x00, 0x00, 0x00, 0x00,
0x00, 0x00, 0x00, 0x00, 0x00, 0x00, 0x00, 0x00, 0x00, 0x00, 0x00, 0x00, 0x00, 0x00, 0x00, 0x00,
0x00, 0x00, 0x00, 0x00, 0x00, 0x00, 0x00, 0x00, 0x00, 0x00, 0x00, 0x00, 0x00, 0x00, 0x00, 0x00,
0x00, 0x00, 0x00, 0x00, 0x00, 0x00, 0x00, 0x00, 0x00, 0x00, 0x00, 0x00, 0x00, 0x00, 0x00, 0x00,
0x00, 0x00, 0x00, 0x00, 0x00, 0x00, 0x00, 0x00, 0x00, 0x00, 0x00, 0x00, 0x00, 0x00, 0x00, 0x00,
0x00, 0x00, 0x00, 0x00, 0x00, 0x00, 0x00, 0x00, 0x00, 0x00, 0x00, 0x00, 0x00, 0x00, 0x00, 0x00,
0x00, 0x00, 0x00, 0x00, 0x00, 0x00, 0x00, 0x00, 0x00, 0x00, 0x00, 0x00, 0x00, 0x00, 0x00, 0x00,
0x00, 0x00, 0x00, 0x00, 0x00, 0x00, 0x00, 0x00, 0x00, 0x00, 0x00, 0x00, 0x00, 0x00, 0x00, 0x00,
0x00, 0x00, 0x00, 0x00, 0x00, 0x00, 0x00, 0x00, 0x00, 0x00, 0x00, 0x00, 0x00, 0x00, 0x00, 0x00,
0x00, 0x00, 0x00, 0x00, 0x00, 0x00, 0x00, 0x00, 0x00, 0x00, 0x00, 0x00, 0x00, 0x00, 0x00, 0x00,
0x00, 0x00, 0x00, 0x00, 0x00, 0x00, 0x00, 0x00, 0x00, 0x00, 0x00, 0x00, 0x00, 0x00, 0x00, 0x00,
0x00, 0x00, 0x00, 0x00, 0x00, 0x00, 0x00, 0x00, 0x00, 0x00, 0x00, 0x00, 0x00, 0x00, 0x00, 0x00,
0x00, 0x00, 0x00, 0x00, 0x00, 0x00, 0x00, 0x00, 0x00, 0x00, 0x00, 0x00, 0x00, 0x00, 0x00, 0x00,
0x00, 0x00, 0x00, 0x00, 0x00, 0x00, 0x00, 0x00, 0x00, 0x00, 0x00, 0x00, 0x00, 0x00, 0x00, 0x00,
0x00, 0x00, 0x00, 0x00, 0x00, 0x00, 0x00, 0x00, 0x00, 0x00, 0x00, 0x00, 0x00, 0x00, 0x00, 0x00,
0x00, 0x00, 0x00, 0x00, 0x00, 0x00, 0x00, 0x00, 0x00, 0x00, 0x00, 0x00, 0x00, 0x00, 0x00, 0x00,
0x9a, 0xd5, 0x35, 0x30, 0x9a, 0xd3, 0x36, 0x51, 0xa2, 0xd1, 0x2e, 0x0b, 0x00, 0x00, 0x00, 0x00,
0x00, 0x00, 0x00, 0x00, 0x00, 0x00, 0x00, 0x00, 0x00, 0x00, 0x00, 0x00, 0x00, 0x00, 0x00, 0x00,
0x00, 0x00, 0x00, 0x00, 0x00, 0x00, 0x00, 0x00, 0x00, 0x00, 0x00, 0x00, 0x00, 0x00, 0x00, 0x00,
0x00, 0x00, 0x00, 0x00, 0x00, 0x00, 0x00, 0x00, 0x00, 0x00, 0x00, 0x00, 0x00, 0x00, 0x00, 0x00,
0x00, 0x00, 0x00, 0x00, 0x00, 0x00, 0x00, 0x00, 0x00, 0x00, 0x00, 0x00, 0x00, 0x00, 0x00, 0x00,
0x00, 0x00, 0x00, 0x00, 0x00, 0x00, 0x00, 0x00, 0x00, 0x00, 0x00, 0x00, 0x00, 0x00, 0x00, 0x00,
0x00, 0x00, 0x00, 0x00, 0x00, 0x00, 0x00, 0x00, 0x00, 0x00, 0x00, 0x00, 0x00, 0x00, 0x00, 0x00,
0x00, 0x00, 0x00, 0x00, 0x00, 0x00, 0x00, 0x00, 0x00, 0x00, 0x00, 0x00, 0x00, 0x00, 0x00, 0x00,
0x00, 0x00, 0x00, 0x00, 0x00, 0x00, 0x00, 0x00, 0x00, 0x00, 0x00, 0x00, 0x00, 0x00, 0x00, 0x00,
0x00, 0x00, 0x00, 0x00, 0x00, 0x00, 0x00, 0x00, 0x00, 0x00, 0x00, 0x00, 0x00, 0x00, 0x00, 0x00,
0x00, 0x00, 0x00, 0x00, 0x00, 0x00, 0x00, 0x00, 0x00, 0x00, 0x00, 0x00, 0x00, 0x00, 0x00, 0x00,
0x00, 0x00, 0x00, 0x00, 0x00, 0x00, 0x00, 0x00, 0xaa, 0xaa, 0x00, 0x03, 0x90, 0xca, 0x25, 0x83,
0x98, 0xd2, 0x34, 0xff, 0x99, 0xd3, 0x34, 0xff, 0x99, 0xd3, 0x35, 0xcc, 0x00, 0x00, 0x00, 0x00,
0x00, 0x00, 0x00, 0x00, 0x00, 0x00, 0x00, 0x00, 0x00, 0x00, 0x00, 0x00, 0x00, 0x00, 0x00, 0x00,
0x00, 0x00, 0x00, 0x00, 0x00, 0x00, 0x00, 0x00, 0x00, 0x00, 0x00, 0x00, 0x00, 0x00, 0x00, 0x00,
0x00, 0x00, 0x00, 0x00, 0x00, 0x00, 0x00, 0x00, 0x00, 0x00, 0x00, 0x00, 0x00, 0x00, 0x00, 0x00,
0x00, 0x00, 0x00, 0x00, 0x00, 0x00, 0x00, 0x00, 0x00, 0x00, 0x00, 0x00, 0x00, 0x00, 0x00, 0x00,
0x00, 0x00, 0x00, 0x00, 0x00, 0x00, 0x00, 0x00, 0x00, 0x00, 0x00, 0x00, 0x00, 0x00, 0x00, 0x00,
0x00, 0x00, 0x00, 0x00, 0x00, 0x00, 0x00, 0x00, 0x00, 0x00, 0x00, 0x00, 0x00, 0x00, 0x00, 0x00,
0x00, 0x00, 0x00, 0x00, 0x00, 0x00, 0x00, 0x00, 0x00, 0x00, 0x00, 0x00, 0x00, 0x00, 0x00, 0x00,
0x00, 0x00, 0x00, 0x00, 0x00, 0x00, 0x00, 0x00, 0x00, 0x00, 0x00, 0x00, 0x00, 0x00, 0x00, 0x00,
0x00, 0x00, 0x00, 0x00, 0x00, 0x00, 0x00, 0x00, 0x00, 0x00, 0x00, 0x00, 0x00, 0x00, 0x00, 0x00,
0x00, 0x00, 0x00, 0x00, 0x00, 0x00, 0x00, 0x00, 0x00, 0x00, 0x00, 0x00, 0x00, 0x00, 0x00, 0x00,
0x86, 0xb6, 0x0c, 0x15, 0x82, 0xb9, 0x11, 0x78, 0x81, 0xb9, 0x10, 0xdf, 0x8f, 0xc8, 0x25, 0xff,
0x99, 0xd3, 0x34, 0xff, 0x99, 0xd3, 0x34, 0xff, 0x99, 0xd3, 0x34, 0xff, 0x94, 0xd7, 0x36, 0x13,
0x00, 0x00, 0x00, 0x00, 0x00, 0x00, 0x00, 0x00, 0x00, 0x00, 0x00, 0x00, 0x00, 0x00, 0x00, 0x00,
0x00, 0x00, 0x00, 0x00, 0x00, 0x00, 0x00, 0x00, 0x00, 0x00, 0x00, 0x00, 0x00, 0x00, 0x00, 0x00,
0x00, 0x00, 0x00, 0x00, 0x00, 0x00, 0x00, 0x00, 0x00, 0x00, 0x00, 0x00, 0x00, 0x00, 0x00, 0x00,
0x00, 0x00, 0x00, 0x00, 0x00, 0x00, 0x00, 0x00, 0x00, 0x00, 0x00, 0x00, 0x00, 0x00, 0x00, 0x00,
0x00, 0x00, 0x00, 0x00, 0x00, 0x00, 0x00, 0x00, 0x00, 0x00, 0x00, 0x00, 0x00, 0x00, 0x00, 0x00,
0x00, 0x00, 0x00, 0x00, 0x00, 0x00, 0x00, 0x00, 0x00, 0x00, 0x00, 0x00, 0x00, 0x00, 0x00, 0x00,
0x00, 0x00, 0x00, 0x00, 0x00, 0x00, 0x00, 0x00, 0x00, 0x00, 0x00, 0x00, 0x00, 0x00, 0x00, 0x00,
0x00, 0x00, 0x00, 0x00, 0x00, 0x00, 0x00, 0x00, 0x00, 0x00, 0x00, 0x00, 0x00, 0x00, 0x00, 0x00,
0x00, 0x00, 0x00, 0x00, 0x00, 0x00, 0x00, 0x00, 0x00, 0x00, 0x00, 0x00, 0x00, 0x00, 0x00, 0x00,
0x00, 0x00, 0x00, 0x00, 0x00, 0x00, 0x00, 0x00, 0x80, 0xbb, 0x12, 0x38, 0x81, 0xba, 0x10, 0xa2,
0x81, 0xb9, 0x10, 0xf8, 0x81, 0xb9, 0x10, 0xff, 0x81, 0xb9, 0x10, 0xff, 0x89, 0xc2, 0x1b, 0xfe,
0x98, 0xd3, 0x34, 0xff, 0x99, 0xd3, 0x34, 0xff, 0x99, 0xd3, 0x35, 0xcc, 0x00, 0x00, 0x00, 0x00,
0x00, 0x00, 0x00, 0x00, 0x00, 0x00, 0x00, 0x00, 0x00, 0x00, 0x00, 0x00, 0x00, 0x00, 0x00, 0x00,
0x00, 0x00, 0x00, 0x00, 0x00, 0x00, 0x00, 0x00, 0x00, 0x00, 0x00, 0x00, 0x00, 0x00, 0x00, 0x00,
0x00, 0x00, 0x00, 0x00, 0x00, 0x00, 0x00, 0x00, 0x00, 0x00, 0x00, 0x00, 0x00, 0x00, 0x00, 0x00,
0x00, 0x00, 0x00, 0x00, 0x00, 0x00, 0x00, 0x00, 0x00, 0x00, 0x00, 0x00, 0x00, 0x00, 0x00, 0x00,
0x00, 0x00, 0x00, 0x00, 0x00, 0x00, 0x00, 0x00, 0x00, 0x00, 0x00, 0x00, 0x00, 0x00, 0x00, 0x00,
0x00, 0x00, 0x00, 0x00, 0x00, 0x00, 0x00, 0x00, 0x00, 0x00, 0x00, 0x00, 0x00, 0x00, 0x00, 0x00,
0x00, 0x00, 0x00, 0x00, 0x00, 0x00, 0x00, 0x00, 0x00, 0x00, 0x00, 0x00, 0x00, 0x00, 0x00, 0x00,
0x00, 0x00, 0x00, 0x00, 0x00, 0x00, 0x00, 0x00, 0x00, 0x00, 0x00, 0x00, 0x00, 0x00, 0x00, 0x00,
0x00, 0x00, 0x00, 0x00, 0x00, 0x00, 0x00, 0x00, 0x00, 0x00, 0x00, 0x00, 0x92, 0xb6, 0x00, 0x07,
0x81, 0xba, 0x0f, 0x55, 0x81, 0xb9, 0x10, 0xc5, 0x81, 0xb9, 0x10, 0xff, 0x81, 0xb9, 0x10, 0xff,
0x81, 0xb9, 0x10, 0xff, 0x81, 0xb9, 0x10, 0xf0, 0x80, 0xb9, 0x11, 0x99, 0x80, 0xb6, 0x12, 0x2a,
0x9a, 0xd5, 0x35, 0x30, 0x9a, 0xd3, 0x36, 0x51, 0xa2, 0xd1, 0x2e, 0x0b, 0x00, 0x00, 0x00, 0x00,
0x00, 0x00, 0x00, 0x00, 0x00, 0x00, 0x00, 0x00, 0x00, 0x00, 0x00, 0x00, 0x00, 0x00, 0x00, 0x00,
0x00, 0x00, 0x00, 0x00, 0x00, 0x00, 0x00, 0x00, 0x00, 0x00, 0x00, 0x00, 0x00, 0x00, 0x00, 0x00,
0x00, 0x00, 0x00, 0x00, 0x00, 0x00, 0x00, 0x00, 0x00, 0x00, 0x00, 0x00, 0x00, 0x00, 0x00, 0x00,
0x00, 0x00, 0x00, 0x00, 0x00, 0x00, 0x00, 0x00, 0x00, 0x00, 0x00, 0x00, 0x00, 0x00, 0x00, 0x00,
0x00, 0x00, 0x00, 0x00, 0x00, 0x00, 0x00, 0x00, 0x00, 0x00, 0x00, 0x00, 0x00, 0x00, 0x00, 0x00,
0x00, 0x00, 0x00, 0x00, 0x00, 0x00, 0x00, 0x00, 0x00, 0x00, 0x00, 0x00, 0x00, 0x00, 0x00, 0x00,
0x00, 0x00, 0x00, 0x00, 0x00, 0x00, 0x00, 0x00, 0x00, 0x00, 0x00, 0x00, 0x00, 0x00, 0x00, 0x00,
0x00, 0x00, 0x00, 0x00, 0x00, 0x00, 0x00, 0x00, 0x00, 0x00, 0x00, 0x00, 0x00, 0x00, 0x00, 0x00,
0x00, 0x00, 0x00, 0x00, 0x83, 0xb6, 0x0f, 0x23, 0x81, 0xba, 0x11, 0x88, 0x81, 0xb9, 0x10, 0xec,
0x81, 0xb9, 0x10, 0xff, 0x81, 0xb9, 0x10, 0xff, 0x81, 0xb9, 0x10, 0xff, 0x81, 0xb9, 0x10, 0xcd,
0x82, 0xb9, 0x0f, 0x66, 0x8b, 0xb9, 0x17, 0x0b, 0x00, 0x00, 0x00, 0x00, 0x00, 0x00, 0x00, 0x00,
0x00, 0x00, 0x00, 0x00, 0x00, 0x00, 0x00, 0x00, 0x00, 0x00, 0x00, 0x00, 0x00, 0x00, 0x00, 0x00,
0x00, 0x00, 0x00, 0x00, 0x00, 0x00, 0x00, 0x00, 0x00, 0x00, 0x00, 0x00, 0x00, 0x00, 0x00, 0x00,
0x00, 0x00, 0x00, 0x00, 0x00, 0x00, 0x00, 0x00, 0x00, 0x00, 0x00, 0x00, 0x00, 0x00, 0x00, 0x00,
0x00, 0x00, 0x00, 0x00, 0x00, 0x00, 0x00, 0x00, 0x00, 0x00, 0x00, 0x00, 0x00, 0x00, 0x00, 0x00,
0x00, 0x00, 0x00, 0x00, 0x00, 0x00, 0x00, 0x00, 0x00, 0x00, 0x00, 0x00, 0x00, 0x00, 0x00, 0x00,
0x00, 0x00, 0x00, 0x00, 0x00, 0x00, 0x00, 0x00, 0x00, 0x00, 0x00, 0x00, 0x00, 0x00, 0x00, 0x00,
0x00, 0x00, 0x00, 0x00, 0x00, 0x00, 0x00, 0x00, 0x00, 0x00, 0x00, 0x00, 0x00, 0x00, 0x00, 0x00,
0x00, 0x00, 0x00, 0x00, 0x00, 0x00, 0x00, 0x00, 0x00, 0x00, 0x00, 0x00, 0x00, 0x00, 0x00, 0x00,
0x00, 0x00, 0x00, 0x00, 0x00, 0x00, 0x00, 0x00, 0x80, 0x80, 0x00, 0x02, 0x80, 0xb8, 0x0f, 0x44,
0x81, 0xb9, 0x11, 0xaa, 0x81, 0xb9, 0x10, 0xfc, 0x81, 0xb9, 0x10, 0xff, 0x81, 0xb9, 0x10, 0xff,
0x81, 0xb9, 0x10, 0xf9, 0x81, 0xb9, 0x11, 0xaa, 0x80, 0xb8, 0x0f, 0x44, 0x00, 0x00, 0x00, 0x00,
0x00, 0x00, 0x00, 0x00, 0x00, 0x00, 0x00, 0x00, 0x00, 0x00, 0x00, 0x00, 0x00, 0x00, 0x00, 0x00,
0x00, 0x00, 0x00, 0x00, 0x00, 0x00, 0x00, 0x00, 0x00, 0x00, 0x00, 0x00, 0x00, 0x00, 0x00, 0x00,
0x00, 0x00, 0x00, 0x00, 0x00, 0x00, 0x00, 0x00, 0x00, 0x00, 0x00, 0x00, 0x00, 0x00, 0x00, 0x00,
0x00, 0x00, 0x00, 0x00, 0x00, 0x00, 0x00, 0x00, 0x00, 0x00, 0x00, 0x00, 0x00, 0x00, 0x00, 0x00,
0x00, 0x00, 0x00, 0x00, 0x00, 0x00, 0x00, 0x00, 0x00, 0x00, 0x00, 0x00, 0x00, 0x00, 0x00, 0x00,
0x00, 0x00, 0x00, 0x00, 0x00, 0x00, 0x00, 0x00, 0x00, 0x00, 0x00, 0x00, 0x00, 0x00, 0x00, 0x00,
0x00, 0x00, 0x00, 0x00, 0x00, 0x00, 0x00, 0x00, 0x00, 0x00, 0x00, 0x00, 0x00, 0x00, 0x00, 0x00,
0x00, 0x00, 0x00, 0x00, 0x00, 0x00, 0x00, 0x00, 0x00, 0x00, 0x00, 0x00, 0x00, 0x00, 0x00, 0x00,
0x00, 0x00, 0x00, 0x00, 0x00, 0x00, 0x00, 0x00, 0x00, 0x00, 0x00, 0x00, 0x00, 0x00, 0x00, 0x00,
0x80, 0xbf, 0x10, 0x10, 0x81, 0xba, 0x10, 0x6f, 0x81, 0xb9, 0x10, 0xde, 0x81, 0xb9, 0x10, 0xff,
0x81, 0xb9, 0x10, 0xff, 0x81, 0xb9, 0x10, 0xff, 0x81, 0xb9, 0x10, 0xe5, 0x81, 0xb9, 0x10, 0x80,
0x86, 0xb6, 0x0c, 0x15, 0x00, 0x00, 0x00, 0x00, 0x00, 0x00, 0x00, 0x00, 0x00, 0x00, 0x00, 0x00,
0x00, 0x00, 0x00, 0x00, 0x00, 0x00, 0x00, 0x00, 0x00, 0x00, 0x00, 0x00, 0x00, 0x00, 0x00, 0x00,
0x00, 0x00, 0x00, 0x00, 0x00, 0x00, 0x00, 0x00, 0x00, 0x00, 0x00, 0x00, 0x00, 0x00, 0x00, 0x00,
0x00, 0x00, 0x00, 0x00, 0x00, 0x00, 0x00, 0x00, 0x00, 0x00, 0x00, 0x00, 0x00, 0x00, 0x00, 0x00,
0x00, 0x00, 0x00, 0x00, 0x00, 0x00, 0x00, 0x00, 0x00, 0x00, 0x00, 0x00, 0x00, 0x00, 0x00, 0x00,
0x00, 0x00, 0x00, 0x00, 0x00, 0x00, 0x00, 0x00, 0x00, 0x00, 0x00, 0x00, 0x00, 0x00, 0x00, 0x00,
0x00, 0x00, 0x00, 0x00, 0x00, 0x00, 0x00, 0x00, 0x00, 0x00, 0x00, 0x00, 0x00, 0x00, 0x00, 0x00,
0x00, 0x00, 0x00, 0x00, 0x00, 0x00, 0x00, 0x00, 0x00, 0x00, 0x00, 0x00, 0x00, 0x00, 0x00, 0x00,
0x00, 0x00, 0x00, 0x00, 0x00, 0x00, 0x00, 0x00, 0x00, 0x00, 0x00, 0x00, 0x00, 0x00, 0x00, 0x00,
0x00, 0x00, 0x00, 0x00, 0x00, 0x00, 0x00, 0x00, 0x80, 0xbb, 0x12, 0x38, 0x81, 0xba, 0x10, 0xa2,
0x81, 0xb9, 0x10, 0xf8, 0x81, 0xb9, 0x10, 0xff, 0x81, 0xb9, 0x10, 0xff, 0x81, 0xb9, 0x10, 0xfd,
0x81, 0xb8, 0x11, 0xb8, 0x81, 0xb9, 0x11, 0x4d, 0xaa, 0xaa, 0x00, 0x03, 0x00, 0x00, 0x00, 0x00,
0x00, 0x00, 0x00, 0x00, 0x00, 0x00, 0x00, 0x00, 0x00, 0x00, 0x00, 0x00, 0x00, 0x00, 0x00, 0x00,
0x00, 0x00, 0x00, 0x00, 0x00, 0x00, 0x00, 0x00, 0x00, 0x00, 0x00, 0x00, 0x00, 0x00, 0x00, 0x00,
0x00, 0x00, 0x00, 0x00, 0x00, 0x00, 0x00, 0x00, 0x00, 0x00, 0x00, 0x00, 0x00, 0x00, 0x00, 0x00,
0x00, 0x00, 0x00, 0x00, 0x00, 0x00, 0x00, 0x00, 0x00, 0x00, 0x00, 0x00, 0x00, 0x00, 0x00, 0x00,
0x00, 0x00, 0x00, 0x00, 0x00, 0x00, 0x00, 0x00, 0x00, 0x00, 0x00, 0x00, 0x00, 0x00, 0x00, 0x00,
0x00, 0x00, 0x00, 0x00, 0x00, 0x00, 0x00, 0x00, 0x00, 0x00, 0x00, 0x00, 0x00, 0x00, 0x00, 0x00,
0x00, 0x00, 0x00, 0x00, 0x00, 0x00, 0x00, 0x00, 0x00, 0x00, 0x00, 0x00, 0x00, 0x00, 0x00, 0x00,
0x00, 0x00, 0x00, 0x00, 0x00, 0x00, 0x00, 0x00, 0x00, 0x00, 0x00, 0x00, 0x00, 0x00, 0x00, 0x00,
0x00, 0x00, 0x00, 0x00, 0x00, 0x00, 0x00, 0x00, 0x00, 0x00, 0x00, 0x00, 0x00, 0x00, 0x00, 0x00,
0x9d, 0xd8, 0x3b, 0x0d, 0x90, 0xc9, 0x27, 0xaf, 0x93, 0xcc, 0x2b, 0xff, 0x97, 0xd1, 0x30, 0xff,
0x98, 0xd1, 0x32, 0xff, 0x98, 0xd2, 0x32, 0xfe, 0x99, 0xd3, 0x34, 0xf7, 0x99, 0xd3, 0x34, 0xf0,
0x99, 0xd3, 0x35, 0xee, 0x99, 0xd3, 0x35, 0xee, 0x99, 0xd3, 0x35, 0xee, 0x99, 0xd3, 0x35, 0xee,
0x99, 0xd3, 0x35, 0xee, 0x99, 0xd3, 0x35, 0xee, 0x99, 0xd3, 0x35, 0xee, 0x99, 0xd3, 0x35, 0xee,
0x99, 0xd3, 0x35, 0xee, 0x99, 0xd3, 0x35, 0xee, 0x99, 0xd3, 0x35, 0xee, 0x99, 0xd3, 0x35, 0xee,
0x99, 0xd3, 0x35, 0xee, 0x99, 0xd3, 0x35, 0xee, 0x99, 0xd3, 0x35, 0xee, 0x99, 0xd3, 0x35, 0xee,
0x99, 0xd3, 0x35, 0xee, 0x99, 0xd3, 0x35, 0xee, 0x99, 0xd3, 0x35, 0xee, 0x99, 0xd3, 0x35, 0xee,
0x99, 0xd3, 0x34, 0xe0, 0x98, 0xd3, 0x35, 0xb8, 0x9a, 0xd3, 0x34, 0x5d, 0xaa, 0xaa, 0x55, 0x03,
0x00, 0x00, 0x00, 0x00, 0x00, 0x00, 0x00, 0x00, 0x00, 0x00, 0x00, 0x00, 0x00, 0x00, 0x00, 0x00,
0x00, 0x00, 0x00, 0x00, 0x00, 0x00, 0x00, 0x00, 0x00, 0x00, 0x00, 0x00, 0x00, 0x00, 0x00, 0x00,
0x00, 0x00, 0x00, 0x00, 0x00, 0x00, 0x00, 0x00, 0x00, 0x00, 0x00, 0x00, 0x00, 0x00, 0x00, 0x00,
0x00, 0x00, 0x00, 0x00, 0x00, 0x00, 0x00, 0x00, 0x00, 0x00, 0x00, 0x00, 0x9b, 0xd5, 0x32, 0x42,
0x99, 0xd2, 0x34, 0xea, 0x99, 0xd3, 0x34, 0xff, 0x99, 0xd3, 0x34, 0xff, 0x98, 0xd2, 0x33, 0xff,
0x97, 0xd1, 0x32, 0xff, 0x97, 0xd1, 0x32, 0xff, 0x97, 0xd0, 0x32, 0xff, 0x97, 0xd0, 0x32, 0xff,
0x97, 0xd0, 0x32, 0xff, 0x97, 0xd0, 0x32, 0xff, 0x97, 0xd0, 0x32, 0xff, 0x97, 0xd0, 0x32, 0xff,
0x97, 0xd0, 0x32, 0xff, 0x97, 0xd0, 0x32, 0xff, 0x96, 0xd0, 0x32, 0xff, 0x96, 0xd0, 0x32, 0xff,
0x96, 0xcf, 0x32, 0xff, 0x96, 0xcf, 0x32, 0xff, 0x96, 0xcf, 0x32, 0xff, 0x96, 0xcf, 0x32, 0xff,
0x96, 0xcf, 0x32, 0xff, 0x96, 0xcf, 0x32, 0xff, 0x96, 0xcf, 0x32, 0xff, 0x96, 0xcf, 0x32, 0xff,
0x96, 0xcf, 0x32, 0xff, 0x96, 0xcf, 0x32, 0xff, 0x96, 0xce, 0x32, 0xff, 0x96, 0xce, 0x32, 0xff,
0x98, 0xd2, 0x33, 0xff, 0x99, 0xd3, 0x34, 0xff, 0x99, 0xd3, 0x34, 0xff, 0x99, 0xd3, 0x34, 0xcd,
0x9b, 0xd1, 0x36, 0x21, 0x00, 0x00, 0x00, 0x00, 0x00, 0x00, 0x00, 0x00, 0x00, 0x00, 0x00, 0x00,
0x00, 0x00, 0x00, 0x00, 0x00, 0x00, 0x00, 0x00, 0x00, 0x00, 0x00, 0x00, 0x00, 0x00, 0x00, 0x00,
0x00, 0x00, 0x00, 0x00, 0x00, 0x00, 0x00, 0x00, 0x00, 0x00, 0x00, 0x00, 0x00, 0x00, 0x00, 0x00,
0x00, 0x00, 0x00, 0x00, 0x00, 0x00, 0x00, 0x00, 0x9b, 0xd5, 0x32, 0x42, 0x98, 0xd2, 0x34, 0xfb,
0x98, 0xd3, 0x34, 0xff, 0x8e, 0xc6, 0x26, 0xff, 0x80, 0xb6, 0x16, 0xff, 0x7a, 0xae, 0x0f, 0xff,
0x79, 0xac, 0x0f, 0xff, 0x78, 0xab, 0x0f, 0xff, 0x77, 0xa9, 0x0f, 0xff, 0x76, 0xa8, 0x0e, 0xff,
0x75, 0xa6, 0x0e, 0xff, 0x74, 0xa5, 0x0e, 0xff, 0x73, 0xa3, 0x0e, 0xff, 0x72, 0xa2, 0x0e, 0xff,
0x71, 0xa0, 0x0e, 0xff, 0x70, 0x9f, 0x0e, 0xff, 0x6f, 0x9e, 0x0d, 0xff, 0x6e, 0x9c, 0x0d, 0xff,
0x6d, 0x9b, 0x0d, 0xff, 0x6c, 0x99, 0x0d, 0xff, 0x6b, 0x98, 0x0d, 0xff, 0x6a, 0x96, 0x0d, 0xff,
0x69, 0x95, 0x0d, 0xff, 0x68, 0x93, 0x0c, 0xff, 0x67, 0x92, 0x0c, 0xff, 0x66, 0x90, 0x0c, 0xff,
0x65, 0x8f, 0x0c, 0xff, 0x64, 0x8d, 0x0c, 0xff, 0x63, 0x8c, 0x0c, 0xff, 0x62, 0x8a, 0x0c, 0xff,
0x62, 0x89, 0x0c, 0xff, 0x6e, 0x9a, 0x15, 0xff, 0x8b, 0xc1, 0x2a, 0xff, 0x99, 0xd3, 0x34, 0xff,
0x98, 0xd2, 0x34, 0xe7, 0x9c, 0xd6, 0x31, 0x1f, 0x00, 0x00, 0x00, 0x00, 0x00, 0x00, 0x00, 0x00,
0x00, 0x00, 0x00, 0x00, 0x00, 0x00, 0x00, 0x00, 0x00, 0x00, 0x00, 0x00, 0x00, 0x00, 0x00, 0x00,
0x00, 0x00, 0x00, 0x00, 0x00, 0x00, 0x00, 0x00, 0x00, 0x00, 0x00, 0x00, 0x00, 0x00, 0x00, 0x00,
0x00, 0x00, 0x00, 0x00, 0x9d, 0xd8, 0x3b, 0x0d, 0x98, 0xd2, 0x33, 0xe9, 0x98, 0xd3, 0x34, 0xff,
0x86, 0xbe, 0x1d, 0xff, 0x7a, 0xaf, 0x0f, 0xff, 0x79, 0xad, 0x0f, 0xff, 0x78, 0xac, 0x0f, 0xff,
0x77, 0xaa, 0x0f, 0xff, 0x76, 0xa9, 0x0e, 0xff, 0x75, 0xa7, 0x0e, 0xff, 0x75, 0xa6, 0x0e, 0xff,
0x74, 0xa4, 0x0e, 0xff, 0x73, 0xa3, 0x0e, 0xff, 0x72, 0xa1, 0x0e, 0xff, 0x71, 0xa0, 0x0e, 0xff,
0x70, 0x9e, 0x0e, 0xff, 0x6f, 0x9d, 0x0d, 0xff, 0x6e, 0x9c, 0x0d, 0xff, 0x6d, 0x9a, 0x0d, 0xff,
0x6c, 0x99, 0x0d, 0xff, 0x6b, 0x97, 0x0d, 0xff, 0x6a, 0x96, 0x0d, 0xff, 0x69, 0x94, 0x0d, 0xff,
0x68, 0x93, 0x0c, 0xff, 0x67, 0x91, 0x0c, 0xff, 0x66, 0x90, 0x0c, 0xff, 0x65, 0x8e, 0x0c, 0xff,
0x64, 0x8d, 0x0c, 0xff, 0x63, 0x8b, 0x0c, 0xff, 0x62, 0x8a, 0x0c, 0xff, 0x61, 0x88, 0x0b, 0xff,
0x60, 0x87, 0x0b, 0xff, 0x5f, 0x85, 0x0b, 0xff, 0x5e, 0x85, 0x0b, 0xff, 0x81, 0xb2, 0x23, 0xff,
0x99, 0xd3, 0x34, 0xff, 0x99, 0xd2, 0x34, 0xc8, 0x80, 0xff, 0x00, 0x02, 0x00, 0x00, 0x00, 0x00,
0x00, 0x00, 0x00, 0x00, 0x00, 0x00, 0x00, 0x00, 0x00, 0x00, 0x00, 0x00, 0x00, 0x00, 0x00, 0x00,
0x00, 0x00, 0x00, 0x00, 0x00, 0x00, 0x00, 0x00, 0x00, 0x00, 0x00, 0x00, 0x00, 0x00, 0x00, 0x00,
0x00, 0x00, 0x00, 0x00, 0x98, 0xd2, 0x33, 0x72, 0x99, 0xd3, 0x34, 0xff, 0x8e, 0xc6, 0x26, 0xff,
0x7a, 0xae, 0x0f, 0xff, 0x79, 0xad, 0x0f, 0xff, 0x78, 0xab, 0x0f, 0xff, 0x77, 0xaa, 0x0f, 0xff,
0x76, 0xa8, 0x0e, 0xff, 0x75, 0xa7, 0x0e, 0xff, 0x74, 0xa5, 0x0e, 0xff, 0x73, 0xa4, 0x0e, 0xff,
0x72, 0xa2, 0x0e, 0xff, 0x71, 0xa1, 0x0e, 0xff, 0x70, 0x9f, 0x0e, 0xff, 0x6f, 0x9e, 0x0d, 0xff,
0x6e, 0x9d, 0x0d, 0xff, 0x6d, 0x9b, 0x0d, 0xff, 0x6c, 0x9a, 0x0d, 0xff, 0x6b, 0x98, 0x0d, 0xff,
0x6a, 0x97, 0x0d, 0xff, 0x6a, 0x95, 0x0d, 0xff, 0x69, 0x94, 0x0d, 0xff, 0x68, 0x92, 0x0c, 0xff,
0x67, 0x91, 0x0c, 0xff, 0x66, 0x8f, 0x0c, 0xff, 0x65, 0x8e, 0x0c, 0xff, 0x64, 0x8c, 0x0c, 0xff,
0x63, 0x8b, 0x0c, 0xff, 0x62, 0x89, 0x0c, 0xff, 0x61, 0x88, 0x0b, 0xff, 0x60, 0x86, 0x0b, 0xff,
0x5f, 0x85, 0x0b, 0xff, 0x5e, 0x83, 0x0b, 0xff, 0x5d, 0x82, 0x0b, 0xff, 0x5d, 0x81, 0x0c, 0xff,
0x8b, 0xc1, 0x2b, 0xff, 0x99, 0xd3, 0x34, 0xff, 0x99, 0xd2, 0x33, 0x55, 0x00, 0x00, 0x00, 0x00,
0x00, 0x00, 0x00, 0x00, 0x00, 0x00, 0x00, 0x00, 0x00, 0x00, 0x00, 0x00, 0x00, 0x00, 0x00, 0x00,
0x00, 0x00, 0x00, 0x00, 0x00, 0x00, 0x00, 0x00, 0x00, 0x00, 0x00, 0x00, 0x00, 0x00, 0x00, 0x00,
0x00, 0x00, 0x00, 0x00, 0x99, 0xd3, 0x34, 0xc0, 0x99, 0xd3, 0x34, 0xff, 0x80, 0xb5, 0x16, 0xff,
0x79, 0xac, 0x0f, 0xff, 0x78, 0xab, 0x0f, 0xff, 0x77, 0xa9, 0x0f, 0xff, 0x76, 0xa8, 0x0e, 0xff,
0x75, 0xa6, 0x0e, 0xff, 0x74, 0xa5, 0x0e, 0xff, 0x73, 0xa3, 0x0e, 0xff, 0x72, 0xa2, 0x0e, 0xff,
0x71, 0xa0, 0x0e, 0xff, 0x70, 0x9f, 0x0e, 0xff, 0x6f, 0x9e, 0x0d, 0xff, 0x6e, 0x9c, 0x0d, 0xff,
0x6d, 0x9b, 0x0d, 0xff, 0x6c, 0x99, 0x0d, 0xff, 0x6b, 0x98, 0x0d, 0xff, 0x6a, 0x96, 0x0d, 0xff,
0x69, 0x95, 0x0d, 0xff, 0x68, 0x93, 0x0c, 0xff, 0x67, 0x92, 0x0c, 0xff, 0x66, 0x90, 0x0c, 0xff,
0x65, 0x8f, 0x0c, 0xff, 0x64, 0x8d, 0x0c, 0xff, 0x63, 0x8c, 0x0c, 0xff, 0x62, 0x8a, 0x0c, 0xff,
0x61, 0x89, 0x0b, 0xff, 0x60, 0x87, 0x0b, 0xff, 0x5f, 0x86, 0x0b, 0xff, 0x5e, 0x84, 0x0b, 0xff,
0x5e, 0x83, 0x0b, 0xff, 0x5d, 0x81, 0x0b, 0xff, 0x5c, 0x80, 0x0b, 0xff, 0x5b, 0x7e, 0x0b, 0xff,
0x6b, 0x95, 0x15, 0xff, 0x99, 0xd3, 0x34, 0xff, 0x99, 0xd3, 0x34, 0xb2, 0x00, 0x00, 0x00, 0x00,
0x00, 0x00, 0x00, 0x00, 0x00, 0x00, 0x00, 0x00, 0x00, 0x00, 0x00, 0x00, 0x00, 0x00, 0x00, 0x00,
0x00, 0x00, 0x00, 0x00, 0x00, 0x00, 0x00, 0x00, 0x00, 0x00, 0x00, 0x00, 0x00, 0x00, 0x00, 0x00,
0x00, 0x00, 0x00, 0x00, 0x99, 0xd3, 0x34, 0xe3, 0x98, 0xd2, 0x33, 0xff, 0x79, 0xac, 0x0f, 0xff,
0x77, 0xaa, 0x0f, 0xff, 0x76, 0xa9, 0x0e, 0xff, 0x75, 0xa7, 0x0e, 0xff, 0x75, 0xa6, 0x0e, 0xff,
0x74, 0xa4, 0x0e, 0xff, 0x73, 0xa3, 0x0e, 0xff, 0x74, 0xa3, 0x0f, 0xff, 0x7e, 0xb1, 0x1a, 0xff,
0x88, 0xbd, 0x25, 0xff, 0x8c, 0xc3, 0x28, 0xff, 0x8c, 0xc2, 0x28, 0xff, 0x87, 0xbb, 0x24, 0xff,
0x7b, 0xac, 0x1a, 0xff, 0x6c, 0x99, 0x0f, 0xff, 0x6a, 0x96, 0x0d, 0xff, 0x69, 0x94, 0x0d, 0xff,
0x68, 0x93, 0x0c, 0xff, 0x67, 0x91, 0x0c, 0xff, 0x66, 0x90, 0x0c, 0xff, 0x65, 0x8e, 0x0c, 0xff,
0x64, 0x8d, 0x0c, 0xff, 0x63, 0x8b, 0x0c, 0xff, 0x62, 0x8a, 0x0c, 0xff, 0x61, 0x88, 0x0b, 0xff,
0x60, 0x87, 0x0b, 0xff, 0x5f, 0x85, 0x0b, 0xff, 0x5e, 0x84, 0x0b, 0xff, 0x5d, 0x82, 0x0b, 0xff,
0x5c, 0x81, 0x0b, 0xff, 0x5b, 0x7f, 0x0b, 0xff, 0x5a, 0x7e, 0x0a, 0xff, 0x59, 0x7c, 0x0a, 0xff,
0x59, 0x7d, 0x0b, 0xff, 0x98, 0xd2, 0x33, 0xff, 0x99, 0xd3, 0x34, 0xe0, 0x00, 0x00, 0x00, 0x00,
0x00, 0x00, 0x00, 0x00, 0x00, 0x00, 0x00, 0x00, 0x00, 0x00, 0x00, 0x00, 0x00, 0x00, 0x00, 0x00,
0x00, 0x00, 0x00, 0x00, 0x00, 0x00, 0x00, 0x00, 0x00, 0x00, 0x00, 0x00, 0x00, 0x00, 0x00, 0x00,
0x00, 0x00, 0x00, 0x00, 0x99, 0xd3, 0x34, 0xef, 0x97, 0xd1, 0x32, 0xff, 0x77, 0xaa, 0x0f, 0xff,
0x76, 0xa8, 0x0e, 0xff, 0x75, 0xa7, 0x0e, 0xff, 0x74, 0xa5, 0x0e, 0xff, 0x73, 0xa4, 0x0e, 0xff,
0x72, 0xa2, 0x0e, 0xff, 0x80, 0xb4, 0x1d, 0xff, 0x95, 0xcd, 0x30, 0xff, 0x99, 0xd3, 0x34, 0xff,
0x91, 0xc8, 0x30, 0xff, 0x82, 0xb2, 0x2a, 0xff, 0x82, 0xb3, 0x2b, 0xff, 0x91, 0xc8, 0x30, 0xff,
0x99, 0xd3, 0x34, 0xff, 0x94, 0xcb, 0x30, 0xff, 0x7c, 0xac, 0x1c, 0xff, 0x68, 0x92, 0x0c, 0xff,
0x67, 0x91, 0x0c, 0xff, 0x66, 0x8f, 0x0c, 0xff, 0x65, 0x8e, 0x0c, 0xff, 0x64, 0x8c, 0x0c, 0xff,
0x63, 0x8b, 0x0c, 0xff, 0x62, 0x89, 0x0c, 0xff, 0x9b, 0xc1, 0x5d, 0xff, 0xcd, 0xf0, 0xa3, 0xff,
0xd0, 0xf3, 0xa7, 0xff, 0xd0, 0xf3, 0xa7, 0xff, 0xd0, 0xf3, 0xa7, 0xff, 0xd0, 0xf3, 0xa7, 0xff,
0xbd, 0xe0, 0x8d, 0xff, 0x68, 0x8b, 0x1c, 0xff, 0x59, 0x7c, 0x0a, 0xff, 0x58, 0x7a, 0x0a, 0xff,
0x57, 0x79, 0x0a, 0xff, 0x94, 0xcd, 0x32, 0xff, 0x99, 0xd3, 0x34, 0xef, 0x00, 0x00, 0x00, 0x00,
0x00, 0x00, 0x00, 0x00, 0x00, 0x00, 0x00, 0x00, 0x00, 0x00, 0x00, 0x00, 0x00, 0x00, 0x00, 0x00,
0x00, 0x00, 0x00, 0x00, 0x00, 0x00, 0x00, 0x00, 0x00, 0x00, 0x00, 0x00, 0x00, 0x00, 0x00, 0x00,
0x00, 0x00, 0x00, 0x00, 0x99, 0xd3, 0x34, 0xef, 0x96, 0xd1, 0x32, 0xff, 0x76, 0xa8, 0x0e, 0xff,
0x75, 0xa6, 0x0e, 0xff, 0x74, 0xa5, 0x0e, 0xff, 0x73, 0xa3, 0x0e, 0xff, 0x72, 0xa3, 0x0e, 0xff,
0x89, 0xbe, 0x25, 0xff, 0x99, 0xd3, 0x34, 0xff, 0x7c, 0xaa, 0x27, 0xff, 0x3f, 0x56, 0x0e, 0xff,
0x24, 0x2d, 0x03, 0xff, 0x22, 0x2c, 0x02, 0xff, 0x22, 0x2c, 0x02, 0xff, 0x24, 0x2d, 0x03, 0xff,
0x40, 0x57, 0x0e, 0xff, 0x7c, 0xab, 0x27, 0xff, 0x99, 0xd3, 0x34, 0xff, 0x84, 0xb8, 0x24, 0xff,
0x65, 0x90, 0x0c, 0xff, 0x64, 0x8d, 0x0c, 0xff, 0x63, 0x8c, 0x0c, 0xff, 0x62, 0x8a, 0x0c, 0xff,
0x61, 0x89, 0x0b, 0xff, 0x60, 0x87, 0x0b, 0xff, 0xcd, 0xf0, 0xa3, 0xff, 0xd0, 0xf3, 0xa7, 0xff,
0xd0, 0xf3, 0xa7, 0xff, 0xd0, 0xf3, 0xa7, 0xff, 0xd0, 0xf3, 0xa7, 0xff, 0xd0, 0xf3, 0xa7, 0xff,
0xd0, 0xf3, 0xa7, 0xff, 0x91, 0xb3, 0x54, 0xff, 0x58, 0x7a, 0x0a, 0xff, 0x57, 0x78, 0x0a, 0xff,
0x56, 0x77, 0x0a, 0xff, 0x94, 0xcd, 0x32, 0xff, 0x99, 0xd3, 0x34, 0xef, 0x00, 0x00, 0x00, 0x00,
0x00, 0x00, 0x00, 0x00, 0x00, 0x00, 0x00, 0x00, 0x00, 0x00, 0x00, 0x00, 0x00, 0x00, 0x00, 0x00,
0x00, 0x00, 0x00, 0x00, 0x00, 0x00, 0x00, 0x00, 0x00, 0x00, 0x00, 0x00, 0x00, 0x00, 0x00, 0x00,
0x00, 0x00, 0x00, 0x00, 0x99, 0xd3, 0x34, 0xef, 0x96, 0xd0, 0x32, 0xff, 0x75, 0xa6, 0x0e, 0xff,
0x74, 0xa4, 0x0e, 0xff, 0x73, 0xa3, 0x0e, 0xff, 0x72, 0xa1, 0x0e, 0xff, 0x86, 0xbb, 0x22, 0xff,
0x99, 0xd3, 0x34, 0xff, 0x5f, 0x82, 0x1c, 0xff, 0x23, 0x2d, 0x02, 0xff, 0x22, 0x2c, 0x02, 0xff,
0x22, 0x2c, 0x02, 0xff, 0x22, 0x2c, 0x02, 0xff, 0x22, 0x2c, 0x02, 0xff, 0x22, 0x2c, 0x02, 0xff,
0x22, 0x2c, 0x02, 0xff, 0x23, 0x2d, 0x02, 0xff, 0x60, 0x81, 0x1c, 0xff, 0x99, 0xd3, 0x34, 0xff,
0x7f, 0xb1, 0x21, 0xff, 0x63, 0x8b, 0x0c, 0xff, 0x62, 0x8a, 0x0c, 0xff, 0x61, 0x88, 0x0b, 0xff,
0x60, 0x87, 0x0b, 0xff, 0x5f, 0x85, 0x0b, 0xff, 0xd0, 0xf3, 0xa7, 0xff, 0xd0, 0xf3, 0xa7, 0xff,
0xd0, 0xf3, 0xa7, 0xff, 0xd0, 0xf3, 0xa7, 0xff, 0xd0, 0xf3, 0xa7, 0xff, 0xd0, 0xf3, 0xa7, 0xff,
0xd0, 0xf3, 0xa7, 0xff, 0x93, 0xb6, 0x59, 0xff, 0x56, 0x78, 0x0a, 0xff, 0x55, 0x76, 0x0a, 0xff,
0x54, 0x75, 0x0a, 0xff, 0x94, 0xcd, 0x32, 0xff, 0x99, 0xd3, 0x34, 0xef, 0x00, 0x00, 0x00, 0x00,
0x00, 0x00, 0x00, 0x00, 0x00, 0x00, 0x00, 0x00, 0x00, 0x00, 0x00, 0x00, 0x00, 0x00, 0x00, 0x00,
0x00, 0x00, 0x00, 0x00, 0x00, 0x00, 0x00, 0x00, 0x00, 0x00, 0x00, 0x00, 0x00, 0x00, 0x00, 0x00,
0x00, 0x00, 0x00, 0x00, 0x99, 0xd3, 0x34, 0xef, 0x96, 0xd0, 0x32, 0xff, 0x73, 0xa4, 0x0e, 0xff,
0x72, 0xa2, 0x0e, 0xff, 0x71, 0xa1, 0x0e, 0xff, 0x78, 0xa9, 0x15, 0xff, 0x99, 0xd2, 0x34, 0xff,
0x69, 0x8f, 0x20, 0xff, 0x22, 0x2c, 0x02, 0xff, 0x22, 0x2c, 0x02, 0xff, 0x22, 0x2c, 0x02, 0xff,
0x22, 0x2c, 0x02, 0xff, 0x22, 0x2c, 0x02, 0xff, 0x22, 0x2c, 0x02, 0xff, 0x22, 0x2c, 0x02, 0xff,
0x22, 0x2c, 0x02, 0xff, 0x22, 0x2c, 0x02, 0xff, 0x22, 0x2c, 0x02, 0xff, 0x69, 0x90, 0x20, 0xff,
0x99, 0xd2, 0x34, 0xff, 0x6c, 0x96, 0x13, 0xff, 0x61, 0x88, 0x0b, 0xff, 0x60, 0x86, 0x0b, 0xff,
0x5f, 0x85, 0x0b, 0xff, 0x5e, 0x83, 0x0b, 0xff, 0xbe, 0xe1, 0x8e, 0xff, 0xd0, 0xf3, 0xa7, 0xff,
0xd0, 0xf3, 0xa7, 0xff, 0xd0, 0xf3, 0xa7, 0xff, 0xd0, 0xf3, 0xa7, 0xff, 0xd0, 0xf3, 0xa7, 0xff,
0xd0, 0xf3, 0xa7, 0xff, 0x81, 0xa4, 0x42, 0xff, 0x55, 0x76, 0x0a, 0xff, 0x54, 0x74, 0x0a, 0xff,
0x53, 0x73, 0x09, 0xff, 0x94, 0xcd, 0x32, 0xff, 0x99, 0xd3, 0x34, 0xef, 0x00, 0x00, 0x00, 0x00,
0x00, 0x00, 0x00, 0x00, 0x00, 0x00, 0x00, 0x00, 0x00, 0x00, 0x00, 0x00, 0x00, 0x00, 0x00, 0x00,
0x00, 0x00, 0x00, 0x00, 0x00, 0x00, 0x00, 0x00, 0x00, 0x00, 0x00, 0x00, 0x00, 0x00, 0x00, 0x00,
0x00, 0x00, 0x00, 0x00, 0x99, 0xd3, 0x34, 0xef, 0x96, 0xd0, 0x32, 0xff, 0x72, 0xa2, 0x0e, 0xff,
0x71, 0xa0, 0x0e, 0xff, 0x70, 0x9f, 0x0e, 0xff, 0x8a, 0xc1, 0x26, 0xff, 0x91, 0xc7, 0x30, 0xff,
0x28, 0x36, 0x05, 0xff, 0x22, 0x2c, 0x02, 0xff, 0x22, 0x2c, 0x02, 0xff, 0x22, 0x2c, 0x02, 0xff,
0x30, 0x40, 0x08, 0xff, 0x53, 0x71, 0x16, 0xff, 0x53, 0x71, 0x16, 0xff, 0x30, 0x40, 0x08, 0xff,
0x22, 0x2c, 0x02, 0xff, 0x22, 0x2c, 0x02, 0xff, 0x22, 0x2c, 0x02, 0xff, 0x2a, 0x36, 0x05, 0xff,
0x91, 0xc7, 0x30, 0xff, 0x85, 0xb8, 0x26, 0xff, 0x5f, 0x86, 0x0b, 0xff, 0x5e, 0x84, 0x0b, 0xff,
0x5e, 0x83, 0x0b, 0xff, 0x5d, 0x81, 0x0b, 0xff, 0x69, 0x8e, 0x1e, 0xff, 0x94, 0xb7, 0x57, 0xff,
0x99, 0xbc, 0x5e, 0xff, 0x99, 0xbb, 0x5e, 0xff, 0x98, 0xbb, 0x5e, 0xff, 0x98, 0xba, 0x5e, 0xff,
0x81, 0xa3, 0x41, 0xff, 0x56, 0x76, 0x0b, 0xff, 0x54, 0x74, 0x0a, 0xff, 0x53, 0x72, 0x09, 0xff,
0x52, 0x71, 0x09, 0xff, 0x94, 0xcd, 0x32, 0xff, 0x99, 0xd3, 0x34, 0xef, 0x00, 0x00, 0x00, 0x00,
0x00, 0x00, 0x00, 0x00, 0x00, 0x00, 0x00, 0x00, 0x00, 0x00, 0x00, 0x00, 0x00, 0x00, 0x00, 0x00,
0x00, 0x00, 0x00, 0x00, 0x00, 0x00, 0x00, 0x00, 0x00, 0x00, 0x00, 0x00, 0x00, 0x00, 0x00, 0x00,
0x00, 0x00, 0x00, 0x00, 0x99, 0xd3, 0x34, 0xef, 0x96, 0xd0, 0x32, 0xff, 0x71, 0xa0, 0x0e, 0xff,
0x70, 0x9e, 0x0e, 0xff, 0x70, 0x9f, 0x0e, 0xff, 0x96, 0xcf, 0x32, 0xff, 0x67, 0x8c, 0x1f, 0xff,
0x22, 0x2c, 0x02, 0xff, 0x22, 0x2c, 0x02, 0xff, 0x22, 0x2c, 0x02, 0xff, 0x3f, 0x56, 0x0e, 0xff,
0x94, 0xcd, 0x32, 0xff, 0x99, 0xd3, 0x34, 0xff, 0x99, 0xd3, 0x34, 0xff, 0x94, 0xcd, 0x32, 0xff,
0x3f, 0x56, 0x0e, 0xff, 0x22, 0x2c, 0x02, 0xff, 0x22, 0x2c, 0x02, 0xff, 0x22, 0x2c, 0x02, 0xff,
0x68, 0x8e, 0x20, 0xff, 0x95, 0xce, 0x31, 0xff, 0x60, 0x86, 0x0c, 0xff, 0x5d, 0x82, 0x0b, 0xff,
0x5c, 0x81, 0x0b, 0xff, 0x5b, 0x7f, 0x0b, 0xff, 0x5a, 0x7e, 0x0a, 0xff, 0x59, 0x7c, 0x0a, 0xff,
0x58, 0x7b, 0x0a, 0xff, 0x57, 0x79, 0x0a, 0xff, 0x56, 0x78, 0x0a, 0xff, 0x55, 0x76, 0x0a, 0xff,
0x54, 0x75, 0x0a, 0xff, 0x53, 0x73, 0x09, 0xff, 0x52, 0x72, 0x09, 0xff, 0x52, 0x70, 0x09, 0xff,
0x51, 0x6f, 0x09, 0xff, 0x94, 0xcd, 0x32, 0xff, 0x99, 0xd3, 0x34, 0xef, 0x00, 0x00, 0x00, 0x00,
0x00, 0x00, 0x00, 0x00, 0x00, 0x00, 0x00, 0x00, 0x00, 0x00, 0x00, 0x00, 0x00, 0x00, 0x00, 0x00,
0x00, 0x00, 0x00, 0x00, 0x00, 0x00, 0x00, 0x00, 0x00, 0x00, 0x00, 0x00, 0x00, 0x00, 0x00, 0x00,
0x00, 0x00, 0x00, 0x00, 0x99, 0xd3, 0x34, 0xef, 0x96, 0xd0, 0x32, 0xff, 0x6f, 0x9e, 0x0d, 0xff,
0x6e, 0x9d, 0x0d, 0xff, 0x73, 0xa3, 0x13, 0xff, 0x99, 0xd3, 0x34, 0xff, 0x4b, 0x67, 0x13, 0xff,
0x22, 0x2c, 0x02, 0xff, 0x22, 0x2c, 0x02, 0xff, 0x22, 0x2c, 0x02, 0xff, 0x80, 0xb0, 0x29, 0xff,
0x99, 0xd3, 0x34, 0xff, 0x99, 0xd3, 0x34, 0xff, 0x99, 0xd3, 0x34, 0xff, 0x99, 0xd3, 0x34, 0xff,
0x80, 0xb0, 0x29, 0xff, 0x22, 0x2c, 0x02, 0xff, 0x22, 0x2c, 0x02, 0xff, 0x22, 0x2c, 0x02, 0xff,
0x4d, 0x67, 0x14, 0xff, 0x99, 0xd3, 0x34, 0xff, 0x66, 0x8e, 0x11, 0xff, 0x5c, 0x80, 0x0b, 0xff,
0x5b, 0x7f, 0x0b, 0xff, 0x5a, 0x7d, 0x0a, 0xff, 0x59, 0x7c, 0x0a, 0xff, 0x58, 0x7a, 0x0a, 0xff,
0x57, 0x79, 0x0a, 0xff, 0x56, 0x77, 0x0a, 0xff, 0x55, 0x76, 0x0a, 0xff, 0x54, 0x74, 0x0a, 0xff,
0x53, 0x73, 0x09, 0xff, 0x52, 0x71, 0x09, 0xff, 0x51, 0x70, 0x09, 0xff, 0x50, 0x6e, 0x09, 0xff,
0x4f, 0x6d, 0x09, 0xff, 0x94, 0xcd, 0x32, 0xff, 0x99, 0xd3, 0x34, 0xef, 0x00, 0x00, 0x00, 0x00,
0x00, 0x00, 0x00, 0x00, 0x00, 0x00, 0x00, 0x00, 0x00, 0x00, 0x00, 0x00, 0x00, 0x00, 0x00, 0x00,
0x00, 0x00, 0x00, 0x00, 0x00, 0x00, 0x00, 0x00, 0x00, 0x00, 0x00, 0x00, 0x00, 0x00, 0x00, 0x00,
0x00, 0x00, 0x00, 0x00, 0x99, 0xd3, 0x34, 0xef, 0x96, 0xd0, 0x32, 0xff, 0x6e, 0x9c, 0x0d, 0xff,
0x6d, 0x9b, 0x0d, 0xff, 0x76, 0xa6, 0x16, 0xff, 0x99, 0xd3, 0x34, 0xff, 0x43, 0x5a, 0x0f, 0xff,
0x22, 0x2c, 0x02, 0xff, 0x22, 0x2c, 0x02, 0xff, 0x22, 0x2c, 0x02, 0xff, 0x94, 0xcb, 0x32, 0xff,
0x99, 0xd3, 0x34, 0xff, 0x99, 0xd3, 0x34, 0xff, 0x99, 0xd3, 0x34, 0xff, 0x99, 0xd3, 0x34, 0xff,
0x94, 0xcb, 0x32, 0xff, 0x22, 0x2c, 0x02, 0xff, 0x22, 0x2c, 0x02, 0xff, 0x22, 0x2c, 0x02, 0xff,
0x43, 0x5a, 0x0f, 0xff, 0x99, 0xd3, 0x34, 0xff, 0x69, 0x92, 0x15, 0xff, 0x5b, 0x7e, 0x0b, 0xff,
0x5a, 0x7d, 0x0a, 0xff, 0x59, 0x7b, 0x0a, 0xff, 0x58, 0x7a, 0x0a, 0xff, 0x57, 0x78, 0x0a, 0xff,
0x56, 0x77, 0x0a, 0xff, 0x55, 0x75, 0x0a, 0xff, 0x54, 0x74, 0x0a, 0xff, 0x53, 0x72, 0x09, 0xff,
0x52, 0x71, 0x09, 0xff, 0x51, 0x6f, 0x09, 0xff, 0x50, 0x6e, 0x09, 0xff, 0x4f, 0x6c, 0x09, 0xff,
0x4e, 0x6b, 0x09, 0xff, 0x94, 0xcd, 0x32, 0xff, 0x99, 0xd3, 0x34, 0xef, 0x00, 0x00, 0x00, 0x00,
0x00, 0x00, 0x00, 0x00, 0x00, 0x00, 0x00, 0x00, 0x00, 0x00, 0x00, 0x00, 0x00, 0x00, 0x00, 0x00,
0x00, 0x00, 0x00, 0x00, 0x00, 0x00, 0x00, 0x00, 0x00, 0x00, 0x00, 0x00, 0x00, 0x00, 0x00, 0x00,
0x00, 0x00, 0x00, 0x00, 0x99, 0xd3, 0x34, 0xef, 0x96, 0xd0, 0x32, 0xff, 0x6d, 0x9a, 0x0d, 0xff,
0x6c, 0x99, 0x0d, 0xff, 0x72, 0x9f, 0x13, 0xff, 0x99, 0xd3, 0x34, 0xff, 0x4b, 0x67, 0x13, 0xff,
0x22, 0x2c, 0x02, 0xff, 0x22, 0x2c, 0x02, 0xff, 0x22, 0x2c, 0x02, 0xff, 0x80, 0xb0, 0x29, 0xff,
0x99, 0xd3, 0x34, 0xff, 0x99, 0xd3, 0x34, 0xff, 0x99, 0xd3, 0x34, 0xff, 0x99, 0xd3, 0x34, 0xff,
0x80, 0xb0, 0x29, 0xff, 0x22, 0x2c, 0x02, 0xff, 0x22, 0x2c, 0x02, 0xff, 0x22, 0x2c, 0x02, 0xff,
0x4d, 0x67, 0x14, 0xff, 0x99, 0xd3, 0x34, 0xff, 0x63, 0x8b, 0x11, 0xff, 0x59, 0x7c, 0x0a, 0xff,
0x58, 0x7b, 0x0a, 0xff, 0x57, 0x79, 0x0a, 0xff, 0x56, 0x78, 0x0a, 0xff, 0x49, 0x66, 0x08, 0xff,
0x33, 0x45, 0x06, 0xff, 0x2a, 0x37, 0x05, 0xff, 0x2e, 0x3f, 0x06, 0xff, 0x3a, 0x4f, 0x06, 0xff,
0x4f, 0x6d, 0x09, 0xff, 0x50, 0x6d, 0x09, 0xff, 0x4f, 0x6c, 0x09, 0xff, 0x4e, 0x6a, 0x09, 0xff,
0x4d, 0x69, 0x09, 0xff, 0x94, 0xcd, 0x31, 0xff, 0x99, 0xd3, 0x34, 0xef, 0x00, 0x00, 0x00, 0x00,
0x00, 0x00, 0x00, 0x00, 0x00, 0x00, 0x00, 0x00, 0x00, 0x00, 0x00, 0x00, 0x00, 0x00, 0x00, 0x00,
0x00, 0x00, 0x00, 0x00, 0x00, 0x00, 0x00, 0x00, 0x00, 0x00, 0x00, 0x00, 0x00, 0x00, 0x00, 0x00,
0x00, 0x00, 0x00, 0x00, 0x99, 0xd3, 0x34, 0xef, 0x96, 0xd0, 0x32, 0xff, 0x6b, 0x98, 0x0d, 0xff,
0x6a, 0x97, 0x0d, 0xff, 0x6b, 0x97, 0x0e, 0xff, 0x96, 0xce, 0x32, 0xff, 0x67, 0x8d, 0x1f, 0xff,
0x22, 0x2c, 0x02, 0xff, 0x22, 0x2c, 0x02, 0xff, 0x22, 0x2c, 0x02, 0xff, 0x3f, 0x56, 0x0e, 0xff,
0x94, 0xcd, 0x32, 0xff, 0x99, 0xd3, 0x34, 0xff, 0x99, 0xd3, 0x34, 0xff, 0x94, 0xcd, 0x32, 0xff,
0x3f, 0x56, 0x0e, 0xff, 0x22, 0x2c, 0x02, 0xff, 0x22, 0x2c, 0x02, 0xff, 0x22, 0x2c, 0x02, 0xff,
0x69, 0x8f, 0x20, 0xff, 0x95, 0xcd, 0x31, 0xff, 0x5b, 0x7e, 0x0b, 0xff, 0x58, 0x7a, 0x0a, 0xff,
0x57, 0x79, 0x0a, 0xff, 0x56, 0x77, 0x0a, 0xff, 0x46, 0x61, 0x08, 0xff, 0x26, 0x31, 0x03, 0xff,
0x5d, 0x7f, 0x1b, 0xff, 0x7c, 0xac, 0x28, 0xff, 0x72, 0x9c, 0x24, 0xff, 0x3a, 0x4e, 0x0c, 0xff,
0x30, 0x3f, 0x06, 0xff, 0x4d, 0x6b, 0x09, 0xff, 0x4d, 0x6a, 0x09, 0xff, 0x4c, 0x69, 0x08, 0xff,
0x4b, 0x67, 0x08, 0xff, 0x94, 0xcc, 0x31, 0xff, 0x99, 0xd3, 0x34, 0xef, 0x00, 0x00, 0x00, 0x00,
0x00, 0x00, 0x00, 0x00, 0x00, 0x00, 0x00, 0x00, 0x00, 0x00, 0x00, 0x00, 0x00, 0x00, 0x00, 0x00,
0x00, 0x00, 0x00, 0x00, 0x00, 0x00, 0x00, 0x00, 0x00, 0x00, 0x00, 0x00, 0x00, 0x00, 0x00, 0x00,
0x00, 0x00, 0x00, 0x00, 0x99, 0xd3, 0x34, 0xef, 0x96, 0xd0, 0x32, 0xff, 0x6a, 0x96, 0x0d, 0xff,
0x69, 0x95, 0x0d, 0xff, 0x68, 0x93, 0x0c, 0xff, 0x88, 0xbc, 0x26, 0xff, 0x91, 0xc7, 0x30, 0xff,
0x29, 0x35, 0x05, 0xff, 0x22, 0x2c, 0x02, 0xff, 0x22, 0x2c, 0x02, 0xff, 0x22, 0x2c, 0x02, 0xff,
0x30, 0x40, 0x08, 0xff, 0x53, 0x71, 0x16, 0xff, 0x53, 0x71, 0x16, 0xff, 0x30, 0x40, 0x08, 0xff,
0x22, 0x2c, 0x02, 0xff, 0x22, 0x2c, 0x02, 0xff, 0x22, 0x2c, 0x02, 0xff, 0x2a, 0x36, 0x05, 0xff,
0x91, 0xc8, 0x30, 0xff, 0x83, 0xb4, 0x25, 0xff, 0x58, 0x7a, 0x0a, 0xff, 0x57, 0x78, 0x0a, 0xff,
0x56, 0x77, 0x0a, 0xff, 0x54, 0x74, 0x0a, 0xff, 0x29, 0x37, 0x04, 0xff, 0x6d, 0x94, 0x22, 0xff,
0x99, 0xd3, 0x34, 0xff, 0x99, 0xd3, 0x34, 0xff, 0x99, 0xd3, 0x34, 0xff, 0x95, 0xce, 0x32, 0xff,
0x32, 0x42, 0x09, 0xff, 0x3c, 0x51, 0x06, 0xff, 0x4c, 0x68, 0x08, 0xff, 0x4b, 0x67, 0x08, 0xff,
0x4a, 0x65, 0x08, 0xff, 0x94, 0xcc, 0x31, 0xff, 0x99, 0xd3, 0x34, 0xef, 0x00, 0x00, 0x00, 0x00,
0x00, 0x00, 0x00, 0x00, 0x00, 0x00, 0x00, 0x00, 0x00, 0x00, 0x00, 0x00, 0x00, 0x00, 0x00, 0x00,
0x00, 0x00, 0x00, 0x00, 0x00, 0x00, 0x00, 0x00, 0x00, 0x00, 0x00, 0x00, 0x00, 0x00, 0x00, 0x00,
0x00, 0x00, 0x00, 0x00, 0x99, 0xd3, 0x34, 0xef, 0x96, 0xcf, 0x32, 0xff, 0x69, 0x94, 0x0d, 0xff,
0x68, 0x93, 0x0c, 0xff, 0x67, 0x91, 0x0c, 0xff, 0x6f, 0x9c, 0x14, 0xff, 0x99, 0xd2, 0x34, 0xff,
0x6a, 0x91, 0x20, 0xff, 0x22, 0x2c, 0x02, 0xff, 0x22, 0x2c, 0x02, 0xff, 0x22, 0x2c, 0x02, 0xff,
0x22, 0x2c, 0x02, 0xff, 0x22, 0x2c, 0x02, 0xff, 0x22, 0x2c, 0x02, 0xff, 0x22, 0x2c, 0x02, 0xff,
0x22, 0x2c, 0x02, 0xff, 0x22, 0x2c, 0x02, 0xff, 0x22, 0x2c, 0x02, 0xff, 0x6a, 0x91, 0x21, 0xff,
0x98, 0xd2, 0x33, 0xff, 0x63, 0x89, 0x11, 0xff, 0x56, 0x78, 0x0a, 0xff, 0x55, 0x76, 0x0a, 0xff,
0x54, 0x75, 0x0a, 0xff, 0x4c, 0x69, 0x08, 0xff, 0x24, 0x2f, 0x03, 0xff, 0x98, 0xd1, 0x33, 0xff,
0x99, 0xd3, 0x34, 0xff, 0x99, 0xd3, 0x34, 0xff, 0x99, 0xd3, 0x34, 0xff, 0x99, 0xd3, 0x34, 0xff,
0x5e, 0x80, 0x1b, 0xff, 0x34, 0x45, 0x05, 0xff, 0x4b, 0x66, 0x08, 0xff, 0x4a, 0x65, 0x08, 0xff,
0x49, 0x63, 0x08, 0xff, 0x94, 0xcc, 0x31, 0xff, 0x99, 0xd3, 0x34, 0xef, 0x00, 0x00, 0x00, 0x00,
0x00, 0x00, 0x00, 0x00, 0x00, 0x00, 0x00, 0x00, 0x00, 0x00, 0x00, 0x00, 0x00, 0x00, 0x00, 0x00,
0x00, 0x00, 0x00, 0x00, 0x00, 0x00, 0x00, 0x00, 0x00, 0x00, 0x00, 0x00, 0x00, 0x00, 0x00, 0x00,
0x00, 0x00, 0x00, 0x00, 0x99, 0xd3, 0x34, 0xef, 0x96, 0xcf, 0x32, 0xff, 0x68, 0x92, 0x0c, 0xff,
0x67, 0x91, 0x0c, 0xff, 0x66, 0x8f, 0x0c, 0xff, 0x65, 0x8e, 0x0c, 0xff, 0x80, 0xb1, 0x21, 0xff,
0x99, 0xd3, 0x34, 0xff, 0x60, 0x81, 0x1c, 0xff, 0x23, 0x2d, 0x02, 0xff, 0x22, 0x2c, 0x02, 0xff,
0x22, 0x2c, 0x02, 0xff, 0x22, 0x2c, 0x02, 0xff, 0x22, 0x2c, 0x02, 0xff, 0x22, 0x2c, 0x02, 0xff,
0x22, 0x2c, 0x02, 0xff, 0x23, 0x2d, 0x02, 0xff, 0x60, 0x83, 0x1c, 0xff, 0x99, 0xd3, 0x34, 0xff,
0x79, 0xa7, 0x20, 0xff, 0x56, 0x77, 0x0a, 0xff, 0x55, 0x76, 0x0a, 0xff, 0x54, 0x74, 0x0a, 0xff,
0x53, 0x73, 0x09, 0xff, 0x4b, 0x67, 0x08, 0xff, 0x24, 0x2f, 0x03, 0xff, 0x98, 0xd1, 0x33, 0xff,
0x99, 0xd3, 0x34, 0xff, 0x99, 0xd3, 0x34, 0xff, 0x99, 0xd3, 0x34, 0xff, 0x99, 0xd3, 0x34, 0xff,
0x5e, 0x80, 0x1b, 0xff, 0x33, 0x44, 0x05, 0xff, 0x49, 0x64, 0x08, 0xff, 0x48, 0x63, 0x08, 0xff,
0x47, 0x61, 0x08, 0xff, 0x93, 0xcc, 0x31, 0xff, 0x99, 0xd3, 0x34, 0xef, 0x00, 0x00, 0x00, 0x00,
0x00, 0x00, 0x00, 0x00, 0x00, 0x00, 0x00, 0x00, 0x00, 0x00, 0x00, 0x00, 0x00, 0x00, 0x00, 0x00,
0x00, 0x00, 0x00, 0x00, 0x00, 0x00, 0x00, 0x00, 0x00, 0x00, 0x00, 0x00, 0x00, 0x00, 0x00, 0x00,
0x00, 0x00, 0x00, 0x00, 0x99, 0xd3, 0x34, 0xef, 0x95, 0xcf, 0x32, 0xff, 0x66, 0x90, 0x0c, 0xff,
0x65, 0x8f, 0x0c, 0xff, 0x64, 0x8d, 0x0c, 0xff, 0x63, 0x8c, 0x0c, 0xff, 0x62, 0x8b, 0x0c, 0xff,
0x82, 0xb5, 0x23, 0xff, 0x99, 0xd3, 0x34, 0xff, 0x7d, 0xac, 0x28, 0xff, 0x41, 0x57, 0x0f, 0xff,
0x24, 0x2d, 0x03, 0xff, 0x22, 0x2c, 0x02, 0xff, 0x22, 0x2c, 0x02, 0xff, 0x24, 0x2d, 0x03, 0xff,
0x41, 0x57, 0x0f, 0xff, 0x7d, 0xac, 0x28, 0xff, 0x99, 0xd3, 0x34, 0xff, 0x7f, 0xaf, 0x23, 0xff,
0x56, 0x78, 0x0a, 0xff, 0x55, 0x75, 0x0a, 0xff, 0x54, 0x74, 0x0a, 0xff, 0x53, 0x72, 0x09, 0xff,
0x52, 0x71, 0x09, 0xff, 0x50, 0x6e, 0x09, 0xff, 0x29, 0x36, 0x04, 0xff, 0x6d, 0x94, 0x22, 0xff,
0x99, 0xd3, 0x34, 0xff, 0x99, 0xd3, 0x34, 0xff, 0x99, 0xd3, 0x34, 0xff, 0x95, 0xce, 0x32, 0xff,
0x33, 0x43, 0x09, 0xff, 0x39, 0x4e, 0x06, 0xff, 0x48, 0x62, 0x08, 0xff, 0x47, 0x61, 0x08, 0xff,
0x46, 0x5f, 0x08, 0xff, 0x93, 0xcc, 0x31, 0xff, 0x99, 0xd3, 0x34, 0xef, 0x00, 0x00, 0x00, 0x00,
0x00, 0x00, 0x00, 0x00, 0x00, 0x00, 0x00, 0x00, 0x00, 0x00, 0x00, 0x00, 0x00, 0x00, 0x00, 0x00,
0x00, 0x00, 0x00, 0x00, 0x00, 0x00, 0x00, 0x00, 0x00, 0x00, 0x00, 0x00, 0x00, 0x00, 0x00, 0x00,
0x00, 0x00, 0x00, 0x00, 0x99, 0xd3, 0x34, 0xef, 0x95, 0xcf, 0x32, 0xff, 0x65, 0x8e, 0x0c, 0xff,
0x64, 0x8d, 0x0c, 0xff, 0x63, 0x8b, 0x0c, 0xff, 0x62, 0x8a, 0x0c, 0xff, 0x61, 0x88, 0x0b, 0xff,
0x60, 0x87, 0x0b, 0xff, 0x75, 0xa2, 0x1b, 0xff, 0x93, 0xca, 0x30, 0xff, 0x99, 0xd3, 0x34, 0xff,
0x92, 0xc9, 0x31, 0xff, 0x82, 0xb3, 0x2b, 0xff, 0x82, 0xb3, 0x2a, 0xff, 0x92, 0xc9, 0x31, 0xff,
0x99, 0xd3, 0x34, 0xff, 0x91, 0xc8, 0x30, 0xff, 0x6f, 0x9a, 0x19, 0xff, 0x55, 0x76, 0x0a, 0xff,
0x54, 0x75, 0x0a, 0xff, 0x53, 0x73, 0x09, 0xff, 0x52, 0x72, 0x09, 0xff, 0x52, 0x70, 0x09, 0xff,
0x51, 0x6f, 0x09, 0xff, 0x50, 0x6d, 0x09, 0xff, 0x42, 0x5a, 0x07, 0xff, 0x26, 0x31, 0x03, 0xff,
0x5d, 0x7f, 0x1b, 0xff, 0x7c, 0xac, 0x28, 0xff, 0x72, 0x9c, 0x24, 0xff, 0x3a, 0x4d, 0x0c, 0xff,
0x2f, 0x3d, 0x05, 0xff, 0x47, 0x62, 0x08, 0xff, 0x47, 0x60, 0x08, 0xff, 0x46, 0x5f, 0x08, 0xff,
0x45, 0x5d, 0x07, 0xff, 0x93, 0xcc, 0x31, 0xff, 0x99, 0xd3, 0x34, 0xef, 0x00, 0x00, 0x00, 0x00,
0x00, 0x00, 0x00, 0x00, 0x00, 0x00, 0x00, 0x00, 0x00, 0x00, 0x00, 0x00, 0x00, 0x00, 0x00, 0x00,
0x00, 0x00, 0x00, 0x00, 0x00, 0x00, 0x00, 0x00, 0x00, 0x00, 0x00, 0x00, 0x00, 0x00, 0x00, 0x00,
0x00, 0x00, 0x00, 0x00, 0x99, 0xd3, 0x34, 0xe1, 0x98, 0xd2, 0x33, 0xff, 0x64, 0x8d, 0x0d, 0xff,
0x63, 0x8b, 0x0c, 0xff, 0x62, 0x89, 0x0c, 0xff, 0x61, 0x88, 0x0b, 0xff, 0x60, 0x86, 0x0b, 0xff,
0x5f, 0x85, 0x0b, 0xff, 0x5e, 0x83, 0x0b, 0xff, 0x5f, 0x84, 0x0d, 0xff, 0x6f, 0x9b, 0x18, 0xff,
0x7f, 0xb0, 0x23, 0xff, 0x86, 0xb9, 0x27, 0xff, 0x86, 0xb8, 0x27, 0xff, 0x7e, 0xad, 0x22, 0xff,
0x6c, 0x96, 0x18, 0xff, 0x58, 0x7a, 0x0c, 0xff, 0x55, 0x76, 0x0a, 0xff, 0x54, 0x74, 0x0a, 0xff,
0x53, 0x73, 0x09, 0xff, 0x52, 0x71, 0x09, 0xff, 0x51, 0x70, 0x09, 0xff, 0x50, 0x6e, 0x09, 0xff,
0x4f, 0x6d, 0x09, 0xff, 0x4e, 0x6b, 0x09, 0xff, 0x4d, 0x6a, 0x09, 0xff, 0x42, 0x5c, 0x06, 0xff,
0x31, 0x41, 0x05, 0xff, 0x29, 0x37, 0x04, 0xff, 0x2d, 0x3d, 0x06, 0xff, 0x36, 0x48, 0x05, 0xff,
0x45, 0x5f, 0x08, 0xff, 0x47, 0x60, 0x08, 0xff, 0x46, 0x5e, 0x08, 0xff, 0x45, 0x5d, 0x07, 0xff,
0x44, 0x5c, 0x07, 0xff, 0x97, 0xd1, 0x33, 0xff, 0x99, 0xd3, 0x34, 0xe2, 0x00, 0x00, 0x00, 0x00,
0x00, 0x00, 0x00, 0x00, 0x00, 0x00, 0x00, 0x00, 0x00, 0x00, 0x00, 0x00, 0x00, 0x00, 0x00, 0x00,
0x00, 0x00, 0x00, 0x00, 0x00, 0x00, 0x00, 0x00, 0x00, 0x00, 0x00, 0x00, 0x00, 0x00, 0x00, 0x00,
0x00, 0x00, 0x00, 0x00, 0x98, 0xd3, 0x33, 0xb3, 0x99, 0xd3, 0x34, 0xff, 0x70, 0x9e, 0x17, 0xff,
0x61, 0x89, 0x0b, 0xff, 0x60, 0x87, 0x0b, 0xff, 0x5f, 0x86, 0x0b, 0xff, 0x5e, 0x84, 0x0b, 0xff,
0x5e, 0x83, 0x0b, 0xff, 0x5d, 0x81, 0x0b, 0xff, 0x5c, 0x80, 0x0b, 0xff, 0x5b, 0x7e, 0x0b, 0xff,
0x5a, 0x7d, 0x0a, 0xff, 0x59, 0x7b, 0x0a, 0xff, 0x58, 0x7a, 0x0a, 0xff, 0x57, 0x78, 0x0a, 0xff,
0x56, 0x77, 0x0a, 0xff, 0x55, 0x75, 0x0a, 0xff, 0x54, 0x74, 0x0a, 0xff, 0x53, 0x72, 0x09, 0xff,
0x52, 0x71, 0x09, 0xff, 0x51, 0x6f, 0x09, 0xff, 0x50, 0x6e, 0x09, 0xff, 0x4f, 0x6c, 0x09, 0xff,
0x4e, 0x6b, 0x09, 0xff, 0x4d, 0x69, 0x09, 0xff, 0x4c, 0x68, 0x08, 0xff, 0x4b, 0x67, 0x08, 0xff,
0x4a, 0x65, 0x08, 0xff, 0x49, 0x64, 0x08, 0xff, 0x48, 0x62, 0x08, 0xff, 0x47, 0x61, 0x08, 0xff,
0x46, 0x5f, 0x08, 0xff, 0x45, 0x5e, 0x07, 0xff, 0x44, 0x5c, 0x07, 0xff, 0x43, 0x5b, 0x07, 0xff,
0x52, 0x71, 0x10, 0xff, 0x99, 0xd3, 0x34, 0xff, 0x99, 0xd3, 0x34, 0xbe, 0x00, 0x00, 0x00, 0x00,
0x00, 0x00, 0x00, 0x00, 0x00, 0x00, 0x00, 0x00, 0x00, 0x00, 0x00, 0x00, 0x00, 0x00, 0x00, 0x00,
0x00, 0x00, 0x00, 0x00, 0x00, 0x00, 0x00, 0x00, 0x00, 0x00, 0x00, 0x00, 0x00, 0x00, 0x00, 0x00,
0x00, 0x00, 0x00, 0x00, 0x9a, 0xd3, 0x35, 0x56, 0x99, 0xd3, 0x34, 0xff, 0x8c, 0xc3, 0x2b, 0xff,
0x60, 0x88, 0x0c, 0xff, 0x5f, 0x85, 0x0b, 0xff, 0x5e, 0x84, 0x0b, 0xff, 0x5d, 0x82, 0x0b, 0xff,
0x5c, 0x81, 0x0b, 0xff, 0x5b, 0x7f, 0x0b, 0xff, 0x5a, 0x7e, 0x0a, 0xff, 0x59, 0x7c, 0x0a, 0xff,
0x58, 0x7b, 0x0a, 0xff, 0x57, 0x79, 0x0a, 0xff, 0x56, 0x78, 0x0a, 0xff, 0x55, 0x76, 0x0a, 0xff,
0x54, 0x75, 0x0a, 0xff, 0x53, 0x73, 0x09, 0xff, 0x52, 0x72, 0x09, 0xff, 0x52, 0x70, 0x09, 0xff,
0x51, 0x6f, 0x09, 0xff, 0x50, 0x6d, 0x09, 0xff, 0x4f, 0x6c, 0x09, 0xff, 0x4e, 0x6a, 0x09, 0xff,
0x4d, 0x69, 0x09, 0xff, 0x4c, 0x68, 0x08, 0xff, 0x4b, 0x66, 0x08, 0xff, 0x4a, 0x65, 0x08, 0xff,
0x49, 0x63, 0x08, 0xff, 0x48, 0x62, 0x08, 0xff, 0x47, 0x60, 0x08, 0xff, 0x46, 0x5f, 0x08, 0xff,
0x45, 0x5d, 0x07, 0xff, 0x44, 0x5c, 0x07, 0xff, 0x43, 0x5a, 0x07, 0xff, 0x42, 0x59, 0x07, 0xff,
0x79, 0xa5, 0x24, 0xff, 0x99, 0xd3, 0x34, 0xff, 0x99, 0xd4, 0x34, 0x70, 0x00, 0x00, 0x00, 0x00,
0x00, 0x00, 0x00, 0x00, 0x00, 0x00, 0x00, 0x00, 0x00, 0x00, 0x00, 0x00, 0x00, 0x00, 0x00, 0x00,
0x00, 0x00, 0x00, 0x00, 0x00, 0x00, 0x00, 0x00, 0x00, 0x00, 0x00, 0x00, 0x00, 0x00, 0x00, 0x00,
0x00, 0x00, 0x00, 0x00, 0x80, 0xff, 0x00, 0x02, 0x99, 0xd2, 0x34, 0xc8, 0x99, 0xd3, 0x34, 0xff,
0x82, 0xb4, 0x23, 0xff, 0x5e, 0x84, 0x0b, 0xff, 0x5d, 0x82, 0x0b, 0xff, 0x5c, 0x80, 0x0b, 0xff,
0x5b, 0x7f, 0x0b, 0xff, 0x5a, 0x7d, 0x0a, 0xff, 0x59, 0x7c, 0x0a, 0xff, 0x58, 0x7a, 0x0a, 0xff,
0x57, 0x79, 0x0a, 0xff, 0x56, 0x77, 0x0a, 0xff, 0x55, 0x76, 0x0a, 0xff, 0x54, 0x74, 0x0a, 0xff,
0x53, 0x73, 0x09, 0xff, 0x52, 0x71, 0x09, 0xff, 0x51, 0x70, 0x09, 0xff, 0x50, 0x6e, 0x09, 0xff,
0x4f, 0x6d, 0x09, 0xff, 0x4e, 0x6b, 0x09, 0xff, 0x4d, 0x6a, 0x09, 0xff, 0x4c, 0x69, 0x08, 0xff,
0x4b, 0x67, 0x08, 0xff, 0x4a, 0x66, 0x08, 0xff, 0x49, 0x64, 0x08, 0xff, 0x48, 0x63, 0x08, 0xff,
0x47, 0x61, 0x08, 0xff, 0x47, 0x60, 0x08, 0xff, 0x46, 0x5e, 0x08, 0xff, 0x45, 0x5d, 0x07, 0xff,
0x44, 0x5b, 0x07, 0xff, 0x43, 0x5a, 0x07, 0xff, 0x42, 0x58, 0x07, 0xff, 0x64, 0x88, 0x18, 0xff,
0x99, 0xd3, 0x34, 0xff, 0x99, 0xd2, 0x34, 0xe8, 0x95, 0xd5, 0x2b, 0x0c, 0x00, 0x00, 0x00, 0x00,
0x00, 0x00, 0x00, 0x00, 0x00, 0x00, 0x00, 0x00, 0x00, 0x00, 0x00, 0x00, 0x00, 0x00, 0x00, 0x00,
0x00, 0x00, 0x00, 0x00, 0x00, 0x00, 0x00, 0x00, 0x00, 0x00, 0x00, 0x00, 0x00, 0x00, 0x00, 0x00,
0x00, 0x00, 0x00, 0x00, 0x00, 0x00, 0x00, 0x00, 0x9c, 0xd6, 0x31, 0x1f, 0x98, 0xd2, 0x34, 0xe7,
0x99, 0xd3, 0x34, 0xff, 0x8b, 0xbf, 0x2a, 0xff, 0x6b, 0x95, 0x15, 0xff, 0x5c, 0x7f, 0x0c, 0xff,
0x5a, 0x7d, 0x0a, 0xff, 0x59, 0x7b, 0x0a, 0xff, 0x58, 0x7a, 0x0a, 0xff, 0x57, 0x78, 0x0a, 0xff,
0x56, 0x77, 0x0a, 0xff, 0x55, 0x75, 0x0a, 0xff, 0x54, 0x74, 0x0a, 0xff, 0x53, 0x72, 0x09, 0xff,
0x52, 0x71, 0x09, 0xff, 0x51, 0x6f, 0x09, 0xff, 0x50, 0x6e, 0x09, 0xff, 0x4f, 0x6c, 0x09, 0xff,
0x4e, 0x6b, 0x09, 0xff, 0x4d, 0x69, 0x09, 0xff, 0x4c, 0x68, 0x08, 0xff, 0x4b, 0x67, 0x08, 0xff,
0x4a, 0x65, 0x08, 0xff, 0x49, 0x64, 0x08, 0xff, 0x48, 0x62, 0x08, 0xff, 0x47, 0x61, 0x08, 0xff,
0x46, 0x5f, 0x08, 0xff, 0x45, 0x5e, 0x07, 0xff, 0x44, 0x5c, 0x07, 0xff, 0x43, 0x5b, 0x07, 0xff,
0x43, 0x5a, 0x07, 0xff, 0x52, 0x70, 0x10, 0xff, 0x79, 0xa5, 0x24, 0xff, 0x99, 0xd3, 0x34, 0xff,
0x98, 0xd2, 0x34, 0xfb, 0x99, 0xd4, 0x33, 0x41, 0x00, 0x00, 0x00, 0x00, 0x00, 0x00, 0x00, 0x00,
0x00, 0x00, 0x00, 0x00, 0x00, 0x00, 0x00, 0x00, 0x00, 0x00, 0x00, 0x00, 0x00, 0x00, 0x00, 0x00,
0x00, 0x00, 0x00, 0x00, 0x00, 0x00, 0x00, 0x00, 0x00, 0x00, 0x00, 0x00, 0x00, 0x00, 0x00, 0x00,
0x00, 0x00, 0x00, 0x00, 0x00, 0x00, 0x00, 0x00, 0x00, 0x00, 0x00, 0x00, 0x9b, 0xd1, 0x36, 0x21,
0x99, 0xd3, 0x34, 0xcd, 0x99, 0xd3, 0x34, 0xff, 0x99, 0xd3, 0x34, 0xff, 0x98, 0xd2, 0x33, 0xff,
0x95, 0xcd, 0x32, 0xff, 0x95, 0xcd, 0x32, 0xff, 0x95, 0xcd, 0x32, 0xff, 0x95, 0xcd, 0x32, 0xff,
0x95, 0xcd, 0x32, 0xff, 0x95, 0xcd, 0x32, 0xff, 0x94, 0xcd, 0x32, 0xff, 0x94, 0xcc, 0x32, 0xff,
0x94, 0xcc, 0x32, 0xff, 0x94, 0xcc, 0x32, 0xff, 0x94, 0xcc, 0x32, 0xff, 0x94, 0xcc, 0x32, 0xff,
0x94, 0xcc, 0x32, 0xff, 0x94, 0xcc, 0x32, 0xff, 0x94, 0xcc, 0x32, 0xff, 0x94, 0xcc, 0x32, 0xff,
0x94, 0xcc, 0x32, 0xff, 0x94, 0xcc, 0x32, 0xff, 0x94, 0xcb, 0x32, 0xff, 0x94, 0xcb, 0x32, 0xff,
0x94, 0xcb, 0x31, 0xff, 0x94, 0xcb, 0x31, 0xff, 0x93, 0xcb, 0x31, 0xff, 0x93, 0xcb, 0x31, 0xff,
0x97, 0xd1, 0x33, 0xff, 0x99, 0xd3, 0x34, 0xff, 0x99, 0xd3, 0x34, 0xff, 0x99, 0xd2, 0x34, 0xe8,
0x99, 0xd4, 0x33, 0x41, 0x00, 0x00, 0x00, 0x00, 0x00, 0x00, 0x00, 0x00, 0x00, 0x00, 0x00, 0x00,
0x00, 0x00, 0x00, 0x00, 0x00, 0x00, 0x00, 0x00, 0x00, 0x00, 0x00, 0x00, 0x00, 0x00, 0x00, 0x00,
0x00, 0x00, 0x00, 0x00, 0x00, 0x00, 0x00, 0x00, 0x00, 0x00, 0x00, 0x00, 0x00, 0x00, 0x00, 0x00,
0x00, 0x00, 0x00, 0x00, 0x00, 0x00, 0x00, 0x00, 0x00, 0x00, 0x00, 0x00, 0x00, 0x00, 0x00, 0x00,
0xaa, 0xaa, 0x55, 0x03, 0x98, 0xd3, 0x35, 0x5c, 0x99, 0xd4, 0x34, 0xb6, 0x99, 0xd4, 0x33, 0xdf,
0x99, 0xd3, 0x35, 0xee, 0x99, 0xd3, 0x35, 0xee, 0x99, 0xd3, 0x35, 0xee, 0x99, 0xd3, 0x35, 0xee,
0x99, 0xd3, 0x35, 0xee, 0x99, 0xd3, 0x35, 0xee, 0x99, 0xd3, 0x35, 0xee, 0x99, 0xd3, 0x35, 0xee,
0x99, 0xd3, 0x35, 0xee, 0x99, 0xd3, 0x35, 0xee, 0x99, 0xd3, 0x35, 0xee, 0x99, 0xd3, 0x35, 0xee,
0x99, 0xd3, 0x35, 0xee, 0x99, 0xd3, 0x35, 0xee, 0x99, 0xd3, 0x35, 0xee, 0x99, 0xd3, 0x35, 0xee,
0x99, 0xd3, 0x35, 0xee, 0x99, 0xd3, 0x35, 0xee, 0x99, 0xd3, 0x35, 0xee, 0x99, 0xd3, 0x35, 0xee,
0x99, 0xd3, 0x35, 0xee, 0x99, 0xd3, 0x35, 0xee, 0x99, 0xd3, 0x35, 0xee, 0x99, 0xd3, 0x35, 0xee,
0x99, 0xd3, 0x34, 0xe3, 0x98, 0xd2, 0x35, 0xbd, 0x99, 0xd2, 0x34, 0x71, 0x95, 0xd5, 0x2b, 0x0c,
0x00, 0x00, 0x00, 0x00, 0x00, 0x00, 0x00, 0x00, 0x00, 0x00, 0x00, 0x00, 0x00, 0x00, 0x00, 0x00,
0x00, 0x00, 0x00, 0x00, 0x00, 0x00, 0x00, 0x00, 0x00, 0x00, 0x00, 0x00, 0x00, 0x00, 0x00, 0x00,
0x00, 0x00, 0x00, 0x00, 0x00, 0x00, 0x00, 0x00, 0x00, 0x00, 0x00, 0x00, 0x00, 0x00, 0x00, 0x00,
0x00, 0x00, 0x00, 0x00, 0x00, 0x00, 0x00, 0x00, 0x00, 0x00, 0x00, 0x00, 0x00, 0x00, 0x00, 0x00,
0x00, 0x00, 0x00, 0x00, 0x00, 0x00, 0x00, 0x00, 0x00, 0x00, 0x00, 0x00, 0x00, 0x00, 0x00, 0x00,
0x00, 0x00, 0x00, 0x00, 0x00, 0x00, 0x00, 0x00, 0x00, 0x00, 0x00, 0x00, 0x00, 0x00, 0x00, 0x00,
0x00, 0x00, 0x00, 0x00, 0x00, 0x00, 0x00, 0x00, 0x00, 0x00, 0x00, 0x00, 0x00, 0x00, 0x00, 0x00,
0x00, 0x00, 0x00, 0x00, 0x00, 0x00, 0x00, 0x00, 0x00, 0x00, 0x00, 0x00, 0x00, 0x00, 0x00, 0x00,
0x00, 0x00, 0x00, 0x00, 0x00, 0x00, 0x00, 0x00, 0x00, 0x00, 0x00, 0x00, 0x00, 0x00, 0x00, 0x00,
0x00, 0x00, 0x00, 0x00, 0x00, 0x00, 0x00, 0x00, 0x00, 0x00, 0x00, 0x00, 0x00, 0x00, 0x00, 0x00,
0x00, 0x00, 0x00, 0x00, 0x00, 0x00, 0x00, 0x00, 0x00, 0x00, 0x00, 0x00, 0x00, 0x00, 0x00, 0x00,
0x00, 0x00, 0x00, 0x00, 0x00, 0x00, 0x00, 0x00, 0x00, 0x00, 0x00, 0x00, 0x00, 0x00, 0x00, 0x00,
0x00, 0x00, 0x00, 0x00, 0x00, 0x00, 0x00, 0x00, 0x00, 0x00, 0x00, 0x00, 0x00, 0x00, 0x00, 0x00,
0x00, 0x00, 0x00, 0x00, 0x00, 0x00, 0x00, 0x00, 0x00, 0x00, 0x00, 0x00, 0x00, 0x00, 0x00, 0x00,
0x00, 0x00, 0x00, 0x00, 0x00, 0x00, 0x00, 0x00, 0x00, 0x00, 0x00, 0x00, 0x00, 0x00, 0x00, 0x00,
0x00, 0x00, 0x00, 0x00, 0x00, 0x00, 0x00, 0x00, 0x00, 0x00, 0x00, 0x00, 0x00, 0x00, 0x00, 0x00,
0x00, 0x00, 0x00, 0x00, 0x00, 0x00, 0x00, 0x00, 0x00, 0x00, 0x00, 0x00, 0x00, 0x00, 0x00, 0x00,
0x00, 0x00, 0x00, 0x00, 0x00, 0x00, 0x00, 0x00, 0x00, 0x00, 0x00, 0x00, 0x00, 0x00, 0x00, 0x00,
0x00, 0x00, 0x00, 0x00, 0x00, 0x00, 0x00, 0x00, 0x00, 0x00, 0x00, 0x00, 0x00, 0x00, 0x00, 0x00,
0x00, 0x00, 0x00, 0x00, 0x00, 0x00, 0x00, 0x00, 0x00, 0x00, 0x00, 0x00, 0x00, 0x00, 0x00, 0x00,
0x00, 0x00, 0x00, 0x00, 0x00, 0x00, 0x00, 0x00, 0x00, 0x00, 0x00, 0x00, 0x00, 0x00, 0x00, 0x00,
0x00, 0x00, 0x00, 0x00, 0x00, 0x00, 0x00, 0x00, 0x00, 0x00, 0x00, 0x00, 0x00, 0x00, 0x00, 0x00,
0x00, 0x00, 0x00, 0x00, 0x00, 0x00, 0x00, 0x00, 0x00, 0x00, 0x00, 0x00, 0x00, 0x00, 0x00, 0x00,
0x00, 0x00, 0x00, 0x00, 0x00, 0x00, 0x00, 0x00, 0x00, 0x00, 0x00, 0x00, 0x00, 0x00, 0x00, 0x00,
0x00, 0x00, 0x00, 0x00, 0x00, 0x00, 0x00, 0x00, 0x00, 0x00, 0x00, 0x00, 0x00, 0x00, 0x00, 0x00,
0x00, 0x00, 0x00, 0x00, 0x00, 0x00, 0x00, 0x00, 0x00, 0x00, 0x00, 0x00, 0x00, 0x00, 0x00, 0x00,
0x00, 0x00, 0x00, 0x00, 0x00, 0x00, 0x00, 0x00, 0x00, 0x00, 0x00, 0x00, 0x00, 0x00, 0x00, 0x00,
0x00, 0x00, 0x00, 0x00, 0x00, 0x00, 0x00, 0x00, 0x00, 0x00, 0x00, 0x00, 0x00, 0x00, 0x00, 0x00,
0x00, 0x00, 0x00, 0x00, 0x00, 0x00, 0x00, 0x00, 0x00, 0x00, 0x00, 0x00, 0x00, 0x00, 0x00, 0x00,
0x00, 0x00, 0x00, 0x00, 0x00, 0x00, 0x00, 0x00, 0x00, 0x00, 0x00, 0x00, 0x00, 0x00, 0x00, 0x00,
0x00, 0x00, 0x00, 0x00, 0x00, 0x00, 0x00, 0x00, 0x00, 0x00, 0x00, 0x00, 0x00, 0x00, 0x00, 0x00,
0x00, 0x00, 0x00, 0x00, 0x00, 0x00, 0x00, 0x00, 0x00, 0x00, 0x00, 0x00, 0x00, 0x00, 0x00, 0x00,
0x00, 0x00, 0x00, 0x00, 0x00, 0x00, 0x00, 0x00, 0x00, 0x00, 0x00, 0x00, 0x00, 0x00, 0x00, 0x00,
0x00, 0x00, 0x00, 0x00, 0x00, 0x00, 0x00, 0x00, 0x00, 0x00, 0x00, 0x00, 0x00, 0x00, 0x00, 0x00,
0x00, 0x00, 0x00, 0x00, 0x00, 0x00, 0x00, 0x00, 0x00, 0x00, 0x00, 0x00, 0x00, 0x00, 0x00, 0x00,
0x00, 0x00, 0x00, 0x00, 0x00, 0x00, 0x00, 0x00, 0x00, 0x00, 0x00, 0x00, 0x00, 0x00, 0x00, 0x00,
0x00, 0x00, 0x00, 0x00, 0x00, 0x00, 0x00, 0x00, 0x00, 0x00, 0x00, 0x00, 0x00, 0x00, 0x00, 0x00,
0x00, 0x00, 0x00, 0x00, 0x00, 0x00, 0x00, 0x00, 0x00, 0x00, 0x00, 0x00, 0x00, 0x00, 0x00, 0x00,
0x00, 0x00, 0x00, 0x00, 0x00, 0x00, 0x00, 0x00, 0x00, 0x00, 0x00, 0x00, 0x00, 0x00, 0x00, 0x00,
0x00, 0x00, 0x00, 0x00, 0x00, 0x00, 0x00, 0x00, 0x00, 0x00, 0x00, 0x00, 0x00, 0x00, 0x00, 0x00,
0x00, 0x00, 0x00, 0x00, 0x00, 0x00, 0x00, 0x00, 0x00, 0x00, 0x00, 0x00, 0x00, 0x00, 0x00, 0x00,
0x00, 0x00, 0x00, 0x00, 0x00, 0x00, 0x00, 0x00, 0x00, 0x00, 0x00, 0x00, 0x00, 0x00, 0x00, 0x00,
0x00, 0x00, 0x00, 0x00, 0x00, 0x00, 0x00, 0x00, 0x00, 0x00, 0x00, 0x00, 0x00, 0x00, 0x00, 0x00,
0x00, 0x00, 0x00, 0x00, 0x00, 0x00, 0x00, 0x00, 0x00, 0x00, 0x00, 0x00, 0x00, 0x00, 0x00, 0x00,
0x00, 0x00, 0x00, 0x00, 0x00, 0x00, 0x00, 0x00, 0x00, 0x00, 0x00, 0x00, 0x00, 0x00, 0x00, 0x00,
0x00, 0x00, 0x00, 0x00, 0x00, 0x00, 0x00, 0x00, 0x00, 0x00, 0x00, 0x00, 0x00, 0x00, 0x00, 0x00,
0x00, 0x00, 0x00, 0x00, 0x00, 0x00, 0x00, 0x00, 0x00, 0x00, 0x00, 0x00, 0x00, 0x00, 0x00, 0x00,
0x00, 0x00, 0x00, 0x00, 0x00, 0x00, 0x00, 0x00, 0x00, 0x00, 0x00, 0x00, 0x00, 0x00, 0x00, 0x00,
0x00, 0x00, 0x00, 0x00, 0x00, 0x00, 0x00, 0x00, 0x00, 0x00, 0x00, 0x00, 0x00, 0x00, 0x00, 0x00,
0x00, 0x00, 0x00, 0x00, 0x00, 0x00, 0x00, 0x00, 0x00, 0x00, 0x00, 0x00, 0x00, 0x00, 0x00, 0x00,
0x00, 0x00, 0x00, 0x00, 0x00, 0x00, 0x00, 0x00, 0x00, 0x00, 0x00, 0x00, 0x00, 0x00, 0x00, 0x00,
0x00, 0x00, 0x00, 0x00, 0x00, 0x00, 0x00, 0x00, 0x00, 0x00, 0x00, 0x00, 0x00, 0x00, 0x00, 0x00,
0x00, 0x00, 0x00, 0x00, 0x00, 0x00, 0x00, 0x00, 0x00, 0x00, 0x00, 0x00, 0x00, 0x00, 0x00, 0x00,
0x00, 0x00, 0x00, 0x00, 0x00, 0x00, 0x00, 0x00, 0x00, 0x00, 0x00, 0x00, 0x00, 0x00, 0x00, 0x00,
0x00, 0x00, 0x00, 0x00, 0x00, 0x00, 0x00, 0x00, 0x00, 0x00, 0x00, 0x00, 0x00, 0x00, 0x00, 0x00,
0x00, 0x00, 0x00, 0x00, 0x00, 0x00, 0x00, 0x00, 0x00, 0x00, 0x00, 0x00, 0x00, 0x00, 0x00, 0x00,
0x00, 0x00, 0x00, 0x00, 0x00, 0x00, 0x00, 0x00, 0x00, 0x00, 0x00, 0x00, 0x00, 0x00, 0x00, 0x00,
0x00, 0x00, 0x00, 0x00, 0x00, 0x00, 0x00, 0x00, 0x00, 0x00, 0x00, 0x00, 0x00, 0x00, 0x00, 0x00,
0x00, 0x00, 0x00, 0x00, 0x00, 0x00, 0x00, 0x00, 0x00, 0x00, 0x00, 0x00, 0x00, 0x00, 0x00, 0x00,
0x00, 0x00, 0x00, 0x00, 0x00, 0x00, 0x00, 0x00, 0x00, 0x00, 0x00, 0x00, 0x00, 0x00, 0x00, 0x00,
0x00, 0x00, 0x00, 0x00, 0x00, 0x00, 0x00, 0x00, 0x00, 0x00, 0x00, 0x00, 0x00, 0x00, 0x00, 0x00,
0x00, 0x00, 0x00, 0x00, 0x00, 0x00, 0x00, 0x00, 0x00, 0x00, 0x00, 0x00, 0x00, 0x00, 0x00, 0x00,
0x00, 0x00, 0x00, 0x00, 0x00, 0x00, 0x00, 0x00, 0x00, 0x00, 0x00, 0x00, 0x00, 0x00, 0x00, 0x00,
0x00, 0x00, 0x00, 0x00, 0x00, 0x00, 0x00, 0x00, 0x00, 0x00, 0x00, 0x00, 0x00, 0x00, 0x00, 0x00,
0x00, 0x00, 0x00, 0x00, 0x00, 0x00, 0x00, 0x00, 0x00, 0x00, 0x00, 0x00, 0x00, 0x00, 0x00, 0x00,
0x00, 0x00, 0x00, 0x00, 0x00, 0x00, 0x00, 0x00, 0x00, 0x00, 0x00, 0x00, 0x00, 0x00, 0x00, 0x00,
0x00, 0x00, 0x00, 0x00, 0x00, 0x00, 0x00, 0x00, 0x00, 0x00, 0x00, 0x00, 0x00, 0x00, 0x00, 0x00,
0x00, 0x00, 0x00, 0x00, 0x00, 0x00, 0x00, 0x00, 0x00, 0x00, 0x00, 0x00, 0x00, 0x00, 0x00, 0x00,
0x00, 0x00, 0x00, 0x00, 0x00, 0x00, 0x00, 0x00, 0x00, 0x00, 0x00, 0x00, 0x00, 0x00, 0x00, 0x00,
0x00, 0x00, 0x00, 0x00, 0x00, 0x00, 0x00, 0x00, 0x00, 0x00, 0x00, 0x00, 0x00, 0x00, 0x00, 0x00,
0x00, 0x00, 0x00, 0x00, 0x00, 0x00, 0x00, 0x00, 0x00, 0x00, 0x00, 0x00, 0x00, 0x00, 0x00, 0x00,
0x00, 0x00, 0x00, 0x00, 0x00, 0x00, 0x00, 0x00, 0x00, 0x00, 0x00, 0x00, 0x00, 0x00, 0x00, 0x00,
0x00, 0x00, 0x00, 0x00, 0x00, 0x00, 0x00, 0x00, 0x00, 0x00, 0x00, 0x00, 0x00, 0x00, 0x00, 0x00,
0x00, 0x00, 0x00, 0x00, 0x00, 0x00, 0x00, 0x00, 0x00, 0x00, 0x00, 0x00, 0x00, 0x00, 0x00, 0x00,
0x00, 0x00, 0x00, 0x00, 0x00, 0x00, 0x00, 0x00, 0x00, 0x00, 0x00, 0x00, 0x00, 0x00, 0x00, 0x00,
0x00, 0x00, 0x00, 0x00, 0x00, 0x00, 0x00, 0x00, 0x00, 0x00, 0x00, 0x00, 0x00, 0x00, 0x00, 0x00,
0x00, 0x00, 0x00, 0x00, 0x00, 0x00, 0x00, 0x00, 0x00, 0x00, 0x00, 0x00, 0x00, 0x00, 0x00, 0x00,
0x00, 0x00, 0x00, 0x00, 0x00, 0x00, 0x00, 0x00, 0x00, 0x00, 0x00, 0x00, 0x00, 0x00, 0x00, 0x00,
0x00, 0x00, 0x00, 0x00, 0x00, 0x00, 0x00, 0x00, 0x00, 0x00, 0x00, 0x00, 0x00, 0x00, 0x00, 0x00,
0x00, 0x00, 0x00, 0x00, 0x00, 0x00, 0x00, 0x00, 0x00, 0x00, 0x00, 0x00, 0x00, 0x00, 0x00, 0x00,
0x00, 0x00, 0x00, 0x00, 0x00, 0x00, 0x00, 0x00, 0x00, 0x00, 0x00, 0x00, 0x00, 0x00, 0x00, 0x00,
0x00, 0x00, 0x00, 0x00, 0x00, 0x00, 0x00, 0x00, 0x00, 0x00, 0x00, 0x00, 0x00, 0x00, 0x00, 0x00,
0x00, 0x00, 0x00, 0x00, 0x00, 0x00, 0x00, 0x00, 0x00, 0x00, 0x00, 0x00, 0x00, 0x00, 0x00, 0x00,
0x00, 0x00, 0x00, 0x00, 0x00, 0x00, 0x00, 0x00, 0x00, 0x00, 0x00, 0x00, 0x00, 0x00, 0x00, 0x00,
0x00, 0x00, 0x00, 0x00, 0x00, 0x00, 0x00, 0x00, 0x00, 0x00, 0x00, 0x00, 0x00, 0x00, 0x00, 0x00,
0x00, 0x00, 0x00, 0x00, 0x00, 0x00, 0x00, 0x00, 0x00, 0x00, 0x00, 0x00, 0x00, 0x00, 0x00, 0x00,
0x00, 0x00, 0x00, 0x00, 0x00, 0x00, 0x00, 0x00, 0x00, 0x00, 0x00, 0x00, 0x00, 0x00, 0x00, 0x00,
0x00, 0x00, 0x00, 0x00, 0x00, 0x00, 0x00, 0x00, 0x00, 0x00, 0x00, 0x00, 0x00, 0x00, 0x00, 0x00,
0x00, 0x00, 0x00, 0x00, 0x00, 0x00, 0x00, 0x00, 0x00, 0x00, 0x00, 0x00, 0x00, 0x00, 0x00, 0x00,
0x00, 0x00, 0x00, 0x00, 0x00, 0x00, 0x00, 0x00, 0x00, 0x00, 0x00, 0x00, 0x00, 0x00, 0x00, 0x00,
0x00, 0x00, 0x00, 0x00, 0x00, 0x00, 0x00, 0x00, 0x00, 0x00, 0x00, 0x00, 0x00, 0x00, 0x00, 0x00,
0x00, 0x00, 0x00, 0x00, 0x00, 0x00, 0x00, 0x00, 0x00, 0x00, 0x00, 0x00, 0x00, 0x00, 0x00, 0x00,
0x00, 0x00, 0x00, 0x00, 0x00, 0x00, 0x00, 0x00, 0x00, 0x00, 0x00, 0x00, 0x00, 0x00, 0x00, 0x00,
0x00, 0x00, 0x00, 0x00, 0x00, 0x00, 0x00, 0x00, 0x00, 0x00, 0x00, 0x00, 0x00, 0x00, 0x00, 0x00,
0x00, 0x00, 0x00, 0x00, 0x00, 0x00, 0x00, 0x00, 0x00, 0x00, 0x00, 0x00, 0x00, 0x00, 0x00, 0x00,
0x00, 0x00, 0x00, 0x00, 0x00, 0x00, 0x00, 0x00, 0x00, 0x00, 0x00, 0x00, 0x00, 0x00, 0x00, 0x00,
0x00, 0x00, 0x00, 0x00, 0x00, 0x00, 0x00, 0x00, 0x00, 0x00, 0x00, 0x00, 0x00, 0x00, 0x00, 0x00,
0x00, 0x00, 0x00, 0x00, 0x00, 0x00, 0x00, 0x00, 0x00, 0x00, 0x00, 0x00, 0x00, 0x00, 0x00, 0x00
};

extern const uint8_t app_browser_bin[9216] = {
0x00, 0x00, 0x00, 0x00, 0x00, 0x00, 0x00, 0x00, 0x00, 0x00, 0x00, 0x00, 0x00, 0x00, 0x00, 0x00,
0x00, 0x00, 0x00, 0x00, 0x00, 0x00, 0x00, 0x00, 0x00, 0x00, 0x00, 0x00, 0x00, 0x00, 0x00, 0x00,
0x00, 0x00, 0x00, 0x00, 0x00, 0x00, 0x00, 0x00, 0x00, 0x00, 0x00, 0x00, 0x00, 0x00, 0x00, 0x00,
0x00, 0x00, 0x00, 0x00, 0x00, 0x00, 0x00, 0x00, 0x00, 0x00, 0x00, 0x00, 0x00, 0x00, 0x00, 0x00,
0x00, 0x00, 0x00, 0x00, 0x00, 0x00, 0x00, 0x00, 0x00, 0x00, 0x00, 0x00, 0x00, 0x00, 0x00, 0x00,
0x00, 0x00, 0x00, 0x00, 0x00, 0x00, 0x00, 0x00, 0x00, 0x00, 0x00, 0x00, 0x00, 0x00, 0x00, 0x00,
0x00, 0x00, 0x00, 0x00, 0x00, 0x00, 0x00, 0x00, 0x00, 0x00, 0x00, 0x00, 0x00, 0x00, 0x00, 0x00,
0x00, 0x00, 0x00, 0x00, 0x00, 0x00, 0x00, 0x00, 0x00, 0x00, 0x00, 0x00, 0x00, 0x00, 0x00, 0x00,
0x00, 0x00, 0x00, 0x00, 0x00, 0x00, 0x00, 0x00, 0x00, 0x00, 0x00, 0x00, 0x00, 0x00, 0x00, 0x00,
0x00, 0x00, 0x00, 0x00, 0x00, 0x00, 0x00, 0x00, 0x00, 0x00, 0x00, 0x00, 0x00, 0x00, 0x00, 0x00,
0x00, 0x00, 0x00, 0x00, 0x00, 0x00, 0x00, 0x00, 0x00, 0x00, 0x00, 0x00, 0x00, 0x00, 0x00, 0x00,
0x00, 0x00, 0x00, 0x00, 0x00, 0x00, 0x00, 0x00, 0x00, 0x00, 0x00, 0x00, 0x00, 0x00, 0x00, 0x00,
0x00, 0x00, 0x00, 0x00, 0x00, 0x00, 0x00, 0x00, 0x00, 0x00, 0x00, 0x00, 0x00, 0x00, 0x00, 0x00,
0x00, 0x00, 0x00, 0x00, 0x00, 0x00, 0x00, 0x00, 0x00, 0x00, 0x00, 0x00, 0x00, 0x00, 0x00, 0x00,
0x00, 0x00, 0x00, 0x00, 0x00, 0x00, 0x00, 0x00, 0x00, 0x00, 0x00, 0x00, 0x00, 0x00, 0x00, 0x00,
0x00, 0x00, 0x00, 0x00, 0x00, 0x00, 0x00, 0x00, 0x00, 0x00, 0x00, 0x00, 0x00, 0x00, 0x00, 0x00,
0x00, 0x00, 0x00, 0x00, 0x00, 0x00, 0x00, 0x00, 0x00, 0x00, 0x00, 0x00, 0x00, 0x00, 0x00, 0x00,
0x00, 0x00, 0x00, 0x00, 0x00, 0x00, 0x00, 0x00, 0x00, 0x00, 0x00, 0x00, 0x00, 0x00, 0x00, 0x00,
0x00, 0x00, 0x00, 0x00, 0x00, 0x00, 0x00, 0x00, 0x00, 0x00, 0x00, 0x00, 0x00, 0x00, 0x00, 0x00,
0x00, 0x00, 0x00, 0x00, 0x00, 0x00, 0x00, 0x00, 0x00, 0x00, 0x00, 0x00, 0x00, 0x00, 0x00, 0x00,
0x00, 0x00, 0x00, 0x00, 0x00, 0x00, 0x00, 0x00, 0x00, 0x00, 0x00, 0x00, 0x00, 0x00, 0x00, 0x00,
0x00, 0x00, 0x00, 0x00, 0x00, 0x00, 0x00, 0x00, 0x00, 0x00, 0x00, 0x00, 0x00, 0x00, 0x00, 0x00,
0x00, 0x00, 0x00, 0x00, 0x00, 0x00, 0x00, 0x00, 0x00, 0x00, 0x00, 0x00, 0x00, 0x00, 0x00, 0x00,
0x00, 0x00, 0x00, 0x00, 0x00, 0x00, 0x00, 0x00, 0x00, 0x00, 0x00, 0x00, 0x00, 0x00, 0x00, 0x00,
0x00, 0x00, 0x00, 0x00, 0x00, 0x00, 0x00, 0x00, 0x00, 0x00, 0x00, 0x00, 0x00, 0x00, 0x00, 0x00,
0x00, 0x00, 0x00, 0x00, 0x00, 0x00, 0x00, 0x00, 0x00, 0x00, 0x00, 0x00, 0x00, 0x00, 0x00, 0x00,
0x00, 0x00, 0x00, 0x00, 0x00, 0x00, 0x00, 0x00, 0x00, 0x00, 0x00, 0x00, 0x00, 0x00, 0x00, 0x00,
0x00, 0x00, 0x00, 0x00, 0x00, 0x00, 0x00, 0x00, 0x00, 0x00, 0x00, 0x00, 0x00, 0x00, 0x00, 0x00,
0x00, 0x00, 0x00, 0x00, 0x00, 0x00, 0x00, 0x00, 0x00, 0x00, 0x00, 0x00, 0x00, 0x00, 0x00, 0x00,
0x00, 0x00, 0x00, 0x00, 0x00, 0x00, 0x00, 0x00, 0x00, 0x00, 0x00, 0x00, 0x00, 0x00, 0x00, 0x00,
0x00, 0x00, 0x00, 0x00, 0x00, 0x00, 0x00, 0x00, 0x00, 0x00, 0x00, 0x00, 0x00, 0x00, 0x00, 0x00,
0x00, 0x00, 0x00, 0x00, 0x00, 0x00, 0x00, 0x00, 0x00, 0x00, 0x00, 0x00, 0x00, 0x00, 0x00, 0x00,
0x00, 0x00, 0x00, 0x00, 0x00, 0x00, 0x00, 0x00, 0x00, 0x00, 0x00, 0x00, 0x00, 0x00, 0x00, 0x00,
0x00, 0x00, 0x00, 0x00, 0x00, 0x00, 0x00, 0x00, 0x00, 0x00, 0x00, 0x00, 0x00, 0x00, 0x00, 0x00,
0x00, 0x00, 0x00, 0x00, 0x00, 0x00, 0x00, 0x00, 0x00, 0x00, 0x00, 0x00, 0x00, 0x00, 0x00, 0x00,
0x00, 0x00, 0x00, 0x00, 0x00, 0x00, 0x00, 0x00, 0x00, 0x00, 0x00, 0x00, 0x00, 0x00, 0x00, 0x00,
0x00, 0x00, 0x00, 0x00, 0x00, 0x00, 0x00, 0x00, 0x00, 0x00, 0x00, 0x00, 0x00, 0x00, 0x00, 0x00,
0x00, 0x00, 0x00, 0x00, 0x00, 0x00, 0x00, 0x00, 0x00, 0x00, 0x00, 0x00, 0x00, 0x00, 0x00, 0x00,
0x00, 0x00, 0x00, 0x00, 0x00, 0x00, 0x00, 0x00, 0x00, 0x00, 0x00, 0x00, 0x00, 0x00, 0x00, 0x00,
0x00, 0x00, 0x00, 0x00, 0x00, 0x00, 0x00, 0x00, 0x00, 0x00, 0x00, 0x00, 0x00, 0x00, 0x00, 0x00,
0x00, 0x00, 0x00, 0x00, 0x00, 0x00, 0x00, 0x00, 0x00, 0x00, 0x00, 0x00, 0x00, 0x00, 0x00, 0x00,
0x00, 0x00, 0x00, 0x00, 0x00, 0x00, 0x00, 0x00, 0x00, 0x00, 0x00, 0x00, 0x00, 0x00, 0x00, 0x00,
0x00, 0x00, 0x00, 0x00, 0x00, 0x00, 0x00, 0x00, 0x00, 0x00, 0x00, 0x00, 0x00, 0x00, 0x00, 0x00,
0x00, 0x00, 0x00, 0x00, 0x00, 0x00, 0x00, 0x00, 0x00, 0x00, 0x00, 0x00, 0x00, 0x00, 0x00, 0x00,
0x00, 0x00, 0x00, 0x00, 0x00, 0x00, 0x00, 0x00, 0x00, 0x00, 0x00, 0x00, 0x00, 0x00, 0x00, 0x00,
0x00, 0x00, 0x00, 0x00, 0x00, 0x00, 0x00, 0x00, 0x00, 0x00, 0x00, 0x00, 0x00, 0x00, 0x00, 0x00,
0x00, 0x00, 0x00, 0x00, 0x00, 0x00, 0x00, 0x00, 0x00, 0x00, 0x00, 0x00, 0x00, 0x00, 0x00, 0x00,
0x00, 0x00, 0x00, 0x00, 0x00, 0x00, 0x00, 0x00, 0x00, 0x00, 0x00, 0x00, 0x00, 0x00, 0x00, 0x00,
0x00, 0x00, 0x00, 0x00, 0x00, 0x00, 0x00, 0x00, 0x00, 0x00, 0x00, 0x00, 0x00, 0x00, 0x00, 0x00,
0x00, 0x00, 0x00, 0x00, 0x00, 0x00, 0x00, 0x00, 0x00, 0x00, 0x00, 0x00, 0x00, 0x00, 0x00, 0x00,
0x00, 0x00, 0x00, 0x00, 0x00, 0x00, 0x00, 0x00, 0x00, 0x00, 0x00, 0x00, 0x00, 0x00, 0x00, 0x00,
0x00, 0x00, 0x00, 0x00, 0x00, 0x00, 0x00, 0x00, 0x00, 0x00, 0x00, 0x00, 0x00, 0x00, 0x00, 0x00,
0x00, 0x00, 0x00, 0x00, 0x00, 0x00, 0x00, 0x00, 0x00, 0x00, 0x00, 0x00, 0x00, 0x00, 0x00, 0x00,
0x00, 0x00, 0x00, 0x00, 0x00, 0x00, 0x00, 0x00, 0x00, 0x00, 0x00, 0x00, 0x00, 0x00, 0x00, 0x00,
0x00, 0x00, 0x00, 0x00, 0x00, 0x00, 0x00, 0x00, 0x00, 0x00, 0x00, 0x00, 0x00, 0x00, 0x00, 0x00,
0x00, 0x00, 0x00, 0x00, 0x00, 0x00, 0x00, 0x00, 0x00, 0x00, 0x00, 0x00, 0x00, 0x00, 0x00, 0x00,
0x00, 0x00, 0x00, 0x00, 0x00, 0x00, 0x00, 0x00, 0x00, 0x00, 0x00, 0x00, 0x00, 0x00, 0x00, 0x00,
0x00, 0x00, 0x00, 0x00, 0x00, 0x00, 0x00, 0x00, 0x00, 0x00, 0x00, 0x00, 0x00, 0x00, 0x00, 0x00,
0x00, 0x00, 0x00, 0x00, 0x00, 0x00, 0x00, 0x00, 0x00, 0x00, 0x00, 0x00, 0x00, 0x00, 0x00, 0x00,
0x00, 0x00, 0x00, 0x00, 0x00, 0x00, 0x00, 0x00, 0x00, 0x00, 0x00, 0x00, 0x00, 0x00, 0x00, 0x00,
0x00, 0x00, 0x00, 0x00, 0x00, 0x00, 0x00, 0x00, 0x00, 0x00, 0x00, 0x00, 0x00, 0x00, 0x00, 0x00,
0x00, 0x00, 0x00, 0x00, 0x00, 0x00, 0x00, 0x00, 0x00, 0x00, 0x00, 0x00, 0x00, 0x00, 0x00, 0x00,
0x00, 0x00, 0x00, 0x00, 0x00, 0x00, 0x00, 0x00, 0x00, 0x00, 0x00, 0x00, 0x00, 0x00, 0x00, 0x00,
0x00, 0x00, 0x00, 0x00, 0x00, 0x00, 0x00, 0x00, 0x00, 0x00, 0x00, 0x00, 0x00, 0x00, 0x00, 0x00,
0x00, 0x00, 0x00, 0x00, 0x00, 0x00, 0x00, 0x00, 0x00, 0x00, 0x00, 0x00, 0x00, 0x00, 0x00, 0x00,
0x00, 0x00, 0x00, 0x00, 0x00, 0x00, 0x00, 0x00, 0x00, 0x00, 0x00, 0x00, 0x00, 0x00, 0x00, 0x00,
0x00, 0x00, 0x00, 0x00, 0x00, 0x00, 0x00, 0x00, 0x00, 0x00, 0x00, 0x00, 0x00, 0x00, 0x00, 0x00,
0x00, 0x00, 0x00, 0x00, 0x00, 0x00, 0x00, 0x00, 0x00, 0x00, 0x00, 0x00, 0x00, 0x00, 0x00, 0x00,
0x00, 0x00, 0x00, 0x00, 0x00, 0x00, 0x00, 0x00, 0x00, 0x00, 0x00, 0x00, 0x00, 0x00, 0x00, 0x00,
0x00, 0x00, 0x00, 0x00, 0x00, 0x00, 0x00, 0x00, 0x00, 0x00, 0x00, 0x00, 0x00, 0x00, 0x00, 0x00,
0x00, 0x00, 0x00, 0x00, 0x00, 0x00, 0x00, 0x00, 0x00, 0x00, 0x00, 0x00, 0x00, 0x00, 0x00, 0x00,
0x00, 0x00, 0x00, 0x00, 0x00, 0x00, 0x00, 0x00, 0x00, 0x00, 0x00, 0x00, 0x00, 0x00, 0x00, 0x00,
0x00, 0x00, 0x00, 0x00, 0x00, 0x00, 0x00, 0x00, 0x00, 0x00, 0x00, 0x00, 0x00, 0x00, 0x00, 0x00,
0x00, 0x00, 0x00, 0x00, 0x00, 0x00, 0x00, 0x00, 0x00, 0x00, 0x00, 0x00, 0x00, 0x00, 0x00, 0x00,
0x00, 0x00, 0x00, 0x00, 0x00, 0x00, 0x00, 0x00, 0x00, 0x00, 0x00, 0x00, 0x00, 0x00, 0x00, 0x00,
0x00, 0x00, 0x00, 0x00, 0x00, 0x00, 0x00, 0x00, 0x00, 0x00, 0x00, 0x00, 0x00, 0x00, 0x00, 0x00,
0x00, 0x00, 0x00, 0x00, 0x00, 0x00, 0x00, 0x00, 0x00, 0x00, 0x00, 0x00, 0x00, 0x00, 0x00, 0x00,
0x00, 0x00, 0x00, 0x00, 0x00, 0x00, 0x00, 0x00, 0x00, 0x00, 0x00, 0x00, 0x00, 0x00, 0x00, 0x00,
0x00, 0x00, 0x00, 0x00, 0x00, 0x00, 0x00, 0x00, 0x00, 0x00, 0x00, 0x00, 0x00, 0x00, 0x00, 0x00,
0x00, 0x00, 0x00, 0x00, 0x00, 0x00, 0x00, 0x00, 0x00, 0x00, 0x00, 0x00, 0x00, 0x00, 0x00, 0x00,
0x00, 0x00, 0x00, 0x00, 0x00, 0x00, 0x00, 0x00, 0x00, 0x00, 0x00, 0x00, 0x00, 0x00, 0x00, 0x00,
0x00, 0x00, 0x00, 0x00, 0x00, 0x00, 0x00, 0x00, 0x00, 0x00, 0x00, 0x00, 0x00, 0x00, 0x00, 0x00,
0x00, 0x00, 0x00, 0x00, 0x00, 0x00, 0x00, 0x00, 0x00, 0x00, 0x00, 0x00, 0x00, 0x00, 0x00, 0x00,
0x00, 0x00, 0x00, 0x00, 0x00, 0x00, 0x00, 0x00, 0x00, 0x00, 0x00, 0x00, 0x00, 0x00, 0x00, 0x00,
0x00, 0x00, 0x00, 0x00, 0x00, 0x00, 0x00, 0x00, 0x00, 0x00, 0x00, 0x00, 0x00, 0x00, 0x00, 0x00,
0x00, 0x00, 0x00, 0x00, 0x00, 0x00, 0x00, 0x00, 0x00, 0x00, 0x00, 0x00, 0x00, 0x00, 0x00, 0x00,
0x00, 0x00, 0x00, 0x00, 0x00, 0x00, 0x00, 0x00, 0x00, 0x00, 0x00, 0x00, 0x00, 0x00, 0x00, 0x00,
0x00, 0x00, 0x00, 0x00, 0x00, 0x00, 0x00, 0x00, 0x00, 0x00, 0x00, 0x00, 0x00, 0x00, 0x00, 0x00,
0x00, 0x00, 0x00, 0x00, 0x00, 0x00, 0x00, 0x00, 0x00, 0x00, 0x00, 0x00, 0x00, 0x00, 0x00, 0x00,
0x00, 0x00, 0x00, 0x00, 0x00, 0x00, 0x00, 0x00, 0x00, 0x00, 0x00, 0x00, 0x00, 0x00, 0x00, 0x00,
0x00, 0x00, 0x00, 0x00, 0x00, 0x00, 0x00, 0x00, 0x00, 0x00, 0x00, 0x00, 0x00, 0x00, 0x00, 0x00,
0x00, 0x00, 0x00, 0x00, 0x00, 0x00, 0x00, 0x00, 0x00, 0x00, 0x00, 0x00, 0x00, 0x00, 0x00, 0x00,
0x00, 0x00, 0x00, 0x00, 0x00, 0x00, 0x00, 0x00, 0x00, 0x00, 0x00, 0x00, 0x00, 0x00, 0x00, 0x00,
0x00, 0x00, 0x00, 0x00, 0x00, 0x00, 0x00, 0x00, 0x00, 0x00, 0x00, 0x00, 0x00, 0x00, 0x00, 0x00,
0x00, 0x00, 0x00, 0x00, 0x00, 0x00, 0x00, 0x00, 0x00, 0x00, 0x00, 0x00, 0x00, 0x00, 0x00, 0x00,
0x00, 0x00, 0x00, 0x00, 0x00, 0x00, 0x00, 0x00, 0x00, 0x00, 0x00, 0x00, 0x00, 0x00, 0x00, 0x00,
0x00, 0x00, 0x00, 0x00, 0x00, 0x00, 0x00, 0x00, 0x00, 0x00, 0x00, 0x00, 0x00, 0x00, 0x00, 0x00,
0x00, 0x00, 0x00, 0x00, 0x00, 0x00, 0x00, 0x00, 0x00, 0x00, 0x00, 0x00, 0x00, 0x00, 0x00, 0x00,
0x00, 0x00, 0x00, 0x00, 0x00, 0x00, 0x00, 0x00, 0x00, 0x00, 0x00, 0x00, 0x00, 0x00, 0x00, 0x00,
0x00, 0x00, 0x00, 0x00, 0x00, 0x00, 0x00, 0x00, 0x00, 0x00, 0x00, 0x00, 0x00, 0x00, 0x00, 0x00,
0x00, 0x00, 0x00, 0x00, 0x00, 0x00, 0x00, 0x00, 0xff, 0xff, 0x00, 0x02, 0xcd, 0xdf, 0x00, 0x38,
0xcf, 0xdf, 0x00, 0x86, 0xce, 0xdb, 0x00, 0xba, 0xcd, 0xdc, 0x00, 0xe7, 0xcd, 0xd8, 0x00, 0xf7,
0xcc, 0xd5, 0x00, 0xf7, 0xcb, 0xd2, 0x00, 0xe6, 0xcc, 0xd2, 0x00, 0xb9, 0xcc, 0xcf, 0x00, 0x86,
0xcc, 0xcc, 0x00, 0x37, 0xff, 0xff, 0x00, 0x02, 0x00, 0x00, 0x00, 0x00, 0x00, 0x00, 0x00, 0x00,
0x00, 0x00, 0x00, 0x00, 0x00, 0x00, 0x00, 0x00, 0x00, 0x00, 0x00, 0x00, 0x00, 0x00, 0x00, 0x00,
0x00, 0x00, 0x00, 0x00, 0x00, 0x00, 0x00, 0x00, 0x00, 0x00, 0x00, 0x00, 0x00, 0x00, 0x00, 0x00,
0x00, 0x00, 0x00, 0x00, 0x00, 0x00, 0x00, 0x00, 0x00, 0x00, 0x00, 0x00, 0x00, 0x00, 0x00, 0x00,
0x00, 0x00, 0x00, 0x00, 0x00, 0x00, 0x00, 0x00, 0x00, 0x00, 0x00, 0x00, 0x00, 0x00, 0x00, 0x00,
0x00, 0x00, 0x00, 0x00, 0x00, 0x00, 0x00, 0x00, 0x00, 0x00, 0x00, 0x00, 0x00, 0x00, 0x00, 0x00,
0x00, 0x00, 0x00, 0x00, 0x00, 0x00, 0x00, 0x00, 0x00, 0x00, 0x00, 0x00, 0x00, 0x00, 0x00, 0x00,
0x00, 0x00, 0x00, 0x00, 0x00, 0x00, 0x00, 0x00, 0x00, 0x00, 0x00, 0x00, 0x00, 0x00, 0x00, 0x00,
0x00, 0x00, 0x00, 0x00, 0x00, 0x00, 0x00, 0x00, 0x00, 0x00, 0x00, 0x00, 0x00, 0x00, 0x00, 0x00,
0xcf, 0xdf, 0x00, 0x10, 0xcf, 0xe2, 0x00, 0x86, 0xcf, 0xe0, 0x00, 0xe6, 0xcf, 0xde, 0x00, 0xff,
0xce, 0xdd, 0x00, 0xff, 0xce, 0xdf, 0x00, 0xff, 0xce, 0xdb, 0x00, 0xff, 0xcb, 0xd5, 0x00, 0xff,
0xcb, 0xd0, 0x00, 0xff, 0xcb, 0xcd, 0x00, 0xff, 0xc9, 0xca, 0x00, 0xff, 0xcb, 0xcd, 0x00, 0xff,
0xca, 0xcb, 0x00, 0xff, 0xca, 0xc9, 0x00, 0xe6, 0xc9, 0xc7, 0x00, 0x85, 0xcc, 0xcc, 0x00, 0x0f,
0x00, 0x00, 0x00, 0x00, 0x00, 0x00, 0x00, 0x00, 0x00, 0x00, 0x00, 0x00, 0x00, 0x00, 0x00, 0x00,
0x00, 0x00, 0x00, 0x00, 0x00, 0x00, 0x00, 0x00, 0x00, 0x00, 0x00, 0x00, 0x00, 0x00, 0x00, 0x00,
0x00, 0x00, 0x00, 0x00, 0x00, 0x00, 0x00, 0x00, 0x00, 0x00, 0x00, 0x00, 0x00, 0x00, 0x00, 0x00,
0x00, 0x00, 0x00, 0x00, 0x00, 0x00, 0x00, 0x00, 0x00, 0x00, 0x00, 0x00, 0x00, 0x00, 0x00, 0x00,
0x00, 0x00, 0x00, 0x00, 0x00, 0x00, 0x00, 0x00, 0x00, 0x00, 0x00, 0x00, 0x00, 0x00, 0x00, 0x00,
0x00, 0x00, 0x00, 0x00, 0x00, 0x00, 0x00, 0x00, 0x00, 0x00, 0x00, 0x00, 0x00, 0x00, 0x00, 0x00,
0x00, 0x00, 0x00, 0x00, 0x00, 0x00, 0x00, 0x00, 0x00, 0x00, 0x00, 0x00, 0x00, 0x00, 0x00, 0x00,
0x00, 0x00, 0x00, 0x00, 0x00, 0x00, 0x00, 0x00, 0xbf, 0xff, 0x00, 0x04, 0xd0, 0xe4, 0x00, 0x72,
0xd0, 0xe1, 0x00, 0xed, 0xcf, 0xe0, 0x00, 0xff, 0xcc, 0xda, 0x00, 0xff, 0xa0, 0xa5, 0x01, 0xff,
0xb6, 0xc2, 0x01, 0xff, 0xbf, 0xcb, 0x00, 0xff, 0x48, 0x3a, 0x02, 0xff, 0x1e, 0x07, 0x03, 0xff,
0x1e, 0x07, 0x03, 0xff, 0x48, 0x37, 0x02, 0xff, 0xba, 0xb6, 0x00, 0xff, 0xaf, 0xa8, 0x01, 0xff,
0x9e, 0x97, 0x01, 0xff, 0xc6, 0xc4, 0x00, 0xff, 0xc9, 0xc5, 0x00, 0xff, 0xc7, 0xc2, 0x00, 0xed,
0xc8, 0xc2, 0x00, 0x70, 0xaa, 0xaa, 0x00, 0x03, 0x00, 0x00, 0x00, 0x00, 0x00, 0x00, 0x00, 0x00,
0x00, 0x00, 0x00, 0x00, 0x00, 0x00, 0x00, 0x00, 0x00, 0x00, 0x00, 0x00, 0x00, 0x00, 0x00, 0x00,
0x00, 0x00, 0x00, 0x00, 0x00, 0x00, 0x00, 0x00, 0x00, 0x00, 0x00, 0x00, 0x00, 0x00, 0x00, 0x00,
0x00, 0x00, 0x00, 0x00, 0x00, 0x00, 0x00, 0x00, 0x00, 0x00, 0x00, 0x00, 0x00, 0x00, 0x00, 0x00,
0x00, 0x00, 0x00, 0x00, 0x00, 0x00, 0x00, 0x00, 0x00, 0x00, 0x00, 0x00, 0x00, 0x00, 0x00, 0x00,
0x00, 0x00, 0x00, 0x00, 0x00, 0x00, 0x00, 0x00, 0x00, 0x00, 0x00, 0x00, 0x00, 0x00, 0x00, 0x00,
0x00, 0x00, 0x00, 0x00, 0x00, 0x00, 0x00, 0x00, 0x00, 0x00, 0x00, 0x00, 0x00, 0x00, 0x00, 0x00,
0x00, 0x00, 0x00, 0x00, 0xcf, 0xdf, 0x00, 0x10, 0xd0, 0xe3, 0x00, 0xb9, 0xd0, 0xe2, 0x00, 0xff,
0xcd, 0xdd, 0x00, 0xfe, 0x87, 0x86, 0x01, 0xff, 0x2e, 0x1b, 0x03, 0xff, 0x79, 0x78, 0x01, 0xff,
0xc7, 0xd7, 0x00, 0xff, 0x3f, 0x2f, 0x02, 0xff, 0x1e, 0x07, 0x03, 0xff, 0x1e, 0x07, 0x03, 0xff,
0x1e, 0x07, 0x03, 0xff, 0x1e, 0x07, 0x03, 0xff, 0x3e, 0x2c, 0x02, 0xff, 0xbf, 0xb8, 0x00, 0xff,
0x72, 0x61, 0x01, 0xff, 0x2f, 0x19, 0x03, 0xff, 0x83, 0x77, 0x01, 0xff, 0xc5, 0xbe, 0x00, 0xff,
0xc7, 0xbe, 0x00, 0xff, 0xc7, 0xbc, 0x00, 0xb7, 0xbf, 0xbf, 0x00, 0x10, 0x80, 0x00, 0xff, 0x02,
0x89, 0x27, 0xf5, 0x1a, 0x83, 0x27, 0xf7, 0x21, 0x87, 0x1e, 0xf0, 0x11, 0x00, 0x00, 0x00, 0x00,
0x00, 0x00, 0x00, 0x00, 0x00, 0x00, 0x00, 0x00, 0x00, 0x00, 0x00, 0x00, 0x00, 0x00, 0x00, 0x00,
0x00, 0x00, 0x00, 0x00, 0x00, 0x00, 0x00, 0x00, 0x00, 0x00, 0x00, 0x00, 0x00, 0x00, 0x00, 0x00,
0x00, 0x00, 0x00, 0x00, 0x00, 0x00, 0x00, 0x00, 0x00, 0x00, 0x00, 0x00, 0x00, 0x00, 0x00, 0x00,
0x00, 0x00, 0x00, 0x00, 0x00, 0x00, 0x00, 0x00, 0x00, 0x00, 0x00, 0x00, 0x00, 0x00, 0x00, 0x00,
0x00, 0x00, 0x00, 0x00, 0x00, 0x00, 0x00, 0x00, 0x00, 0x00, 0x00, 0x00, 0x00, 0x00, 0x00, 0x00,
0xd2, 0xe9, 0x00, 0x22, 0xd0, 0xe4, 0x00, 0xd8, 0xd0, 0xe2, 0x00, 0xff, 0xae, 0xb7, 0x01, 0xff,
0x39, 0x28, 0x03, 0xff, 0x1e, 0x07, 0x03, 0xff, 0x2f, 0x1d, 0x03, 0xff, 0xc8, 0xd9, 0x00, 0xff,
0x72, 0x6d, 0x02, 0xff, 0x1e, 0x07, 0x03, 0xff, 0x1e, 0x07, 0x03, 0xff, 0x1e, 0x07, 0x03, 0xff,
0x1e, 0x07, 0x03, 0xff, 0x1e, 0x07, 0x03, 0xff, 0x1e, 0x07, 0x03, 0xff, 0x70, 0x60, 0x02, 0xff,
0xbe, 0xb1, 0x00, 0xff, 0x2e, 0x18, 0x03, 0xff, 0x21, 0x08, 0x0a, 0xff, 0x4b, 0x24, 0x40, 0xff,
0x98, 0x63, 0x77, 0xff, 0x99, 0x52, 0xac, 0xff, 0x8b, 0x34, 0xde, 0xfb, 0x85, 0x24, 0xf6, 0xfc,
0x85, 0x25, 0xf7, 0xff, 0x85, 0x25, 0xf7, 0xff, 0x85, 0x25, 0xf7, 0xff, 0x85, 0x25, 0xf7, 0xf5,
0x85, 0x25, 0xf6, 0xb2, 0x84, 0x26, 0xf6, 0x36, 0x00, 0x00, 0x00, 0x00, 0x00, 0x00, 0x00, 0x00,
0x00, 0x00, 0x00, 0x00, 0x00, 0x00, 0x00, 0x00, 0x00, 0x00, 0x00, 0x00, 0x00, 0x00, 0x00, 0x00,
0x00, 0x00, 0x00, 0x00, 0x00, 0x00, 0x00, 0x00, 0x00, 0x00, 0x00, 0x00, 0x00, 0x00, 0x00, 0x00,
0x00, 0x00, 0x00, 0x00, 0x00, 0x00, 0x00, 0x00, 0x00, 0x00, 0x00, 0x00, 0x00, 0x00, 0x00, 0x00,
0x00, 0x00, 0x00, 0x00, 0x00, 0x00, 0x00, 0x00, 0x00, 0x00, 0x00, 0x00, 0xc8, 0xed, 0x00, 0x0e,
0xd0, 0xe3, 0x00, 0xd5, 0xd0, 0xe2, 0x00, 0xff, 0x9b, 0xa0, 0x01, 0xff, 0x27, 0x13, 0x03, 0xff,
0x1e, 0x07, 0x03, 0xff, 0x1e, 0x07, 0x03, 0xff, 0x7d, 0x7e, 0x01, 0xff, 0xbf, 0xcd, 0x00, 0xff,
0x25, 0x10, 0x03, 0xff, 0x1e, 0x07, 0x03, 0xff, 0x1e, 0x07, 0x03, 0xff, 0x1e, 0x07, 0x03, 0xff,
0x1e, 0x07, 0x03, 0xff, 0x1e, 0x07, 0x03, 0xff, 0x1e, 0x07, 0x03, 0xff, 0x29, 0x0f, 0x0e, 0xff,
0xa5, 0x7c, 0x51, 0xff, 0x80, 0x3a, 0xa1, 0xff, 0x80, 0x23, 0xe9, 0xff, 0x85, 0x25, 0xf7, 0xff,
0x85, 0x25, 0xf7, 0xff, 0x85, 0x25, 0xf7, 0xff, 0x86, 0x27, 0xf3, 0xff, 0x8b, 0x32, 0xe1, 0xfb,
0x86, 0x27, 0xf2, 0xca, 0x85, 0x25, 0xf7, 0xc0, 0x85, 0x25, 0xf7, 0xe8, 0x86, 0x24, 0xf7, 0xfc,
0x85, 0x25, 0xf7, 0xff, 0x84, 0x25, 0xf7, 0xfb, 0x86, 0x25, 0xf8, 0x4c, 0x00, 0x00, 0x00, 0x00,
0x00, 0x00, 0x00, 0x00, 0x00, 0x00, 0x00, 0x00, 0x00, 0x00, 0x00, 0x00, 0x00, 0x00, 0x00, 0x00,
0x00, 0x00, 0x00, 0x00, 0x00, 0x00, 0x00, 0x00, 0x00, 0x00, 0x00, 0x00, 0x00, 0x00, 0x00, 0x00,
0x00, 0x00, 0x00, 0x00, 0x00, 0x00, 0x00, 0x00, 0x00, 0x00, 0x00, 0x00, 0x00, 0x00, 0x00, 0x00,
0x00, 0x00, 0x00, 0x00, 0x00, 0x00, 0x00, 0x00, 0xbf, 0xff, 0x00, 0x04, 0xd0, 0xe3, 0x00, 0xb9,
0xd0, 0xe2, 0x00, 0xff, 0x96, 0x9a, 0x01, 0xff, 0x20, 0x09, 0x03, 0xff, 0x1e, 0x07, 0x03, 0xff,
0x1e, 0x07, 0x03, 0xff, 0x20, 0x0a, 0x03, 0xff, 0xbc, 0xcc, 0x00, 0xff, 0x7b, 0x78, 0x01, 0xff,
0x1e, 0x07, 0x03, 0xff, 0x1e, 0x07, 0x03, 0xff, 0x1e, 0x07, 0x03, 0xff, 0x1e, 0x07, 0x03, 0xff,
0x1e, 0x07, 0x03, 0xff, 0x30, 0x0d, 0x2e, 0xff, 0x5a, 0x19, 0x91, 0xff, 0x80, 0x23, 0xe9, 0xff,
0x85, 0x25, 0xf7, 0xff, 0x85, 0x25, 0xf7, 0xff, 0x81, 0x24, 0xed, 0xff, 0x64, 0x1b, 0xab, 0xff,
0x4c, 0x14, 0x6f, 0xff, 0x37, 0x0e, 0x39, 0xff, 0x90, 0x7b, 0x08, 0xff, 0xc4, 0xb2, 0x00, 0xff,
0xc3, 0xb0, 0x00, 0xb7, 0x85, 0x27, 0xf6, 0x8a, 0x85, 0x25, 0xf7, 0xff, 0x85, 0x25, 0xf7, 0xff,
0x85, 0x25, 0xf7, 0xff, 0x85, 0x25, 0xf6, 0xff, 0x86, 0x25, 0xf7, 0xdf, 0x00, 0x00, 0x00, 0x00,
0x00, 0x00, 0x00, 0x00, 0x00, 0x00, 0x00, 0x00, 0x00, 0x00, 0x00, 0x00, 0x00, 0x00, 0x00, 0x00,
0x00, 0x00, 0x00, 0x00, 0x00, 0x00, 0x00, 0x00, 0x00, 0x00, 0x00, 0x00, 0x00, 0x00, 0x00, 0x00,
0x00, 0x00, 0x00, 0x00, 0x00, 0x00, 0x00, 0x00, 0x00, 0x00, 0x00, 0x00, 0x00, 0x00, 0x00, 0x00,
0x00, 0x00, 0x00, 0x00, 0x00, 0x00, 0x00, 0x00, 0xd0, 0xe4, 0x00, 0x72, 0xd0, 0xe2, 0x00, 0xff,
0xae, 0xb7, 0x01, 0xff, 0x26, 0x11, 0x03, 0xff, 0x1e, 0x07, 0x03, 0xff, 0x1e, 0x07, 0x03, 0xff,
0x1e, 0x07, 0x03, 0xff, 0x4d, 0x41, 0x02, 0xff, 0xcf, 0xe2, 0x00, 0xff, 0x39, 0x29, 0x03, 0xff,
0x1e, 0x07, 0x03, 0xff, 0x1e, 0x07, 0x03, 0xff, 0x1f, 0x07, 0x04, 0xff, 0x3f, 0x11, 0x4f, 0xff,
0x6d, 0x1e, 0xbf, 0xff, 0x85, 0x25, 0xf7, 0xff, 0x85, 0x25, 0xf7, 0xff, 0x81, 0x24, 0xee, 0xff,
0x6a, 0x25, 0xa1, 0xff, 0xaf, 0x82, 0x4f, 0xff, 0x49, 0x2e, 0x0c, 0xff, 0x1e, 0x07, 0x03, 0xff,
0x1e, 0x07, 0x03, 0xff, 0x1e, 0x07, 0x03, 0xff, 0x26, 0x0f, 0x03, 0xff, 0xa5, 0x91, 0x01, 0xff,
0xc3, 0xae, 0x00, 0xff, 0x8a, 0x31, 0xe1, 0xe4, 0x85, 0x25, 0xf7, 0xff, 0x85, 0x25, 0xf7, 0xff,
0x85, 0x25, 0xf7, 0xff, 0x85, 0x25, 0xf7, 0xff, 0x85, 0x25, 0xf7, 0xff, 0x88, 0x22, 0xff, 0x0f,
0x00, 0x00, 0x00, 0x00, 0x00, 0x00, 0x00, 0x00, 0x00, 0x00, 0x00, 0x00, 0x00, 0x00, 0x00, 0x00,
0x00, 0x00, 0x00, 0x00, 0x00, 0x00, 0x00, 0x00, 0x00, 0x00, 0x00, 0x00, 0x00, 0x00, 0x00, 0x00,
0x00, 0x00, 0x00, 0x00, 0x00, 0x00, 0x00, 0x00, 0x00, 0x00, 0x00, 0x00, 0x00, 0x00, 0x00, 0x00,
0x00, 0x00, 0x00, 0x00, 0xcf, 0xdf, 0x00, 0x10, 0xd0, 0xe1, 0x00, 0xed, 0xcd, 0xdd, 0x00, 0xfe,
0x39, 0x28, 0x03, 0xff, 0x1e, 0x07, 0x03, 0xff, 0x1e, 0x07, 0x03, 0xff, 0x1e, 0x07, 0x03, 0xff,
0x1e, 0x07, 0x03, 0xff, 0x7a, 0x78, 0x01, 0xff, 0xb8, 0xc3, 0x00, 0xff, 0x1e, 0x07, 0x03, 0xff,
0x1f, 0x07, 0x05, 0xff, 0x40, 0x11, 0x54, 0xff, 0x72, 0x1f, 0xcb, 0xff, 0x85, 0x25, 0xf7, 0xff,
0x85, 0x25, 0xf7, 0xff, 0x75, 0x20, 0xd0, 0xff, 0x4b, 0x14, 0x6e, 0xff, 0x25, 0x0a, 0x14, 0xff,
0x1e, 0x07, 0x03, 0xff, 0xb0, 0x99, 0x00, 0xff, 0x70, 0x57, 0x01, 0xff, 0x1e, 0x07, 0x03, 0xff,
0x1e, 0x07, 0x03, 0xff, 0x1e, 0x07, 0x03, 0xff, 0x1e, 0x07, 0x03, 0xff, 0x38, 0x22, 0x03, 0xff,
0xbf, 0xa8, 0x00, 0xff, 0x94, 0x47, 0xb7, 0xfa, 0x85, 0x25, 0xf7, 0xff, 0x85, 0x25, 0xf7, 0xff,
0x85, 0x25, 0xf7, 0xff, 0x85, 0x25, 0xf7, 0xff, 0x85, 0x25, 0xf6, 0xfa, 0x80, 0x40, 0xff, 0x04,
0x00, 0x00, 0x00, 0x00, 0x00, 0x00, 0x00, 0x00, 0x00, 0x00, 0x00, 0x00, 0x00, 0x00, 0x00, 0x00,
0x00, 0x00, 0x00, 0x00, 0x00, 0x00, 0x00, 0x00, 0x00, 0x00, 0x00, 0x00, 0x00, 0x00, 0x00, 0x00,
0x00, 0x00, 0x00, 0x00, 0x00, 0x00, 0x00, 0x00, 0x00, 0x00, 0x00, 0x00, 0x00, 0x00, 0x00, 0x00,
0x00, 0x00, 0x00, 0x00, 0xcf, 0xe2, 0x00, 0x86, 0xcf, 0xe0, 0x00, 0xff, 0x87, 0x86, 0x01, 0xff,
0x1e, 0x07, 0x03, 0xff, 0x1e, 0x07, 0x03, 0xff, 0x1e, 0x07, 0x03, 0xff, 0x1e, 0x07, 0x03, 0xff,
0x1e, 0x07, 0x03, 0xff, 0xa4, 0xae, 0x01, 0xff, 0x8c, 0x8e, 0x01, 0xff, 0x3b, 0x0f, 0x47, 0xff,
0x73, 0x20, 0xcd, 0xff, 0x85, 0x25, 0xf7, 0xff, 0x85, 0x25, 0xf7, 0xff, 0x6e, 0x1f, 0xc0, 0xff,
0x3b, 0x10, 0x49, 0xff, 0x1f, 0x07, 0x04, 0xff, 0x1e, 0x07, 0x03, 0xff, 0x1e, 0x07, 0x03, 0xff,
0x1e, 0x07, 0x03, 0xff, 0x88, 0x6f, 0x01, 0xff, 0x99, 0x7e, 0x01, 0xff, 0x1e, 0x07, 0x03, 0xff,
0x1e, 0x07, 0x03, 0xff, 0x1e, 0x07, 0x03, 0xff, 0x1e, 0x07, 0x03, 0xff, 0x1e, 0x07, 0x03, 0xff,
0x80, 0x68, 0x01, 0xff, 0xb3, 0x89, 0x38, 0xff, 0x86, 0x28, 0xf0, 0xf9, 0x85, 0x25, 0xf7, 0xff,
0x85, 0x25, 0xf7, 0xff, 0x85, 0x25, 0xf7, 0xff, 0x86, 0x25, 0xf7, 0xb5, 0x00, 0x00, 0x00, 0x00,
0x00, 0x00, 0x00, 0x00, 0x00, 0x00, 0x00, 0x00, 0x00, 0x00, 0x00, 0x00, 0x00, 0x00, 0x00, 0x00,
0x00, 0x00, 0x00, 0x00, 0x00, 0x00, 0x00, 0x00, 0x00, 0x00, 0x00, 0x00, 0x00, 0x00, 0x00, 0x00,
0x00, 0x00, 0x00, 0x00, 0x00, 0x00, 0x00, 0x00, 0x00, 0x00, 0x00, 0x00, 0x00, 0x00, 0x00, 0x00,
0xff, 0xff, 0x00, 0x02, 0xcf, 0xe0, 0x00, 0xe6, 0xcc, 0xda, 0x00, 0xff, 0x2e, 0x1b, 0x03, 0xff,
0x1e, 0x07, 0x03, 0xff, 0x1e, 0x07, 0x03, 0xff, 0x1e, 0x07, 0x03, 0xff, 0x1e, 0x07, 0x03, 0xff,
0x1e, 0x07, 0x03, 0xff, 0xbc, 0xba, 0x26, 0xff, 0x7d, 0x36, 0xaf, 0xff, 0x85, 0x25, 0xf7, 0xff,
0x85, 0x25, 0xf7, 0xff, 0x6c, 0x1e, 0xbd, 0xff, 0x39, 0x0f, 0x44, 0xff, 0x1e, 0x07, 0x03, 0xff,
0x1e, 0x07, 0x03, 0xff, 0x1e, 0x07, 0x03, 0xff, 0x1e, 0x07, 0x03, 0xff, 0x1e, 0x07, 0x03, 0xff,
0x1e, 0x07, 0x03, 0xff, 0x63, 0x4b, 0x02, 0xff, 0xb8, 0x9a, 0x00, 0xff, 0x1e, 0x07, 0x03, 0xff,
0x1e, 0x07, 0x03, 0xff, 0x1e, 0x07, 0x03, 0xff, 0x1e, 0x07, 0x03, 0xff, 0x1e, 0x07, 0x03, 0xff,
0x2f, 0x17, 0x03, 0xff, 0xbe, 0xa2, 0x00, 0xff, 0xba, 0x97, 0x17, 0xe6, 0x85, 0x28, 0xf4, 0x5a,
0x86, 0x25, 0xf7, 0xe9, 0x85, 0x25, 0xf7, 0xfe, 0x86, 0x27, 0xf6, 0x3b, 0x00, 0x00, 0x00, 0x00,
0x00, 0x00, 0x00, 0x00, 0x00, 0x00, 0x00, 0x00, 0x00, 0x00, 0x00, 0x00, 0x00, 0x00, 0x00, 0x00,
0x00, 0x00, 0x00, 0x00, 0x00, 0x00, 0x00, 0x00, 0x00, 0x00, 0x00, 0x00, 0x00, 0x00, 0x00, 0x00,
0x00, 0x00, 0x00, 0x00, 0x00, 0x00, 0x00, 0x00, 0x00, 0x00, 0x00, 0x00, 0x00, 0x00, 0x00, 0x00,
0xce, 0xe0, 0x00, 0x39, 0xcf, 0xde, 0x00, 0xff, 0x9e, 0xa2, 0x01, 0xff, 0x1e, 0x07, 0x03, 0xff,
0x1e, 0x07, 0x03, 0xff, 0x1e, 0x07, 0x03, 0xff, 0x1e, 0x07, 0x03, 0xff, 0x21, 0x08, 0x0a, 0xff,
0x5c, 0x20, 0x83, 0xff, 0x86, 0x28, 0xf2, 0xff, 0x85, 0x25, 0xf7, 0xff, 0x76, 0x21, 0xd4, 0xff,
0x3e, 0x10, 0x4f, 0xff, 0x1e, 0x07, 0x03, 0xff, 0x1e, 0x07, 0x03, 0xff, 0x1e, 0x07, 0x03, 0xff,
0x1e, 0x07, 0x03, 0xff, 0x1e, 0x07, 0x03, 0xff, 0x1e, 0x07, 0x03, 0xff, 0x1e, 0x07, 0x03, 0xff,
0x1e, 0x07, 0x03, 0xff, 0x4c, 0x34, 0x02, 0xff, 0xc0, 0xa1, 0x00, 0xff, 0x2c, 0x13, 0x03, 0xff,
0x1e, 0x07, 0x03, 0xff, 0x1e, 0x07, 0x03, 0xff, 0x1e, 0x07, 0x03, 0xff, 0x1e, 0x07, 0x03, 0xff,
0x1e, 0x07, 0x03, 0xff, 0x96, 0x7b, 0x01, 0xff, 0xc0, 0xa0, 0x01, 0xff, 0x8a, 0x30, 0xe0, 0xbe,
0x85, 0x25, 0xf7, 0xff, 0x85, 0x26, 0xf7, 0xa3, 0x00, 0x00, 0x00, 0x00, 0x00, 0x00, 0x00, 0x00,
0x00, 0x00, 0x00, 0x00, 0x00, 0x00, 0x00, 0x00, 0x00, 0x00, 0x00, 0x00, 0x00, 0x00, 0x00, 0x00,
0x00, 0x00, 0x00, 0x00, 0x00, 0x00, 0x00, 0x00, 0x00, 0x00, 0x00, 0x00, 0x00, 0x00, 0x00, 0x00,
0x00, 0x00, 0x00, 0x00, 0x00, 0x00, 0x00, 0x00, 0x00, 0x00, 0x00, 0x00, 0x00, 0x00, 0x00, 0x00,
0xcf, 0xdf, 0x00, 0x86, 0xce, 0xdc, 0x00, 0xff, 0x68, 0x60, 0x02, 0xff, 0x1e, 0x07, 0x03, 0xff,
0x1e, 0x07, 0x03, 0xff, 0x1e, 0x07, 0x03, 0xff, 0x33, 0x0d, 0x33, 0xff, 0x73, 0x20, 0xcd, 0xff,
0x85, 0x25, 0xf7, 0xff, 0x89, 0x2f, 0xe9, 0xff, 0x59, 0x24, 0x72, 0xff, 0x20, 0x08, 0x09, 0xff,
0x1e, 0x07, 0x03, 0xff, 0x1e, 0x07, 0x03, 0xff, 0x1e, 0x07, 0x03, 0xff, 0x1e, 0x07, 0x03, 0xff,
0x1e, 0x07, 0x03, 0xff, 0x1e, 0x07, 0x03, 0xff, 0x1e, 0x07, 0x03, 0xff, 0x1e, 0x07, 0x03, 0xff,
0x1e, 0x07, 0x03, 0xff, 0x34, 0x1d, 0x03, 0xff, 0xc0, 0x9f, 0x00, 0xff, 0x41, 0x27, 0x02, 0xff,
0x1e, 0x07, 0x03, 0xff, 0x1e, 0x07, 0x03, 0xff, 0x1e, 0x07, 0x03, 0xff, 0x1e, 0x07, 0x03, 0xff,
0x1e, 0x07, 0x03, 0xff, 0x64, 0x49, 0x02, 0xff, 0xa1, 0x60, 0x80, 0xff, 0x85, 0x25, 0xf7, 0xff,
0x85, 0x25, 0xf7, 0xda, 0x80, 0x2b, 0xf1, 0x12, 0x00, 0x00, 0x00, 0x00, 0x00, 0x00, 0x00, 0x00,
0x00, 0x00, 0x00, 0x00, 0x00, 0x00, 0x00, 0x00, 0x00, 0x00, 0x00, 0x00, 0x00, 0x00, 0x00, 0x00,
0x00, 0x00, 0x00, 0x00, 0x00, 0x00, 0x00, 0x00, 0x00, 0x00, 0x00, 0x00, 0x00, 0x00, 0x00, 0x00,
0x00, 0x00, 0x00, 0x00, 0x00, 0x00, 0x00, 0x00, 0x00, 0x00, 0x00, 0x00, 0x00, 0x00, 0x00, 0x00,
0xcd, 0xdd, 0x00, 0xb9, 0xce, 0xda, 0x00, 0xff, 0x3c, 0x2a, 0x02, 0xff, 0x1e, 0x07, 0x03, 0xff,
0x1f, 0x07, 0x05, 0xff, 0x50, 0x16, 0x7b, 0xff, 0x83, 0x24, 0xf3, 0xff, 0x85, 0x25, 0xf7, 0xff,
0x78, 0x30, 0xb4, 0xff, 0xc5, 0xc5, 0x1c, 0xff, 0x24, 0x0f, 0x03, 0xff, 0x1e, 0x07, 0x03, 0xff,
0x1e, 0x07, 0x03, 0xff, 0x1e, 0x07, 0x03, 0xff, 0x1e, 0x07, 0x03, 0xff, 0x1e, 0x07, 0x03, 0xff,
0x1e, 0x07, 0x03, 0xff, 0x1e, 0x07, 0x03, 0xff, 0x1e, 0x07, 0x03, 0xff, 0x1e, 0x07, 0x03, 0xff,
0x1e, 0x07, 0x03, 0xff, 0x25, 0x0d, 0x03, 0xff, 0xbf, 0x9d, 0x00, 0xff, 0x50, 0x34, 0x02, 0xff,
0x1e, 0x07, 0x03, 0xff, 0x1e, 0x07, 0x03, 0xff, 0x1e, 0x07, 0x03, 0xff, 0x1e, 0x07, 0x03, 0xff,
0x1e, 0x07, 0x03, 0xff, 0x60, 0x23, 0x7c, 0xff, 0x85, 0x25, 0xf7, 0xff, 0x88, 0x2b, 0xeb, 0xfb,
0x83, 0x27, 0xf8, 0x27, 0x00, 0x00, 0x00, 0x00, 0x00, 0x00, 0x00, 0x00, 0x00, 0x00, 0x00, 0x00,
0x00, 0x00, 0x00, 0x00, 0x00, 0x00, 0x00, 0x00, 0x00, 0x00, 0x00, 0x00, 0x00, 0x00, 0x00, 0x00,
0x00, 0x00, 0x00, 0x00, 0x00, 0x00, 0x00, 0x00, 0x00, 0x00, 0x00, 0x00, 0x00, 0x00, 0x00, 0x00,
0x00, 0x00, 0x00, 0x00, 0x00, 0x00, 0x00, 0x00, 0x00, 0x00, 0x00, 0x00, 0x00, 0x00, 0x00, 0x00,
0xce, 0xda, 0x00, 0xdb, 0xcd, 0xd8, 0x00, 0xff, 0x23, 0x0d, 0x03, 0xff, 0x24, 0x09, 0x12, 0xff,
0x67, 0x1c, 0xaf, 0xff, 0x85, 0x25, 0xf7, 0xff, 0x80, 0x23, 0xea, 0xff, 0x47, 0x13, 0x65, 0xff,
0x5e, 0x53, 0x03, 0xff, 0xcb, 0xd4, 0x00, 0xff, 0x1e, 0x07, 0x03, 0xff, 0x1e, 0x07, 0x03, 0xff,
0x1e, 0x07, 0x03, 0xff, 0x1e, 0x07, 0x03, 0xff, 0x1e, 0x07, 0x03, 0xff, 0x1e, 0x07, 0x03, 0xff,
0x1e, 0x07, 0x03, 0xff, 0x1e, 0x07, 0x03, 0xff, 0x1e, 0x07, 0x03, 0xff, 0x1e, 0x07, 0x03, 0xff,
0x1e, 0x07, 0x03, 0xff, 0x1f, 0x08, 0x03, 0xff, 0xbe, 0x9a, 0x00, 0xff, 0x56, 0x3b, 0x02, 0xff,
0x1e, 0x07, 0x03, 0xff, 0x1e, 0x07, 0x03, 0xff, 0x1e, 0x07, 0x03, 0xff, 0x1f, 0x07, 0x04, 0xff,
0x57, 0x17, 0x8a, 0xff, 0x85, 0x25, 0xf7, 0xff, 0x88, 0x2c, 0xe8, 0xff, 0xb0, 0x7b, 0x40, 0xe2,
0x00, 0x00, 0x00, 0x00, 0x00, 0x00, 0x00, 0x00, 0x00, 0x00, 0x00, 0x00, 0x00, 0x00, 0x00, 0x00,
0x00, 0x00, 0x00, 0x00, 0x00, 0x00, 0x00, 0x00, 0x00, 0x00, 0x00, 0x00, 0x00, 0x00, 0x00, 0x00,
0x00, 0x00, 0x00, 0x00, 0x00, 0x00, 0x00, 0x00, 0x00, 0x00, 0x00, 0x00, 0x00, 0x00, 0x00, 0x00,
0x00, 0x00, 0x00, 0x00, 0x00, 0x00, 0x00, 0x00, 0x00, 0x00, 0x00, 0x00, 0x00, 0x00, 0x00, 0x00,
0xcd, 0xd8, 0x00, 0xe9, 0xc6, 0xce, 0x00, 0xff, 0x2f, 0x0c, 0x2c, 0xff, 0x77, 0x21, 0xd5, 0xff,
0x85, 0x25, 0xf7, 0xff, 0x74, 0x20, 0xce, 0xff, 0x2e, 0x0c, 0x28, 0xff, 0x1e, 0x07, 0x03, 0xff,
0x65, 0x5c, 0x02, 0xff, 0xc4, 0xca, 0x00, 0xff, 0x1e, 0x07, 0x03, 0xff, 0x1e, 0x07, 0x03, 0xff,
0x1e, 0x07, 0x03, 0xff, 0x1e, 0x07, 0x03, 0xff, 0x1e, 0x07, 0x03, 0xff, 0x1e, 0x07, 0x03, 0xff,
0x1e, 0x07, 0x03, 0xff, 0x1e, 0x07, 0x03, 0xff, 0x1e, 0x07, 0x03, 0xff, 0x1e, 0x07, 0x03, 0xff,
0x1e, 0x07, 0x03, 0xff, 0x1e, 0x07, 0x03, 0xff, 0xb6, 0x91, 0x00, 0xff, 0x5e, 0x40, 0x02, 0xff,
0x1e, 0x07, 0x03, 0xff, 0x1e, 0x07, 0x03, 0xff, 0x23, 0x09, 0x11, 0xff, 0x64, 0x1b, 0xab, 0xff,
0x85, 0x25, 0xf7, 0xff, 0x7c, 0x23, 0xe3, 0xff, 0xaf, 0x7f, 0x2f, 0xff, 0xbd, 0x95, 0x00, 0xe8,
0x00, 0x00, 0x00, 0x00, 0x00, 0x00, 0x00, 0x00, 0x00, 0x00, 0x00, 0x00, 0x00, 0x00, 0x00, 0x00,
0x00, 0x00, 0x00, 0x00, 0x00, 0x00, 0x00, 0x00, 0x00, 0x00, 0x00, 0x00, 0x00, 0x00, 0x00, 0x00,
0x00, 0x00, 0x00, 0x00, 0x00, 0x00, 0x00, 0x00, 0x00, 0x00, 0x00, 0x00, 0x00, 0x00, 0x00, 0x00,
0x00, 0x00, 0x00, 0x00, 0x00, 0x00, 0x00, 0x00, 0x00, 0x00, 0x00, 0x00, 0x00, 0x00, 0x00, 0x00,
0xcd, 0xd7, 0x00, 0xe9, 0xb8, 0xaa, 0x32, 0xff, 0x7d, 0x23, 0xe5, 0xff, 0x85, 0x25, 0xf7, 0xff,
0x63, 0x1b, 0xa6, 0xff, 0x23, 0x09, 0x0f, 0xff, 0x1e, 0x07, 0x03, 0xff, 0x1e, 0x07, 0x03, 0xff,
0x65, 0x5b, 0x02, 0xff, 0xc4, 0xc8, 0x00, 0xff, 0x1e, 0x07, 0x03, 0xff, 0x1e, 0x07, 0x03, 0xff,
0x1e, 0x07, 0x03, 0xff, 0x1e, 0x07, 0x03, 0xff, 0x1e, 0x07, 0x03, 0xff, 0x1e, 0x07, 0x03, 0xff,
0x1e, 0x07, 0x03, 0xff, 0x1e, 0x07, 0x03, 0xff, 0x1e, 0x07, 0x03, 0xff, 0x1e, 0x07, 0x03, 0xff,
0x1e, 0x07, 0x03, 0xff, 0x1e, 0x07, 0x03, 0xff, 0xb6, 0x8f, 0x00, 0xff, 0x5d, 0x3e, 0x02, 0xff,
0x1e, 0x07, 0x03, 0xff, 0x2e, 0x0c, 0x2b, 0xff, 0x75, 0x20, 0xd0, 0xff, 0x85, 0x25, 0xf7, 0xff,
0x75, 0x20, 0xd2, 0xff, 0x2d, 0x0c, 0x29, 0xff, 0xb7, 0x91, 0x00, 0xff, 0xbd, 0x94, 0x00, 0xe8,
0x00, 0x00, 0x00, 0x00, 0x00, 0x00, 0x00, 0x00, 0x00, 0x00, 0x00, 0x00, 0x00, 0x00, 0x00, 0x00,
0x00, 0x00, 0x00, 0x00, 0x00, 0x00, 0x00, 0x00, 0x00, 0x00, 0x00, 0x00, 0x00, 0x00, 0x00, 0x00,
0x00, 0x00, 0x00, 0x00, 0x00, 0x00, 0x00, 0x00, 0x00, 0x00, 0x00, 0x00, 0x00, 0x00, 0x00, 0x00,
0x00, 0x00, 0x00, 0x00, 0x00, 0x00, 0x00, 0x00, 0x00, 0x00, 0x00, 0x00, 0x00, 0x00, 0x00, 0x00,
0xb9, 0xa4, 0x42, 0xe4, 0x89, 0x2e, 0xe9, 0xff, 0x85, 0x25, 0xf7, 0xff, 0x55, 0x17, 0x85, 0xff,
0x1f, 0x07, 0x04, 0xff, 0x1e, 0x07, 0x03, 0xff, 0x1e, 0x07, 0x03, 0xff, 0x1e, 0x07, 0x03, 0xff,
0x5d, 0x51, 0x02, 0xff, 0xc9, 0xcf, 0x00, 0xff, 0x1e, 0x07, 0x03, 0xff, 0x1e, 0x07, 0x03, 0xff,
0x1e, 0x07, 0x03, 0xff, 0x1e, 0x07, 0x03, 0xff, 0x1e, 0x07, 0x03, 0xff, 0x1e, 0x07, 0x03, 0xff,
0x1e, 0x07, 0x03, 0xff, 0x1e, 0x07, 0x03, 0xff, 0x1e, 0x07, 0x03, 0xff, 0x1e, 0x07, 0x03, 0xff,
0x1e, 0x07, 0x03, 0xff, 0x1f, 0x08, 0x03, 0xff, 0xbc, 0x94, 0x00, 0xff, 0x56, 0x38, 0x03, 0xff,
0x49, 0x13, 0x69, 0xff, 0x80, 0x23, 0xeb, 0xff, 0x85, 0x25, 0xf7, 0xff, 0x65, 0x1c, 0xac, 0xff,
0x24, 0x09, 0x12, 0xff, 0x24, 0x0c, 0x03, 0xff, 0xbd, 0x94, 0x00, 0xff, 0xbc, 0x92, 0x00, 0xd9,
0x00, 0x00, 0x00, 0x00, 0x00, 0x00, 0x00, 0x00, 0x00, 0x00, 0x00, 0x00, 0x00, 0x00, 0x00, 0x00,
0x00, 0x00, 0x00, 0x00, 0x00, 0x00, 0x00, 0x00, 0x00, 0x00, 0x00, 0x00, 0x00, 0x00, 0x00, 0x00,
0x00, 0x00, 0x00, 0x00, 0x00, 0x00, 0x00, 0x00, 0x00, 0x00, 0x00, 0x00, 0x00, 0x00, 0x00, 0x00,
0x00, 0x00, 0x00, 0x00, 0x00, 0x00, 0x00, 0x00, 0x00, 0x00, 0x00, 0x00, 0x86, 0x24, 0xf9, 0x2a,
0x88, 0x2d, 0xec, 0xfb, 0x85, 0x25, 0xf7, 0xff, 0x5f, 0x27, 0x77, 0xff, 0x1e, 0x07, 0x03, 0xff,
0x1e, 0x07, 0x03, 0xff, 0x1e, 0x07, 0x03, 0xff, 0x1e, 0x07, 0x03, 0xff, 0x1e, 0x07, 0x03, 0xff,
0x55, 0x48, 0x02, 0xff, 0xcb, 0xcf, 0x00, 0xff, 0x24, 0x0e, 0x03, 0xff, 0x1e, 0x07, 0x03, 0xff,
0x1e, 0x07, 0x03, 0xff, 0x1e, 0x07, 0x03, 0xff, 0x1e, 0x07, 0x03, 0xff, 0x1e, 0x07, 0x03, 0xff,
0x1e, 0x07, 0x03, 0xff, 0x1e, 0x07, 0x03, 0xff, 0x1e, 0x07, 0x03, 0xff, 0x1e, 0x07, 0x03, 0xff,
0x1e, 0x07, 0x03, 0xff, 0x25, 0x0e, 0x03, 0xff, 0xb6, 0x85, 0x1f, 0xff, 0x77, 0x28, 0xb7, 0xff,
0x85, 0x25, 0xf7, 0xff, 0x83, 0x24, 0xf2, 0xff, 0x50, 0x16, 0x78, 0xff, 0x1f, 0x07, 0x04, 0xff,
0x1e, 0x07, 0x03, 0xff, 0x3a, 0x20, 0x02, 0xff, 0xbc, 0x92, 0x00, 0xff, 0xbc, 0x90, 0x00, 0xb7,
0x00, 0x00, 0x00, 0x00, 0x00, 0x00, 0x00, 0x00, 0x00, 0x00, 0x00, 0x00, 0x00, 0x00, 0x00, 0x00,
0x00, 0x00, 0x00, 0x00, 0x00, 0x00, 0x00, 0x00, 0x00, 0x00, 0x00, 0x00, 0x00, 0x00, 0x00, 0x00,
0x00, 0x00, 0x00, 0x00, 0x00, 0x00, 0x00, 0x00, 0x00, 0x00, 0x00, 0x00, 0x00, 0x00, 0x00, 0x00,
0x00, 0x00, 0x00, 0x00, 0x00, 0x00, 0x00, 0x00, 0x86, 0x24, 0xf3, 0x15, 0x85, 0x25, 0xf7, 0xdd,
0x85, 0x25, 0xf7, 0xff, 0xa8, 0x79, 0x7b, 0xff, 0x67, 0x5b, 0x02, 0xff, 0x1e, 0x07, 0x03, 0xff,
0x1e, 0x07, 0x03, 0xff, 0x1e, 0x07, 0x03, 0xff, 0x1e, 0x07, 0x03, 0xff, 0x1e, 0x07, 0x03, 0xff,
0x46, 0x36, 0x02, 0xff, 0xca, 0xcd, 0x00, 0xff, 0x34, 0x20, 0x03, 0xff, 0x1e, 0x07, 0x03, 0xff,
0x1e, 0x07, 0x03, 0xff, 0x1e, 0x07, 0x03, 0xff, 0x1e, 0x07, 0x03, 0xff, 0x1e, 0x07, 0x03, 0xff,
0x1e, 0x07, 0x03, 0xff, 0x1e, 0x07, 0x03, 0xff, 0x1e, 0x07, 0x03, 0xff, 0x1e, 0x07, 0x03, 0xff,
0x21, 0x08, 0x0a, 0xff, 0x5a, 0x1f, 0x75, 0xff, 0x88, 0x2a, 0xea, 0xff, 0x85, 0x25, 0xf7, 0xff,
0x72, 0x1f, 0xcb, 0xff, 0x32, 0x0d, 0x31, 0xff, 0x1e, 0x07, 0x03, 0xff, 0x1e, 0x07, 0x03, 0xff,
0x1e, 0x07, 0x03, 0xff, 0x63, 0x44, 0x02, 0xff, 0xbc, 0x90, 0x00, 0xff, 0xbb, 0x8e, 0x00, 0x83,
0x00, 0x00, 0x00, 0x00, 0x00, 0x00, 0x00, 0x00, 0x00, 0x00, 0x00, 0x00, 0x00, 0x00, 0x00, 0x00,
0x00, 0x00, 0x00, 0x00, 0x00, 0x00, 0x00, 0x00, 0x00, 0x00, 0x00, 0x00, 0x00, 0x00, 0x00, 0x00,
0x00, 0x00, 0x00, 0x00, 0x00, 0x00, 0x00, 0x00, 0x00, 0x00, 0x00, 0x00, 0x00, 0x00, 0x00, 0x00,
0x00, 0x00, 0x00, 0x00, 0x00, 0x00, 0x00, 0x00, 0x86, 0x24, 0xf7, 0xa8, 0x85, 0x25, 0xf7, 0xff,
0x8d, 0x36, 0xde, 0xb9, 0xca, 0xca, 0x01, 0xff, 0x9d, 0x96, 0x01, 0xff, 0x1e, 0x07, 0x03, 0xff,
0x1e, 0x07, 0x03, 0xff, 0x1e, 0x07, 0x03, 0xff, 0x1e, 0x07, 0x03, 0xff, 0x1e, 0x07, 0x03, 0xff,
0x2e, 0x1a, 0x03, 0xff, 0xca, 0xcb, 0x00, 0xff, 0x4c, 0x3b, 0x02, 0xff, 0x1e, 0x07, 0x03, 0xff,
0x1e, 0x07, 0x03, 0xff, 0x1e, 0x07, 0x03, 0xff, 0x1e, 0x07, 0x03, 0xff, 0x1e, 0x07, 0x03, 0xff,
0x1e, 0x07, 0x03, 0xff, 0x1e, 0x07, 0x03, 0xff, 0x1e, 0x07, 0x03, 0xff, 0x3f, 0x11, 0x4f, 0xff,
0x77, 0x21, 0xd5, 0xff, 0x85, 0x25, 0xf7, 0xff, 0x86, 0x27, 0xf1, 0xff, 0x59, 0x1b, 0x80, 0xff,
0x20, 0x08, 0x09, 0xff, 0x1e, 0x07, 0x03, 0xff, 0x1e, 0x07, 0x03, 0xff, 0x1e, 0x07, 0x03, 0xff,
0x1e, 0x07, 0x03, 0xff, 0x95, 0x6e, 0x01, 0xff, 0xbb, 0x8e, 0x00, 0xff, 0xba, 0x8e, 0x00, 0x34,
0x00, 0x00, 0x00, 0x00, 0x00, 0x00, 0x00, 0x00, 0x00, 0x00, 0x00, 0x00, 0x00, 0x00, 0x00, 0x00,
0x00, 0x00, 0x00, 0x00, 0x00, 0x00, 0x00, 0x00, 0x00, 0x00, 0x00, 0x00, 0x00, 0x00, 0x00, 0x00,
0x00, 0x00, 0x00, 0x00, 0x00, 0x00, 0x00, 0x00, 0x00, 0x00, 0x00, 0x00, 0x00, 0x00, 0x00, 0x00,
0x00, 0x00, 0x00, 0x00, 0x84, 0x25, 0xf7, 0x3e, 0x85, 0x25, 0xf7, 0xfe, 0x85, 0x24, 0xf7, 0xe0,
0x95, 0x40, 0xd5, 0x0c, 0xca, 0xca, 0x00, 0xe5, 0xc6, 0xc3, 0x00, 0xff, 0x2f, 0x19, 0x03, 0xff,
0x1e, 0x07, 0x03, 0xff, 0x1e, 0x07, 0x03, 0xff, 0x1e, 0x07, 0x03, 0xff, 0x1e, 0x07, 0x03, 0xff,
0x1e, 0x07, 0x03, 0xff, 0xc1, 0xbf, 0x00, 0xff, 0x65, 0x55, 0x02, 0xff, 0x1e, 0x07, 0x03, 0xff,
0x1e, 0x07, 0x03, 0xff, 0x1e, 0x07, 0x03, 0xff, 0x1e, 0x07, 0x03, 0xff, 0x1e, 0x07, 0x03, 0xff,
0x1e, 0x07, 0x03, 0xff, 0x3a, 0x0f, 0x45, 0xff, 0x6c, 0x1e, 0xbd, 0xff, 0x85, 0x25, 0xf7, 0xff,
0x85, 0x25, 0xf7, 0xff, 0x7a, 0x2e, 0xad, 0xff, 0xac, 0x76, 0x24, 0xff, 0x1e, 0x07, 0x03, 0xff,
0x1e, 0x07, 0x03, 0xff, 0x1e, 0x07, 0x03, 0xff, 0x1e, 0x07, 0x03, 0xff, 0x1e, 0x07, 0x03, 0xff,
0x2f, 0x15, 0x03, 0xff, 0xb8, 0x8c, 0x00, 0xff, 0xbb, 0x8c, 0x00, 0xe4, 0xff, 0xff, 0x00, 0x01,
0x00, 0x00, 0x00, 0x00, 0x00, 0x00, 0x00, 0x00, 0x00, 0x00, 0x00, 0x00, 0x00, 0x00, 0x00, 0x00,
0x00, 0x00, 0x00, 0x00, 0x00, 0x00, 0x00, 0x00, 0x00, 0x00, 0x00, 0x00, 0x00, 0x00, 0x00, 0x00,
0x00, 0x00, 0x00, 0x00, 0x00, 0x00, 0x00, 0x00, 0x00, 0x00, 0x00, 0x00, 0x00, 0x00, 0x00, 0x00,
0x00, 0x00, 0x00, 0x00, 0x85, 0x25, 0xf7, 0xba, 0x85, 0x25, 0xf7, 0xff, 0x85, 0x24, 0xf6, 0x56,
0x00, 0x00, 0x00, 0x00, 0xc9, 0xc7, 0x00, 0x85, 0xc9, 0xc5, 0x00, 0xff, 0x83, 0x77, 0x01, 0xff,
0x1e, 0x07, 0x03, 0xff, 0x1e, 0x07, 0x03, 0xff, 0x1e, 0x07, 0x03, 0xff, 0x1e, 0x07, 0x03, 0xff,
0x1e, 0x07, 0x03, 0xff, 0x9f, 0x99, 0x01, 0xff, 0x88, 0x7d, 0x01, 0xff, 0x1e, 0x07, 0x03, 0xff,
0x1e, 0x07, 0x03, 0xff, 0x1e, 0x07, 0x03, 0xff, 0x1f, 0x07, 0x04, 0xff, 0x3c, 0x10, 0x4b, 0xff,
0x6f, 0x1f, 0xc2, 0xff, 0x85, 0x25, 0xf7, 0xff, 0x85, 0x25, 0xf7, 0xff, 0x73, 0x20, 0xcd, 0xff,
0x3b, 0x0f, 0x46, 0xff, 0x84, 0x5e, 0x01, 0xff, 0x93, 0x69, 0x01, 0xff, 0x1e, 0x07, 0x03, 0xff,
0x1e, 0x07, 0x03, 0xff, 0x1e, 0x07, 0x03, 0xff, 0x1e, 0x07, 0x03, 0xff, 0x1e, 0x07, 0x03, 0xff,
0x7e, 0x59, 0x01, 0xff, 0xbb, 0x8c, 0x00, 0xff, 0xbb, 0x8a, 0x00, 0x83, 0x00, 0x00, 0x00, 0x00,
0x00, 0x00, 0x00, 0x00, 0x00, 0x00, 0x00, 0x00, 0x00, 0x00, 0x00, 0x00, 0x00, 0x00, 0x00, 0x00,
0x00, 0x00, 0x00, 0x00, 0x00, 0x00, 0x00, 0x00, 0x00, 0x00, 0x00, 0x00, 0x00, 0x00, 0x00, 0x00,
0x00, 0x00, 0x00, 0x00, 0x00, 0x00, 0x00, 0x00, 0x00, 0x00, 0x00, 0x00, 0x00, 0x00, 0x00, 0x00,
0x80, 0x2b, 0xff, 0x06, 0x85, 0x25, 0xf7, 0xfa, 0x85, 0x25, 0xf7, 0xe8, 0x80, 0x00, 0xff, 0x02,
0x00, 0x00, 0x00, 0x00, 0xcc, 0xcc, 0x00, 0x0f, 0xc7, 0xc2, 0x00, 0xec, 0xc5, 0xbe, 0x00, 0xff,
0x38, 0x24, 0x03, 0xff, 0x1e, 0x07, 0x03, 0xff, 0x1e, 0x07, 0x03, 0xff, 0x1e, 0x07, 0x03, 0xff,
0x1e, 0x07, 0x03, 0xff, 0x76, 0x68, 0x01, 0xff, 0xb1, 0xa8, 0x00, 0xff, 0x1e, 0x07, 0x03, 0xff,
0x26, 0x09, 0x15, 0xff, 0x4c, 0x15, 0x71, 0xff, 0x75, 0x20, 0xd2, 0xff, 0x85, 0x25, 0xf7, 0xff,
0x85, 0x25, 0xf7, 0xff, 0x72, 0x1f, 0xca, 0xff, 0x40, 0x11, 0x53, 0xff, 0x1f, 0x07, 0x05, 0xff,
0x1e, 0x07, 0x03, 0xff, 0xa9, 0x7d, 0x00, 0xff, 0x6c, 0x48, 0x02, 0xff, 0x1e, 0x07, 0x03, 0xff,
0x1e, 0x07, 0x03, 0xff, 0x1e, 0x07, 0x03, 0xff, 0x1e, 0x07, 0x03, 0xff, 0x39, 0x1e, 0x02, 0xff,
0xb9, 0x8a, 0x00, 0xff, 0xba, 0x8a, 0x00, 0xeb, 0xb6, 0x80, 0x00, 0x0e, 0x00, 0x00, 0x00, 0x00,
0x00, 0x00, 0x00, 0x00, 0x00, 0x00, 0x00, 0x00, 0x00, 0x00, 0x00, 0x00, 0x00, 0x00, 0x00, 0x00,
0x00, 0x00, 0x00, 0x00, 0x00, 0x00, 0x00, 0x00, 0x00, 0x00, 0x00, 0x00, 0x00, 0x00, 0x00, 0x00,
0x00, 0x00, 0x00, 0x00, 0x00, 0x00, 0x00, 0x00, 0x00, 0x00, 0x00, 0x00, 0x00, 0x00, 0x00, 0x00,
0x80, 0x20, 0xef, 0x10, 0x85, 0x25, 0xf7, 0xff, 0x85, 0x25, 0xf6, 0xd1, 0x00, 0x00, 0x00, 0x00,
0x00, 0x00, 0x00, 0x00, 0x00, 0x00, 0x00, 0x00, 0xc8, 0xc2, 0x00, 0x70, 0xc7, 0xbe, 0x00, 0xff,
0xa8, 0x9b, 0x01, 0xff, 0x26, 0x10, 0x03, 0xff, 0x1e, 0x07, 0x03, 0xff, 0x1e, 0x07, 0x03, 0xff,
0x1e, 0x07, 0x03, 0xff, 0x4c, 0x36, 0x0d, 0xff, 0xb1, 0x8b, 0x52, 0xff, 0x6b, 0x24, 0xa4, 0xff,
0x82, 0x24, 0xef, 0xff, 0x85, 0x25, 0xf7, 0xff, 0x85, 0x25, 0xf7, 0xff, 0x6c, 0x1e, 0xbc, 0xff,
0x3d, 0x10, 0x4d, 0xff, 0x1f, 0x07, 0x04, 0xff, 0x1e, 0x07, 0x03, 0xff, 0x1e, 0x07, 0x03, 0xff,
0x39, 0x1f, 0x02, 0xff, 0xbb, 0x8a, 0x00, 0xff, 0x44, 0x26, 0x02, 0xff, 0x1e, 0x07, 0x03, 0xff,
0x1e, 0x07, 0x03, 0xff, 0x1e, 0x07, 0x03, 0xff, 0x26, 0x0e, 0x03, 0xff, 0x9f, 0x74, 0x01, 0xff,
0xba, 0x8a, 0x00, 0xff, 0xbb, 0x88, 0x00, 0x6d, 0x00, 0x00, 0x00, 0x00, 0x00, 0x00, 0x00, 0x00,
0x00, 0x00, 0x00, 0x00, 0x00, 0x00, 0x00, 0x00, 0x00, 0x00, 0x00, 0x00, 0x00, 0x00, 0x00, 0x00,
0x00, 0x00, 0x00, 0x00, 0x00, 0x00, 0x00, 0x00, 0x00, 0x00, 0x00, 0x00, 0x00, 0x00, 0x00, 0x00,
0x00, 0x00, 0x00, 0x00, 0x00, 0x00, 0x00, 0x00, 0x00, 0x00, 0x00, 0x00, 0x00, 0x00, 0x00, 0x00,
0xff, 0x00, 0xff, 0x01, 0x85, 0x25, 0xf7, 0xdc, 0x85, 0x25, 0xf7, 0xfd, 0x84, 0x25, 0xf8, 0x68,
0x80, 0x40, 0xff, 0x04, 0x00, 0x00, 0x00, 0x00, 0xaa, 0xaa, 0x00, 0x03, 0xc7, 0xbc, 0x00, 0xb7,
0xc6, 0xba, 0x00, 0xff, 0x90, 0x7d, 0x09, 0xff, 0x38, 0x0f, 0x3b, 0xff, 0x4c, 0x15, 0x72, 0xff,
0x66, 0x1c, 0xae, 0xff, 0x81, 0x24, 0xee, 0xff, 0x85, 0x25, 0xf7, 0xff, 0x85, 0x25, 0xf7, 0xff,
0x7f, 0x23, 0xe7, 0xff, 0x59, 0x18, 0x8e, 0xff, 0x2f, 0x0c, 0x2c, 0xff, 0x1e, 0x07, 0x03, 0xff,
0x1e, 0x07, 0x03, 0xff, 0x1e, 0x07, 0x03, 0xff, 0x1e, 0x07, 0x03, 0xff, 0x1e, 0x07, 0x03, 0xff,
0x73, 0x4f, 0x01, 0xff, 0xa9, 0x7b, 0x00, 0xff, 0x20, 0x09, 0x03, 0xff, 0x1e, 0x07, 0x03, 0xff,
0x1e, 0x07, 0x03, 0xff, 0x1f, 0x08, 0x03, 0xff, 0x89, 0x62, 0x01, 0xff, 0xba, 0x8a, 0x00, 0xff,
0xba, 0x89, 0x00, 0xb5, 0xaa, 0xaa, 0x00, 0x03, 0x00, 0x00, 0x00, 0x00, 0x00, 0x00, 0x00, 0x00,
0x00, 0x00, 0x00, 0x00, 0x00, 0x00, 0x00, 0x00, 0x00, 0x00, 0x00, 0x00, 0x00, 0x00, 0x00, 0x00,
0x00, 0x00, 0x00, 0x00, 0x00, 0x00, 0x00, 0x00, 0x00, 0x00, 0x00, 0x00, 0x00, 0x00, 0x00, 0x00,
0x00, 0x00, 0x00, 0x00, 0x00, 0x00, 0x00, 0x00, 0x00, 0x00, 0x00, 0x00, 0x00, 0x00, 0x00, 0x00,
0x00, 0x00, 0x00, 0x00, 0x86, 0x25, 0xf8, 0x4c, 0x85, 0x25, 0xf7, 0xfa, 0x85, 0x25, 0xf7, 0xff,
0x85, 0x25, 0xf7, 0xf1, 0x85, 0x25, 0xf8, 0xcf, 0x86, 0x25, 0xf7, 0xbf, 0x85, 0x27, 0xf4, 0xcb,
0x8b, 0x32, 0xe1, 0xfa, 0x85, 0x27, 0xf4, 0xff, 0x85, 0x25, 0xf7, 0xff, 0x85, 0x25, 0xf7, 0xff,
0x85, 0x25, 0xf7, 0xff, 0x7e, 0x23, 0xe7, 0xff, 0x7f, 0x3d, 0x9d, 0xff, 0xa6, 0x7c, 0x4e, 0xff,
0x29, 0x0f, 0x0c, 0xff, 0x1e, 0x07, 0x03, 0xff, 0x1e, 0x07, 0x03, 0xff, 0x1e, 0x07, 0x03, 0xff,
0x1e, 0x07, 0x03, 0xff, 0x1e, 0x07, 0x03, 0xff, 0x1e, 0x07, 0x03, 0xff, 0x25, 0x0d, 0x03, 0xff,
0xad, 0x7f, 0x00, 0xff, 0x70, 0x49, 0x01, 0xff, 0x1e, 0x07, 0x03, 0xff, 0x1e, 0x07, 0x03, 0xff,
0x26, 0x0e, 0x03, 0xff, 0x8a, 0x62, 0x01, 0xff, 0xba, 0x8a, 0x00, 0xff, 0xbb, 0x88, 0x00, 0xd8,
0xbf, 0x80, 0x00, 0x10, 0x00, 0x00, 0x00, 0x00, 0x00, 0x00, 0x00, 0x00, 0x00, 0x00, 0x00, 0x00,
0x00, 0x00, 0x00, 0x00, 0x00, 0x00, 0x00, 0x00, 0x00, 0x00, 0x00, 0x00, 0x00, 0x00, 0x00, 0x00,
0x00, 0x00, 0x00, 0x00, 0x00, 0x00, 0x00, 0x00, 0x00, 0x00, 0x00, 0x00, 0x00, 0x00, 0x00, 0x00,
0x00, 0x00, 0x00, 0x00, 0x00, 0x00, 0x00, 0x00, 0x00, 0x00, 0x00, 0x00, 0x00, 0x00, 0x00, 0x00,
0x00, 0x00, 0x00, 0x00, 0x00, 0x00, 0x00, 0x00, 0x87, 0x26, 0xf5, 0x35, 0x85, 0x24, 0xf8, 0xaf,
0x85, 0x25, 0xf7, 0xf3, 0x85, 0x25, 0xf7, 0xff, 0x85, 0x25, 0xf7, 0xff, 0x85, 0x25, 0xf7, 0xff,
0x85, 0x25, 0xf6, 0xfb, 0x8c, 0x34, 0xde, 0xfa, 0x99, 0x51, 0xaa, 0xff, 0x97, 0x5f, 0x73, 0xff,
0x4a, 0x23, 0x3c, 0xff, 0x20, 0x08, 0x08, 0xff, 0x2c, 0x16, 0x03, 0xff, 0xbc, 0xaa, 0x00, 0xff,
0x6e, 0x58, 0x02, 0xff, 0x1e, 0x07, 0x03, 0xff, 0x1e, 0x07, 0x03, 0xff, 0x1e, 0x07, 0x03, 0xff,
0x1e, 0x07, 0x03, 0xff, 0x1e, 0x07, 0x03, 0xff, 0x1e, 0x07, 0x03, 0xff, 0x6b, 0x4a, 0x02, 0xff,
0xb2, 0x83, 0x00, 0xff, 0x2d, 0x13, 0x03, 0xff, 0x1e, 0x07, 0x03, 0xff, 0x39, 0x1e, 0x02, 0xff,
0x9f, 0x74, 0x01, 0xff, 0xba, 0x8a, 0x00, 0xff, 0xba, 0x88, 0x00, 0xd6, 0xb9, 0x83, 0x00, 0x21,
0x00, 0x00, 0x00, 0x00, 0x00, 0x00, 0x00, 0x00, 0x00, 0x00, 0x00, 0x00, 0x00, 0x00, 0x00, 0x00,
0x00, 0x00, 0x00, 0x00, 0x00, 0x00, 0x00, 0x00, 0x00, 0x00, 0x00, 0x00, 0x00, 0x00, 0x00, 0x00,
0x00, 0x00, 0x00, 0x00, 0x00, 0x00, 0x00, 0x00, 0x00, 0x00, 0x00, 0x00, 0x00, 0x00, 0x00, 0x00,
0x00, 0x00, 0x00, 0x00, 0x00, 0x00, 0x00, 0x00, 0x00, 0x00, 0x00, 0x00, 0x00, 0x00, 0x00, 0x00,
0x00, 0x00, 0x00, 0x00, 0x00, 0x00, 0x00, 0x00, 0x00, 0x00, 0x00, 0x00, 0x00, 0x00, 0x00, 0x00,
0x00, 0x00, 0x00, 0x00, 0x80, 0x24, 0xff, 0x0e, 0x88, 0x22, 0xf7, 0x1e, 0x8a, 0x20, 0xf4, 0x18,
0xff, 0x00, 0xff, 0x01, 0xbf, 0xaf, 0x00, 0x10, 0xc3, 0xb0, 0x00, 0xb7, 0xc3, 0xae, 0x00, 0xff,
0xbf, 0xa8, 0x00, 0xff, 0x80, 0x68, 0x01, 0xff, 0x2f, 0x17, 0x03, 0xff, 0x71, 0x5c, 0x01, 0xff,
0xbc, 0xa5, 0x00, 0xff, 0x3d, 0x26, 0x02, 0xff, 0x1e, 0x07, 0x03, 0xff, 0x1e, 0x07, 0x03, 0xff,
0x1e, 0x07, 0x03, 0xff, 0x1e, 0x07, 0x03, 0xff, 0x3d, 0x22, 0x02, 0xff, 0xb5, 0x86, 0x00, 0xff,
0x6c, 0x47, 0x02, 0xff, 0x2e, 0x15, 0x03, 0xff, 0x7e, 0x59, 0x01, 0xff, 0xb9, 0x8a, 0x00, 0xff,
0xba, 0x8a, 0x00, 0xff, 0xba, 0x89, 0x00, 0xb5, 0xbb, 0x88, 0x00, 0x0f, 0x00, 0x00, 0x00, 0x00,
0x00, 0x00, 0x00, 0x00, 0x00, 0x00, 0x00, 0x00, 0x00, 0x00, 0x00, 0x00, 0x00, 0x00, 0x00, 0x00,
0x00, 0x00, 0x00, 0x00, 0x00, 0x00, 0x00, 0x00, 0x00, 0x00, 0x00, 0x00, 0x00, 0x00, 0x00, 0x00,
0x00, 0x00, 0x00, 0x00, 0x00, 0x00, 0x00, 0x00, 0x00, 0x00, 0x00, 0x00, 0x00, 0x00, 0x00, 0x00,
0x00, 0x00, 0x00, 0x00, 0x00, 0x00, 0x00, 0x00, 0x00, 0x00, 0x00, 0x00, 0x00, 0x00, 0x00, 0x00,
0x00, 0x00, 0x00, 0x00, 0x00, 0x00, 0x00, 0x00, 0x00, 0x00, 0x00, 0x00, 0x00, 0x00, 0x00, 0x00,
0x00, 0x00, 0x00, 0x00, 0x00, 0x00, 0x00, 0x00, 0x00, 0x00, 0x00, 0x00, 0x00, 0x00, 0x00, 0x00,
0x00, 0x00, 0x00, 0x00, 0x00, 0x00, 0x00, 0x00, 0xaa, 0xaa, 0x00, 0x03, 0xc1, 0xaa, 0x00, 0x6f,
0xc1, 0xa9, 0x00, 0xec, 0xc1, 0xa7, 0x00, 0xff, 0xbe, 0xa2, 0x00, 0xff, 0x97, 0x7c, 0x01, 0xff,
0xaa, 0x92, 0x01, 0xff, 0xb3, 0x98, 0x00, 0xff, 0x45, 0x2d, 0x02, 0xff, 0x1e, 0x07, 0x03, 0xff,
0x1e, 0x07, 0x03, 0xff, 0x46, 0x2a, 0x02, 0xff, 0xad, 0x82, 0x00, 0xff, 0xa4, 0x78, 0x01, 0xff,
0x95, 0x6e, 0x01, 0xff, 0xb8, 0x8c, 0x00, 0xff, 0xbb, 0x8c, 0x00, 0xff, 0xba, 0x8a, 0x00, 0xeb,
0xbb, 0x88, 0x00, 0x6d, 0xaa, 0xaa, 0x00, 0x03, 0x00, 0x00, 0x00, 0x00, 0x00, 0x00, 0x00, 0x00,
0x00, 0x00, 0x00, 0x00, 0x00, 0x00, 0x00, 0x00, 0x00, 0x00, 0x00, 0x00, 0x00, 0x00, 0x00, 0x00,
0x00, 0x00, 0x00, 0x00, 0x00, 0x00, 0x00, 0x00, 0x00, 0x00, 0x00, 0x00, 0x00, 0x00, 0x00, 0x00,
0x00, 0x00, 0x00, 0x00, 0x00, 0x00, 0x00, 0x00, 0x00, 0x00, 0x00, 0x00, 0x00, 0x00, 0x00, 0x00,
0x00, 0x00, 0x00, 0x00, 0x00, 0x00, 0x00, 0x00, 0x00, 0x00, 0x00, 0x00, 0x00, 0x00, 0x00, 0x00,
0x00, 0x00, 0x00, 0x00, 0x00, 0x00, 0x00, 0x00, 0x00, 0x00, 0x00, 0x00, 0x00, 0x00, 0x00, 0x00,
0x00, 0x00, 0x00, 0x00, 0x00, 0x00, 0x00, 0x00, 0x00, 0x00, 0x00, 0x00, 0x00, 0x00, 0x00, 0x00,
0x00, 0x00, 0x00, 0x00, 0x00, 0x00, 0x00, 0x00, 0x00, 0x00, 0x00, 0x00, 0x00, 0x00, 0x00, 0x00,
0xbb, 0xaa, 0x00, 0x0f, 0xc1, 0xa4, 0x00, 0x84, 0xc0, 0xa3, 0x00, 0xe4, 0xc0, 0xa1, 0x00, 0xff,
0xc0, 0xa0, 0x00, 0xff, 0xc1, 0xa1, 0x00, 0xff, 0xbf, 0x9f, 0x00, 0xff, 0xbd, 0x99, 0x00, 0xff,
0xbb, 0x94, 0x00, 0xff, 0xbc, 0x91, 0x00, 0xff, 0xbc, 0x8d, 0x00, 0xff, 0xbb, 0x8f, 0x00, 0xff,
0xbb, 0x8e, 0x00, 0xff, 0xbb, 0x8c, 0x00, 0xe4, 0xbb, 0x8a, 0x00, 0x83, 0xb6, 0x80, 0x00, 0x0e,
0x00, 0x00, 0x00, 0x00, 0x00, 0x00, 0x00, 0x00, 0x00, 0x00, 0x00, 0x00, 0x00, 0x00, 0x00, 0x00,
0x00, 0x00, 0x00, 0x00, 0x00, 0x00, 0x00, 0x00, 0x00, 0x00, 0x00, 0x00, 0x00, 0x00, 0x00, 0x00,
0x00, 0x00, 0x00, 0x00, 0x00, 0x00, 0x00, 0x00, 0x00, 0x00, 0x00, 0x00, 0x00, 0x00, 0x00, 0x00,
0x00, 0x00, 0x00, 0x00, 0x00, 0x00, 0x00, 0x00, 0x00, 0x00, 0x00, 0x00, 0x00, 0x00, 0x00, 0x00,
0x00, 0x00, 0x00, 0x00, 0x00, 0x00, 0x00, 0x00, 0x00, 0x00, 0x00, 0x00, 0x00, 0x00, 0x00, 0x00,
0x00, 0x00, 0x00, 0x00, 0x00, 0x00, 0x00, 0x00, 0x00, 0x00, 0x00, 0x00, 0x00, 0x00, 0x00, 0x00,
0x00, 0x00, 0x00, 0x00, 0x00, 0x00, 0x00, 0x00, 0x00, 0x00, 0x00, 0x00, 0x00, 0x00, 0x00, 0x00,
0x00, 0x00, 0x00, 0x00, 0x00, 0x00, 0x00, 0x00, 0x00, 0x00, 0x00, 0x00, 0x00, 0x00, 0x00, 0x00,
0x00, 0x00, 0x00, 0x00, 0x00, 0x00, 0x00, 0x00, 0xff, 0xff, 0x00, 0x01, 0xc0, 0x9f, 0x00, 0x35,
0xbf, 0x9c, 0x00, 0x84, 0xbe, 0x9d, 0x00, 0xb8, 0xbf, 0x9a, 0x00, 0xe6, 0xbd, 0x98, 0x00, 0xf7,
0xbc, 0x94, 0x00, 0xf7, 0xbb, 0x90, 0x00, 0xe6, 0xbc, 0x92, 0x00, 0xb8, 0xbb, 0x8e, 0x00, 0x83,
0xbc, 0x8c, 0x00, 0x35, 0xff, 0xff, 0x00, 0x01, 0x00, 0x00, 0x00, 0x00, 0x00, 0x00, 0x00, 0x00,
0x00, 0x00, 0x00, 0x00, 0x00, 0x00, 0x00, 0x00, 0x00, 0x00, 0x00, 0x00, 0x00, 0x00, 0x00, 0x00,
0x00, 0x00, 0x00, 0x00, 0x00, 0x00, 0x00, 0x00, 0x00, 0x00, 0x00, 0x00, 0x00, 0x00, 0x00, 0x00,
0x00, 0x00, 0x00, 0x00, 0x00, 0x00, 0x00, 0x00, 0x00, 0x00, 0x00, 0x00, 0x00, 0x00, 0x00, 0x00,
0x00, 0x00, 0x00, 0x00, 0x00, 0x00, 0x00, 0x00, 0x00, 0x00, 0x00, 0x00, 0x00, 0x00, 0x00, 0x00,
0x00, 0x00, 0x00, 0x00, 0x00, 0x00, 0x00, 0x00, 0x00, 0x00, 0x00, 0x00, 0x00, 0x00, 0x00, 0x00,
0x00, 0x00, 0x00, 0x00, 0x00, 0x00, 0x00, 0x00, 0x00, 0x00, 0x00, 0x00, 0x00, 0x00, 0x00, 0x00,
0x00, 0x00, 0x00, 0x00, 0x00, 0x00, 0x00, 0x00, 0x00, 0x00, 0x00, 0x00, 0x00, 0x00, 0x00, 0x00,
0x00, 0x00, 0x00, 0x00, 0x00, 0x00, 0x00, 0x00, 0x00, 0x00, 0x00, 0x00, 0x00, 0x00, 0x00, 0x00,
0x00, 0x00, 0x00, 0x00, 0x00, 0x00, 0x00, 0x00, 0x00, 0x00, 0x00, 0x00, 0x00, 0x00, 0x00, 0x00,
0x00, 0x00, 0x00, 0x00, 0x00, 0x00, 0x00, 0x00, 0x00, 0x00, 0x00, 0x00, 0x00, 0x00, 0x00, 0x00,
0x00, 0x00, 0x00, 0x00, 0x00, 0x00, 0x00, 0x00, 0x00, 0x00, 0x00, 0x00, 0x00, 0x00, 0x00, 0x00,
0x00, 0x00, 0x00, 0x00, 0x00, 0x00, 0x00, 0x00, 0x00, 0x00, 0x00, 0x00, 0x00, 0x00, 0x00, 0x00,
0x00, 0x00, 0x00, 0x00, 0x00, 0x00, 0x00, 0x00, 0x00, 0x00, 0x00, 0x00, 0x00, 0x00, 0x00, 0x00,
0x00, 0x00, 0x00, 0x00, 0x00, 0x00, 0x00, 0x00, 0x00, 0x00, 0x00, 0x00, 0x00, 0x00, 0x00, 0x00,
0x00, 0x00, 0x00, 0x00, 0x00, 0x00, 0x00, 0x00, 0x00, 0x00, 0x00, 0x00, 0x00, 0x00, 0x00, 0x00,
0x00, 0x00, 0x00, 0x00, 0x00, 0x00, 0x00, 0x00, 0x00, 0x00, 0x00, 0x00, 0x00, 0x00, 0x00, 0x00,
0x00, 0x00, 0x00, 0x00, 0x00, 0x00, 0x00, 0x00, 0x00, 0x00, 0x00, 0x00, 0x00, 0x00, 0x00, 0x00,
0x00, 0x00, 0x00, 0x00, 0x00, 0x00, 0x00, 0x00, 0x00, 0x00, 0x00, 0x00, 0x00, 0x00, 0x00, 0x00,
0x00, 0x00, 0x00, 0x00, 0x00, 0x00, 0x00, 0x00, 0x00, 0x00, 0x00, 0x00, 0x00, 0x00, 0x00, 0x00,
0x00, 0x00, 0x00, 0x00, 0x00, 0x00, 0x00, 0x00, 0x00, 0x00, 0x00, 0x00, 0x00, 0x00, 0x00, 0x00,
0x00, 0x00, 0x00, 0x00, 0x00, 0x00, 0x00, 0x00, 0x00, 0x00, 0x00, 0x00, 0x00, 0x00, 0x00, 0x00,
0x00, 0x00, 0x00, 0x00, 0x00, 0x00, 0x00, 0x00, 0x00, 0x00, 0x00, 0x00, 0x00, 0x00, 0x00, 0x00,
0x00, 0x00, 0x00, 0x00, 0x00, 0x00, 0x00, 0x00, 0x00, 0x00, 0x00, 0x00, 0x00, 0x00, 0x00, 0x00,
0x00, 0x00, 0x00, 0x00, 0x00, 0x00, 0x00, 0x00, 0x00, 0x00, 0x00, 0x00, 0x00, 0x00, 0x00, 0x00,
0x00, 0x00, 0x00, 0x00, 0x00, 0x00, 0x00, 0x00, 0x00, 0x00, 0x00, 0x00, 0x00, 0x00, 0x00, 0x00,
0x00, 0x00, 0x00, 0x00, 0x00, 0x00, 0x00, 0x00, 0x00, 0x00, 0x00, 0x00, 0x00, 0x00, 0x00, 0x00,
0x00, 0x00, 0x00, 0x00, 0x00, 0x00, 0x00, 0x00, 0x00, 0x00, 0x00, 0x00, 0x00, 0x00, 0x00, 0x00,
0x00, 0x00, 0x00, 0x00, 0x00, 0x00, 0x00, 0x00, 0x00, 0x00, 0x00, 0x00, 0x00, 0x00, 0x00, 0x00,
0x00, 0x00, 0x00, 0x00, 0x00, 0x00, 0x00, 0x00, 0x00, 0x00, 0x00, 0x00, 0x00, 0x00, 0x00, 0x00,
0x00, 0x00, 0x00, 0x00, 0x00, 0x00, 0x00, 0x00, 0x00, 0x00, 0x00, 0x00, 0x00, 0x00, 0x00, 0x00,
0x00, 0x00, 0x00, 0x00, 0x00, 0x00, 0x00, 0x00, 0x00, 0x00, 0x00, 0x00, 0x00, 0x00, 0x00, 0x00,
0x00, 0x00, 0x00, 0x00, 0x00, 0x00, 0x00, 0x00, 0x00, 0x00, 0x00, 0x00, 0x00, 0x00, 0x00, 0x00,
0x00, 0x00, 0x00, 0x00, 0x00, 0x00, 0x00, 0x00, 0x00, 0x00, 0x00, 0x00, 0x00, 0x00, 0x00, 0x00,
0x00, 0x00, 0x00, 0x00, 0x00, 0x00, 0x00, 0x00, 0x00, 0x00, 0x00, 0x00, 0x00, 0x00, 0x00, 0x00,
0x00, 0x00, 0x00, 0x00, 0x00, 0x00, 0x00, 0x00, 0x00, 0x00, 0x00, 0x00, 0x00, 0x00, 0x00, 0x00,
0x00, 0x00, 0x00, 0x00, 0x00, 0x00, 0x00, 0x00, 0x00, 0x00, 0x00, 0x00, 0x00, 0x00, 0x00, 0x00,
0x00, 0x00, 0x00, 0x00, 0x00, 0x00, 0x00, 0x00, 0x00, 0x00, 0x00, 0x00, 0x00, 0x00, 0x00, 0x00,
0x00, 0x00, 0x00, 0x00, 0x00, 0x00, 0x00, 0x00, 0x00, 0x00, 0x00, 0x00, 0x00, 0x00, 0x00, 0x00,
0x00, 0x00, 0x00, 0x00, 0x00, 0x00, 0x00, 0x00, 0x00, 0x00, 0x00, 0x00, 0x00, 0x00, 0x00, 0x00,
0x00, 0x00, 0x00, 0x00, 0x00, 0x00, 0x00, 0x00, 0x00, 0x00, 0x00, 0x00, 0x00, 0x00, 0x00, 0x00,
0x00, 0x00, 0x00, 0x00, 0x00, 0x00, 0x00, 0x00, 0x00, 0x00, 0x00, 0x00, 0x00, 0x00, 0x00, 0x00,
0x00, 0x00, 0x00, 0x00, 0x00, 0x00, 0x00, 0x00, 0x00, 0x00, 0x00, 0x00, 0x00, 0x00, 0x00, 0x00,
0x00, 0x00, 0x00, 0x00, 0x00, 0x00, 0x00, 0x00, 0x00, 0x00, 0x00, 0x00, 0x00, 0x00, 0x00, 0x00,
0x00, 0x00, 0x00, 0x00, 0x00, 0x00, 0x00, 0x00, 0x00, 0x00, 0x00, 0x00, 0x00, 0x00, 0x00, 0x00,
0x00, 0x00, 0x00, 0x00, 0x00, 0x00, 0x00, 0x00, 0x00, 0x00, 0x00, 0x00, 0x00, 0x00, 0x00, 0x00,
0x00, 0x00, 0x00, 0x00, 0x00, 0x00, 0x00, 0x00, 0x00, 0x00, 0x00, 0x00, 0x00, 0x00, 0x00, 0x00,
0x00, 0x00, 0x00, 0x00, 0x00, 0x00, 0x00, 0x00, 0x00, 0x00, 0x00, 0x00, 0x00, 0x00, 0x00, 0x00,
0x00, 0x00, 0x00, 0x00, 0x00, 0x00, 0x00, 0x00, 0x00, 0x00, 0x00, 0x00, 0x00, 0x00, 0x00, 0x00,
0x00, 0x00, 0x00, 0x00, 0x00, 0x00, 0x00, 0x00, 0x00, 0x00, 0x00, 0x00, 0x00, 0x00, 0x00, 0x00,
0x00, 0x00, 0x00, 0x00, 0x00, 0x00, 0x00, 0x00, 0x00, 0x00, 0x00, 0x00, 0x00, 0x00, 0x00, 0x00,
0x00, 0x00, 0x00, 0x00, 0x00, 0x00, 0x00, 0x00, 0x00, 0x00, 0x00, 0x00, 0x00, 0x00, 0x00, 0x00,
0x00, 0x00, 0x00, 0x00, 0x00, 0x00, 0x00, 0x00, 0x00, 0x00, 0x00, 0x00, 0x00, 0x00, 0x00, 0x00,
0x00, 0x00, 0x00, 0x00, 0x00, 0x00, 0x00, 0x00, 0x00, 0x00, 0x00, 0x00, 0x00, 0x00, 0x00, 0x00,
0x00, 0x00, 0x00, 0x00, 0x00, 0x00, 0x00, 0x00, 0x00, 0x00, 0x00, 0x00, 0x00, 0x00, 0x00, 0x00,
0x00, 0x00, 0x00, 0x00, 0x00, 0x00, 0x00, 0x00, 0x00, 0x00, 0x00, 0x00, 0x00, 0x00, 0x00, 0x00,
0x00, 0x00, 0x00, 0x00, 0x00, 0x00, 0x00, 0x00, 0x00, 0x00, 0x00, 0x00, 0x00, 0x00, 0x00, 0x00,
0x00, 0x00, 0x00, 0x00, 0x00, 0x00, 0x00, 0x00, 0x00, 0x00, 0x00, 0x00, 0x00, 0x00, 0x00, 0x00,
0x00, 0x00, 0x00, 0x00, 0x00, 0x00, 0x00, 0x00, 0x00, 0x00, 0x00, 0x00, 0x00, 0x00, 0x00, 0x00,
0x00, 0x00, 0x00, 0x00, 0x00, 0x00, 0x00, 0x00, 0x00, 0x00, 0x00, 0x00, 0x00, 0x00, 0x00, 0x00,
0x00, 0x00, 0x00, 0x00, 0x00, 0x00, 0x00, 0x00, 0x00, 0x00, 0x00, 0x00, 0x00, 0x00, 0x00, 0x00,
0x00, 0x00, 0x00, 0x00, 0x00, 0x00, 0x00, 0x00, 0x00, 0x00, 0x00, 0x00, 0x00, 0x00, 0x00, 0x00,
0x00, 0x00, 0x00, 0x00, 0x00, 0x00, 0x00, 0x00, 0x00, 0x00, 0x00, 0x00, 0x00, 0x00, 0x00, 0x00,
0x00, 0x00, 0x00, 0x00, 0x00, 0x00, 0x00, 0x00, 0x00, 0x00, 0x00, 0x00, 0x00, 0x00, 0x00, 0x00,
0x00, 0x00, 0x00, 0x00, 0x00, 0x00, 0x00, 0x00, 0x00, 0x00, 0x00, 0x00, 0x00, 0x00, 0x00, 0x00,
0x00, 0x00, 0x00, 0x00, 0x00, 0x00, 0x00, 0x00, 0x00, 0x00, 0x00, 0x00, 0x00, 0x00, 0x00, 0x00,
0x00, 0x00, 0x00, 0x00, 0x00, 0x00, 0x00, 0x00, 0x00, 0x00, 0x00, 0x00, 0x00, 0x00, 0x00, 0x00,
0x00, 0x00, 0x00, 0x00, 0x00, 0x00, 0x00, 0x00, 0x00, 0x00, 0x00, 0x00, 0x00, 0x00, 0x00, 0x00,
0x00, 0x00, 0x00, 0x00, 0x00, 0x00, 0x00, 0x00, 0x00, 0x00, 0x00, 0x00, 0x00, 0x00, 0x00, 0x00,
0x00, 0x00, 0x00, 0x00, 0x00, 0x00, 0x00, 0x00, 0x00, 0x00, 0x00, 0x00, 0x00, 0x00, 0x00, 0x00,
0x00, 0x00, 0x00, 0x00, 0x00, 0x00, 0x00, 0x00, 0x00, 0x00, 0x00, 0x00, 0x00, 0x00, 0x00, 0x00,
0x00, 0x00, 0x00, 0x00, 0x00, 0x00, 0x00, 0x00, 0x00, 0x00, 0x00, 0x00, 0x00, 0x00, 0x00, 0x00,
0x00, 0x00, 0x00, 0x00, 0x00, 0x00, 0x00, 0x00, 0x00, 0x00, 0x00, 0x00, 0x00, 0x00, 0x00, 0x00,
0x00, 0x00, 0x00, 0x00, 0x00, 0x00, 0x00, 0x00, 0x00, 0x00, 0x00, 0x00, 0x00, 0x00, 0x00, 0x00,
0x00, 0x00, 0x00, 0x00, 0x00, 0x00, 0x00, 0x00, 0x00, 0x00, 0x00, 0x00, 0x00, 0x00, 0x00, 0x00,
0x00, 0x00, 0x00, 0x00, 0x00, 0x00, 0x00, 0x00, 0x00, 0x00, 0x00, 0x00, 0x00, 0x00, 0x00, 0x00,
0x00, 0x00, 0x00, 0x00, 0x00, 0x00, 0x00, 0x00, 0x00, 0x00, 0x00, 0x00, 0x00, 0x00, 0x00, 0x00,
0x00, 0x00, 0x00, 0x00, 0x00, 0x00, 0x00, 0x00, 0x00, 0x00, 0x00, 0x00, 0x00, 0x00, 0x00, 0x00,
0x00, 0x00, 0x00, 0x00, 0x00, 0x00, 0x00, 0x00, 0x00, 0x00, 0x00, 0x00, 0x00, 0x00, 0x00, 0x00,
0x00, 0x00, 0x00, 0x00, 0x00, 0x00, 0x00, 0x00, 0x00, 0x00, 0x00, 0x00, 0x00, 0x00, 0x00, 0x00,
0x00, 0x00, 0x00, 0x00, 0x00, 0x00, 0x00, 0x00, 0x00, 0x00, 0x00, 0x00, 0x00, 0x00, 0x00, 0x00,
0x00, 0x00, 0x00, 0x00, 0x00, 0x00, 0x00, 0x00, 0x00, 0x00, 0x00, 0x00, 0x00, 0x00, 0x00, 0x00,
0x00, 0x00, 0x00, 0x00, 0x00, 0x00, 0x00, 0x00, 0x00, 0x00, 0x00, 0x00, 0x00, 0x00, 0x00, 0x00,
0x00, 0x00, 0x00, 0x00, 0x00, 0x00, 0x00, 0x00, 0x00, 0x00, 0x00, 0x00, 0x00, 0x00, 0x00, 0x00,
0x00, 0x00, 0x00, 0x00, 0x00, 0x00, 0x00, 0x00, 0x00, 0x00, 0x00, 0x00, 0x00, 0x00, 0x00, 0x00,
0x00, 0x00, 0x00, 0x00, 0x00, 0x00, 0x00, 0x00, 0x00, 0x00, 0x00, 0x00, 0x00, 0x00, 0x00, 0x00,
0x00, 0x00, 0x00, 0x00, 0x00, 0x00, 0x00, 0x00, 0x00, 0x00, 0x00, 0x00, 0x00, 0x00, 0x00, 0x00,
0x00, 0x00, 0x00, 0x00, 0x00, 0x00, 0x00, 0x00, 0x00, 0x00, 0x00, 0x00, 0x00, 0x00, 0x00, 0x00,
0x00, 0x00, 0x00, 0x00, 0x00, 0x00, 0x00, 0x00, 0x00, 0x00, 0x00, 0x00, 0x00, 0x00, 0x00, 0x00,
0x00, 0x00, 0x00, 0x00, 0x00, 0x00, 0x00, 0x00, 0x00, 0x00, 0x00, 0x00, 0x00, 0x00, 0x00, 0x00,
0x00, 0x00, 0x00, 0x00, 0x00, 0x00, 0x00, 0x00, 0x00, 0x00, 0x00, 0x00, 0x00, 0x00, 0x00, 0x00,
0x00, 0x00, 0x00, 0x00, 0x00, 0x00, 0x00, 0x00, 0x00, 0x00, 0x00, 0x00, 0x00, 0x00, 0x00, 0x00,
0x00, 0x00, 0x00, 0x00, 0x00, 0x00, 0x00, 0x00, 0x00, 0x00, 0x00, 0x00, 0x00, 0x00, 0x00, 0x00,
0x00, 0x00, 0x00, 0x00, 0x00, 0x00, 0x00, 0x00, 0x00, 0x00, 0x00, 0x00, 0x00, 0x00, 0x00, 0x00,
0x00, 0x00, 0x00, 0x00, 0x00, 0x00, 0x00, 0x00, 0x00, 0x00, 0x00, 0x00, 0x00, 0x00, 0x00, 0x00,
0x00, 0x00, 0x00, 0x00, 0x00, 0x00, 0x00, 0x00, 0x00, 0x00, 0x00, 0x00, 0x00, 0x00, 0x00, 0x00,
0x00, 0x00, 0x00, 0x00, 0x00, 0x00, 0x00, 0x00, 0x00, 0x00, 0x00, 0x00, 0x00, 0x00, 0x00, 0x00,
0x00, 0x00, 0x00, 0x00, 0x00, 0x00, 0x00, 0x00, 0x00, 0x00, 0x00, 0x00, 0x00, 0x00, 0x00, 0x00,
0x00, 0x00, 0x00, 0x00, 0x00, 0x00, 0x00, 0x00, 0x00, 0x00, 0x00, 0x00, 0x00, 0x00, 0x00, 0x00,
0x00, 0x00, 0x00, 0x00, 0x00, 0x00, 0x00, 0x00, 0x00, 0x00, 0x00, 0x00, 0x00, 0x00, 0x00, 0x00,
0x00, 0x00, 0x00, 0x00, 0x00, 0x00, 0x00, 0x00, 0x00, 0x00, 0x00, 0x00, 0x00, 0x00, 0x00, 0x00
};

extern const uint8_t app_terminal_bin[9216] = {
0x00, 0x00, 0x00, 0x00, 0x00, 0x00, 0x00, 0x00, 0x00, 0x00, 0x00, 0x00, 0x00, 0x00, 0x00, 0x00,
0x00, 0x00, 0x00, 0x00, 0x00, 0x00, 0x00, 0x00, 0x00, 0x00, 0x00, 0x00, 0x00, 0x00, 0x00, 0x00,
0x00, 0x00, 0x00, 0x00, 0x00, 0x00, 0x00, 0x00, 0x00, 0x00, 0x00, 0x00, 0x00, 0x00, 0x00, 0x00,
0x00, 0x00, 0x00, 0x00, 0x00, 0x00, 0x00, 0x00, 0x00, 0x00, 0x00, 0x00, 0x00, 0x00, 0x00, 0x00,
0x00, 0x00, 0x00, 0x00, 0x00, 0x00, 0x00, 0x00, 0x00, 0x00, 0x00, 0x00, 0x00, 0x00, 0x00, 0x00,
0x00, 0x00, 0x00, 0x00, 0x00, 0x00, 0x00, 0x00, 0x00, 0x00, 0x00, 0x00, 0x00, 0x00, 0x00, 0x00,
0x00, 0x00, 0x00, 0x00, 0x00, 0x00, 0x00, 0x00, 0x00, 0x00, 0x00, 0x00, 0x00, 0x00, 0x00, 0x00,
0x00, 0x00, 0x00, 0x00, 0x00, 0x00, 0x00, 0x00, 0x00, 0x00, 0x00, 0x00, 0x00, 0x00, 0x00, 0x00,
0x00, 0x00, 0x00, 0x00, 0x00, 0x00, 0x00, 0x00, 0x00, 0x00, 0x00, 0x00, 0x00, 0x00, 0x00, 0x00,
0x00, 0x00, 0x00, 0x00, 0x00, 0x00, 0x00, 0x00, 0x00, 0x00, 0x00, 0x00, 0x00, 0x00, 0x00, 0x00,
0x00, 0x00, 0x00, 0x00, 0x00, 0x00, 0x00, 0x00, 0x00, 0x00, 0x00, 0x00, 0x00, 0x00, 0x00, 0x00,
0x00, 0x00, 0x00, 0x00, 0x00, 0x00, 0x00, 0x00, 0x00, 0x00, 0x00, 0x00, 0x00, 0x00, 0x00, 0x00,
0x00, 0x00, 0x00, 0x00, 0x00, 0x00, 0x00, 0x00, 0x00, 0x00, 0x00, 0x00, 0x00, 0x00, 0x00, 0x00,
0x00, 0x00, 0x00, 0x00, 0x00, 0x00, 0x00, 0x00, 0x00, 0x00, 0x00, 0x00, 0x00, 0x00, 0x00, 0x00,
0x00, 0x00, 0x00, 0x00, 0x00, 0x00, 0x00, 0x00, 0x00, 0x00, 0x00, 0x00, 0x00, 0x00, 0x00, 0x00,
0x00, 0x00, 0x00, 0x00, 0x00, 0x00, 0x00, 0x00, 0x00, 0x00, 0x00, 0x00, 0x00, 0x00, 0x00, 0x00,
0x00, 0x00, 0x00, 0x00, 0x00, 0x00, 0x00, 0x00, 0x00, 0x00, 0x00, 0x00, 0x00, 0x00, 0x00, 0x00,
0x00, 0x00, 0x00, 0x00, 0x00, 0x00, 0x00, 0x00, 0x00, 0x00, 0x00, 0x00, 0x00, 0x00, 0x00, 0x00,
0x00, 0x00, 0x00, 0x00, 0x00, 0x00, 0x00, 0x00, 0x00, 0x00, 0x00, 0x00, 0x00, 0x00, 0x00, 0x00,
0x00, 0x00, 0x00, 0x00, 0x00, 0x00, 0x00, 0x00, 0x00, 0x00, 0x00, 0x00, 0x00, 0x00, 0x00, 0x00,
0x00, 0x00, 0x00, 0x00, 0x00, 0x00, 0x00, 0x00, 0x00, 0x00, 0x00, 0x00, 0x00, 0x00, 0x00, 0x00,
0x00, 0x00, 0x00, 0x00, 0x00, 0x00, 0x00, 0x00, 0x00, 0x00, 0x00, 0x00, 0x00, 0x00, 0x00, 0x00,
0x00, 0x00, 0x00, 0x00, 0x00, 0x00, 0x00, 0x00, 0x00, 0x00, 0x00, 0x00, 0x00, 0x00, 0x00, 0x00,
0x00, 0x00, 0x00, 0x00, 0x00, 0x00, 0x00, 0x00, 0x00, 0x00, 0x00, 0x00, 0x00, 0x00, 0x00, 0x00,
0x00, 0x00, 0x00, 0x00, 0x00, 0x00, 0x00, 0x00, 0x00, 0x00, 0x00, 0x00, 0x00, 0x00, 0x00, 0x00,
0x00, 0x00, 0x00, 0x00, 0x00, 0x00, 0x00, 0x00, 0x00, 0x00, 0x00, 0x00, 0x00, 0x00, 0x00, 0x00,
0x00, 0x00, 0x00, 0x00, 0x00, 0x00, 0x00, 0x00, 0x00, 0x00, 0x00, 0x00, 0x00, 0x00, 0x00, 0x00,
0x00, 0x00, 0x00, 0x00, 0x00, 0x00, 0x00, 0x00, 0x00, 0x00, 0x00, 0x00, 0x00, 0x00, 0x00, 0x00,
0x00, 0x00, 0x00, 0x00, 0x00, 0x00, 0x00, 0x00, 0x00, 0x00, 0x00, 0x00, 0x00, 0x00, 0x00, 0x00,
0x00, 0x00, 0x00, 0x00, 0x00, 0x00, 0x00, 0x00, 0x00, 0x00, 0x00, 0x00, 0x00, 0x00, 0x00, 0x00,
0x00, 0x00, 0x00, 0x00, 0x00, 0x00, 0x00, 0x00, 0x00, 0x00, 0x00, 0x00, 0x00, 0x00, 0x00, 0x00,
0x00, 0x00, 0x00, 0x00, 0x00, 0x00, 0x00, 0x00, 0x00, 0x00, 0x00, 0x00, 0x00, 0x00, 0x00, 0x00,
0x00, 0x00, 0x00, 0x00, 0x00, 0x00, 0x00, 0x00, 0x00, 0x00, 0x00, 0x00, 0x00, 0x00, 0x00, 0x00,
0x00, 0x00, 0x00, 0x00, 0x00, 0x00, 0x00, 0x00, 0x00, 0x00, 0x00, 0x00, 0x00, 0x00, 0x00, 0x00,
0x00, 0x00, 0x00, 0x00, 0x00, 0x00, 0x00, 0x00, 0x00, 0x00, 0x00, 0x00, 0x00, 0x00, 0x00, 0x00,
0x00, 0x00, 0x00, 0x00, 0x00, 0x00, 0x00, 0x00, 0x00, 0x00, 0x00, 0x00, 0x00, 0x00, 0x00, 0x00,
0x00, 0x00, 0x00, 0x00, 0x00, 0x00, 0x00, 0x00, 0x00, 0x00, 0x00, 0x00, 0x00, 0x00, 0x00, 0x00,
0x00, 0x00, 0x00, 0x00, 0x00, 0x00, 0x00, 0x00, 0x00, 0x00, 0x00, 0x00, 0x00, 0x00, 0x00, 0x00,
0x00, 0x00, 0x00, 0x00, 0x00, 0x00, 0x00, 0x00, 0x00, 0x00, 0x00, 0x00, 0x00, 0x00, 0x00, 0x00,
0x00, 0x00, 0x00, 0x00, 0x00, 0x00, 0x00, 0x00, 0x00, 0x00, 0x00, 0x00, 0x00, 0x00, 0x00, 0x00,
0x00, 0x00, 0x00, 0x00, 0x00, 0x00, 0x00, 0x00, 0x00, 0x00, 0x00, 0x00, 0x00, 0x00, 0x00, 0x00,
0x00, 0x00, 0x00, 0x00, 0x00, 0x00, 0x00, 0x00, 0x00, 0x00, 0x00, 0x00, 0x00, 0x00, 0x00, 0x00,
0x00, 0x00, 0x00, 0x00, 0x00, 0x00, 0x00, 0x00, 0x00, 0x00, 0x00, 0x00, 0x00, 0x00, 0x00, 0x00,
0x00, 0x00, 0x00, 0x00, 0x00, 0x00, 0x00, 0x00, 0x00, 0x00, 0x00, 0x00, 0x00, 0x00, 0x00, 0x00,
0x00, 0x00, 0x00, 0x00, 0x00, 0x00, 0x00, 0x00, 0x00, 0x00, 0x00, 0x00, 0x00, 0x00, 0x00, 0x00,
0x00, 0x00, 0x00, 0x00, 0x00, 0x00, 0x00, 0x00, 0x00, 0x00, 0x00, 0x00, 0x00, 0x00, 0x00, 0x00,
0x00, 0x00, 0x00, 0x00, 0x00, 0x00, 0x00, 0x00, 0x00, 0x00, 0x00, 0x00, 0x00, 0x00, 0x00, 0x00,
0x00, 0x00, 0x00, 0x00, 0x00, 0x00, 0x00, 0x00, 0x00, 0x00, 0x00, 0x00, 0x00, 0x00, 0x00, 0x00,
0x00, 0x00, 0x00, 0x00, 0x00, 0x00, 0x00, 0x00, 0x00, 0x00, 0x00, 0x00, 0x00, 0x00, 0x00, 0x00,
0x00, 0x00, 0x00, 0x00, 0x00, 0x00, 0x00, 0x00, 0x00, 0x00, 0x00, 0x00, 0x00, 0x00, 0x00, 0x00,
0x00, 0x00, 0x00, 0x00, 0x00, 0x00, 0x00, 0x00, 0x00, 0x00, 0x00, 0x00, 0x00, 0x00, 0x00, 0x00,
0x00, 0x00, 0x00, 0x00, 0x00, 0x00, 0x00, 0x00, 0x00, 0x00, 0x00, 0x00, 0x00, 0x00, 0x00, 0x00,
0x00, 0x00, 0x00, 0x00, 0x00, 0x00, 0x00, 0x00, 0x00, 0x00, 0x00, 0x00, 0x00, 0x00, 0x00, 0x00,
0x00, 0x00, 0x00, 0x00, 0x00, 0x00, 0x00, 0x00, 0x00, 0x00, 0x00, 0x00, 0x00, 0x00, 0x00, 0x00,
0x00, 0x00, 0x00, 0x00, 0x00, 0x00, 0x00, 0x00, 0x00, 0x00, 0x00, 0x00, 0x00, 0x00, 0x00, 0x00,
0x00, 0x00, 0x00, 0x00, 0x00, 0x00, 0x00, 0x00, 0x00, 0x00, 0x00, 0x00, 0x00, 0x00, 0x00, 0x00,
0x00, 0x00, 0x00, 0x00, 0x00, 0x00, 0x00, 0x00, 0x00, 0x00, 0x00, 0x00, 0x00, 0x00, 0x00, 0x00,
0x00, 0x00, 0x00, 0x00, 0x00, 0x00, 0x00, 0x00, 0x00, 0x00, 0x00, 0x00, 0x00, 0x00, 0x00, 0x00,
0x00, 0x00, 0x00, 0x00, 0x00, 0x00, 0x00, 0x00, 0x00, 0x00, 0x00, 0x00, 0x00, 0x00, 0x00, 0x00,
0x00, 0x00, 0x00, 0x00, 0x00, 0x00, 0x00, 0x00, 0x00, 0x00, 0x00, 0x00, 0x00, 0x00, 0x00, 0x00,
0x00, 0x00, 0x00, 0x00, 0x00, 0x00, 0x00, 0x00, 0x00, 0x00, 0x00, 0x00, 0x00, 0x00, 0x00, 0x00,
0x00, 0x00, 0x00, 0x00, 0x00, 0x00, 0x00, 0x00, 0x00, 0x00, 0x00, 0x00, 0x00, 0x00, 0x00, 0x00,
0x00, 0x00, 0x00, 0x00, 0x00, 0x00, 0x00, 0x00, 0x00, 0x00, 0x00, 0x00, 0x00, 0x00, 0x00, 0x00,
0x00, 0x00, 0x00, 0x00, 0x00, 0x00, 0x00, 0x00, 0x00, 0x00, 0x00, 0x00, 0x00, 0x00, 0x00, 0x00,
0x00, 0x00, 0x00, 0x00, 0x00, 0x00, 0x00, 0x00, 0x00, 0x00, 0x00, 0x00, 0x00, 0x00, 0x00, 0x00,
0x00, 0x00, 0x00, 0x00, 0x00, 0x00, 0x00, 0x00, 0x00, 0x00, 0x00, 0x00, 0x00, 0x00, 0x00, 0x00,
0x00, 0x00, 0x00, 0x00, 0x00, 0x00, 0x00, 0x00, 0x00, 0x00, 0x00, 0x00, 0x00, 0x00, 0x00, 0x00,
0x00, 0x00, 0x00, 0x00, 0x00, 0x00, 0x00, 0x00, 0x00, 0x00, 0x00, 0x00, 0x00, 0x00, 0x00, 0x00,
0x00, 0x00, 0x00, 0x00, 0x00, 0x00, 0x00, 0x00, 0x00, 0x00, 0x00, 0x00, 0x00, 0x00, 0x00, 0x00,
0x00, 0x00, 0x00, 0x00, 0x00, 0x00, 0x00, 0x00, 0x00, 0x00, 0x00, 0x00, 0x00, 0x00, 0x00, 0x00,
0x00, 0x00, 0x00, 0x00, 0x00, 0x00, 0x00, 0x00, 0x00, 0x00, 0x00, 0x00, 0x00, 0x00, 0x00, 0x00,
0x00, 0x00, 0x00, 0x00, 0x00, 0x00, 0x00, 0x00, 0x00, 0x00, 0x00, 0x00, 0x00, 0x00, 0x00, 0x00,
0x00, 0x00, 0x00, 0x00, 0x00, 0x00, 0x00, 0x00, 0x00, 0x00, 0x00, 0x00, 0x00, 0x00, 0x00, 0x00,
0x00, 0x00, 0x00, 0x00, 0x00, 0x00, 0x00, 0x00, 0x00, 0x00, 0x00, 0x00, 0x00, 0x00, 0x00, 0x00,
0x5e, 0xc4, 0x22, 0x1e, 0x5e, 0xc4, 0x23, 0x57, 0x5e, 0xc6, 0x22, 0x6f, 0x5e, 0xc5, 0x22, 0x77,
0x5e, 0xc5, 0x22, 0x77, 0x5e, 0xc5, 0x22, 0x77, 0x5e, 0xc5, 0x22, 0x77, 0x5e, 0xc5, 0x22, 0x77,
0x5e, 0xc5, 0x22, 0x77, 0x5e, 0xc5, 0x22, 0x77, 0x5e, 0xc5, 0x22, 0x77, 0x5e, 0xc5, 0x22, 0x77,
0x5e, 0xc5, 0x22, 0x77, 0x5e, 0xc5, 0x22, 0x77, 0x5e, 0xc5, 0x22, 0x77, 0x5e, 0xc5, 0x22, 0x77,
0x5e, 0xc5, 0x22, 0x77, 0x5e, 0xc5, 0x22, 0x77, 0x5e, 0xc5, 0x22, 0x77, 0x5e, 0xc5, 0x22, 0x77,
0x5e, 0xc5, 0x22, 0x77, 0x5e, 0xc5, 0x22, 0x77, 0x5e, 0xc5, 0x22, 0x77, 0x5e, 0xc5, 0x22, 0x77,
0x5e, 0xc5, 0x22, 0x77, 0x5e, 0xc5, 0x22, 0x77, 0x5e, 0xc5, 0x22, 0x77, 0x5e, 0xc5, 0x22, 0x77,
0x5e, 0xc5, 0x22, 0x77, 0x5e, 0xc6, 0x22, 0x6f, 0x5e, 0xc6, 0x23, 0x51, 0x59, 0xbf, 0x26, 0x14,
0x00, 0x00, 0x00, 0x00, 0x00, 0x00, 0x00, 0x00, 0x00, 0x00, 0x00, 0x00, 0x00, 0x00, 0x00, 0x00,
0x00, 0x00, 0x00, 0x00, 0x00, 0x00, 0x00, 0x00, 0x00, 0x00, 0x00, 0x00, 0x00, 0x00, 0x00, 0x00,
0x00, 0x00, 0x00, 0x00, 0x00, 0x00, 0x00, 0x00, 0x00, 0x00, 0x00, 0x00, 0x00, 0x00, 0x00, 0x00,
0x00, 0x00, 0x00, 0x00, 0x00, 0x00, 0x00, 0x00, 0x60, 0xc6, 0x22, 0x2d, 0x5f, 0xc5, 0x22, 0xba,
0x5e, 0xc5, 0x22, 0xff, 0x5e, 0xc5, 0x22, 0xff, 0x5e, 0xc5, 0x22, 0xff, 0x5e, 0xc5, 0x22, 0xff,
0x5e, 0xc5, 0x22, 0xff, 0x5e, 0xc5, 0x22, 0xff, 0x5e, 0xc5, 0x22, 0xff, 0x5e, 0xc5, 0x22, 0xff,
0x5e, 0xc5, 0x22, 0xff, 0x5e, 0xc5, 0x22, 0xff, 0x5e, 0xc5, 0x22, 0xff, 0x5e, 0xc5, 0x22, 0xff,
0x5e, 0xc5, 0x22, 0xff, 0x5e, 0xc5, 0x22, 0xff, 0x5e, 0xc5, 0x22, 0xff, 0x5e, 0xc5, 0x22, 0xff,
0x5e, 0xc5, 0x22, 0xff, 0x5e, 0xc5, 0x22, 0xff, 0x5e, 0xc5, 0x22, 0xff, 0x5e, 0xc5, 0x22, 0xff,
0x5e, 0xc5, 0x22, 0xff, 0x5e, 0xc5, 0x22, 0xff, 0x5e, 0xc5, 0x22, 0xff, 0x5e, 0xc5, 0x22, 0xff,
0x5e, 0xc5, 0x22, 0xff, 0x5e, 0xc5, 0x22, 0xff, 0x5e, 0xc5, 0x22, 0xff, 0x5e, 0xc5, 0x22, 0xff,
0x5e, 0xc5, 0x22, 0xff, 0x5e, 0xc5, 0x22, 0xff, 0x5e, 0xc5, 0x22, 0xff, 0x5e, 0xc5, 0x22, 0xf9,
0x5e, 0xc5, 0x22, 0x9e, 0x59, 0xbf, 0x26, 0x14, 0x00, 0x00, 0x00, 0x00, 0x00, 0x00, 0x00, 0x00,
0x00, 0x00, 0x00, 0x00, 0x00, 0x00, 0x00, 0x00, 0x00, 0x00, 0x00, 0x00, 0x00, 0x00, 0x00, 0x00,
0x00, 0x00, 0x00, 0x00, 0x00, 0x00, 0x00, 0x00, 0x00, 0x00, 0x00, 0x00, 0x00, 0x00, 0x00, 0x00,
0x00, 0x00, 0x00, 0x00, 0x5d, 0xc3, 0x21, 0x4d, 0x5d, 0xc4, 0x22, 0xf6, 0x5e, 0xc5, 0x22, 0xff,
0x56, 0xaf, 0x1d, 0xff, 0x43, 0x81, 0x14, 0xff, 0x3e, 0x73, 0x11, 0xff, 0x3e, 0x73, 0x11, 0xff,
0x3e, 0x73, 0x11, 0xff, 0x3e, 0x73, 0x11, 0xff, 0x3e, 0x73, 0x11, 0xff, 0x3e, 0x73, 0x11, 0xff,
0x3e, 0x73, 0x11, 0xff, 0x3e, 0x73, 0x11, 0xff, 0x3e, 0x73, 0x11, 0xff, 0x3e, 0x73, 0x11, 0xff,
0x3e, 0x73, 0x11, 0xff, 0x3e, 0x73, 0x11, 0xff, 0x3e, 0x73, 0x11, 0xff, 0x3e, 0x73, 0x11, 0xff,
0x3e, 0x73, 0x11, 0xff, 0x3e, 0x73, 0x11, 0xff, 0x3e, 0x73, 0x11, 0xff, 0x3e, 0x73, 0x11, 0xff,
0x3e, 0x73, 0x11, 0xff, 0x3e, 0x73, 0x11, 0xff, 0x3e, 0x73, 0x11, 0xff, 0x3e, 0x73, 0x11, 0xff,
0x3e, 0x73, 0x11, 0xff, 0x3e, 0x73, 0x11, 0xff, 0x3e, 0x73, 0x11, 0xff, 0x3e, 0x73, 0x11, 0xff,
0x3e, 0x73, 0x11, 0xff, 0x3e, 0x73, 0x11, 0xff, 0x46, 0x87, 0x15, 0xff, 0x59, 0xb9, 0x1f, 0xff,
0x5e, 0xc5, 0x22, 0xff, 0x5e, 0xc5, 0x22, 0xe0, 0x60, 0xc6, 0x20, 0x28, 0x00, 0x00, 0x00, 0x00,
0x00, 0x00, 0x00, 0x00, 0x00, 0x00, 0x00, 0x00, 0x00, 0x00, 0x00, 0x00, 0x00, 0x00, 0x00, 0x00,
0x00, 0x00, 0x00, 0x00, 0x00, 0x00, 0x00, 0x00, 0x00, 0x00, 0x00, 0x00, 0x00, 0x00, 0x00, 0x00,
0x60, 0xc6, 0x22, 0x2d, 0x5d, 0xc4, 0x22, 0xf6, 0x5d, 0xc3, 0x22, 0xff, 0x3d, 0x71, 0x10, 0xff,
0x23, 0x2d, 0x02, 0xff, 0x22, 0x2c, 0x02, 0xff, 0x22, 0x2c, 0x02, 0xff, 0x22, 0x2c, 0x02, 0xff,
0x22, 0x2c, 0x02, 0xff, 0x22, 0x2c, 0x02, 0xff, 0x22, 0x2c, 0x02, 0xff, 0x22, 0x2c, 0x02, 0xff,
0x22, 0x2c, 0x02, 0xff, 0x22, 0x2c, 0x02, 0xff, 0x22, 0x2c, 0x02, 0xff, 0x22, 0x2c, 0x02, 0xff,
0x22, 0x2c, 0x02, 0xff, 0x22, 0x2c, 0x02, 0xff, 0x22, 0x2c, 0x02, 0xff, 0x22, 0x2c, 0x02, 0xff,
0x22, 0x2c, 0x02, 0xff, 0x22, 0x2c, 0x02, 0xff, 0x22, 0x2c, 0x02, 0xff, 0x22, 0x2c, 0x02, 0xff,
0x22, 0x2c, 0x02, 0xff, 0x22, 0x2c, 0x02, 0xff, 0x22, 0x2c, 0x02, 0xff, 0x22, 0x2c, 0x02, 0xff,
0x22, 0x2c, 0x02, 0xff, 0x22, 0x2c, 0x02, 0xff, 0x22, 0x2c, 0x02, 0xff, 0x22, 0x2c, 0x02, 0xff,
0x22, 0x2c, 0x02, 0xff, 0x22, 0x2c, 0x02, 0xff, 0x22, 0x2c, 0x02, 0xff, 0x25, 0x35, 0x04, 0xff,
0x48, 0x8d, 0x17, 0xff, 0x5e, 0xc5, 0x22, 0xff, 0x5e, 0xc6, 0x22, 0xde, 0x63, 0xc6, 0x1c, 0x12,
0x00, 0x00, 0x00, 0x00, 0x00, 0x00, 0x00, 0x00, 0x00, 0x00, 0x00, 0x00, 0x00, 0x00, 0x00, 0x00,
0x00, 0x00, 0x00, 0x00, 0x00, 0x00, 0x00, 0x00, 0x00, 0x00, 0x00, 0x00, 0x00, 0x00, 0x00, 0x00,
0x5f, 0xc5, 0x22, 0xba, 0x5e, 0xc5, 0x22, 0xff, 0x3d, 0x71, 0x10, 0xff, 0x22, 0x2c, 0x02, 0xff,
0x22, 0x2c, 0x02, 0xff, 0x22, 0x2c, 0x02, 0xff, 0x22, 0x2c, 0x02, 0xff, 0x22, 0x2c, 0x02, 0xff,
0x22, 0x2c, 0x02, 0xff, 0x22, 0x2c, 0x02, 0xff, 0x22, 0x2c, 0x02, 0xff, 0x22, 0x2c, 0x02, 0xff,
0x22, 0x2c, 0x02, 0xff, 0x22, 0x2c, 0x02, 0xff, 0x22, 0x2c, 0x02, 0xff, 0x22, 0x2c, 0x02, 0xff,
0x22, 0x2c, 0x02, 0xff, 0x22, 0x2c, 0x02, 0xff, 0x22, 0x2c, 0x02, 0xff, 0x22, 0x2c, 0x02, 0xff,
0x22, 0x2c, 0x02, 0xff, 0x22, 0x2c, 0x02, 0xff, 0x22, 0x2c, 0x02, 0xff, 0x22, 0x2c, 0x02, 0xff,
0x22, 0x2c, 0x02, 0xff, 0x22, 0x2c, 0x02, 0xff, 0x22, 0x2c, 0x02, 0xff, 0x22, 0x2c, 0x02, 0xff,
0x22, 0x2c, 0x02, 0xff, 0x22, 0x2c, 0x02, 0xff, 0x22, 0x2c, 0x02, 0xff, 0x22, 0x2c, 0x02, 0xff,
0x22, 0x2c, 0x02, 0xff, 0x22, 0x2c, 0x02, 0xff, 0x22, 0x2c, 0x02, 0xff, 0x22, 0x2c, 0x02, 0xff,
0x22, 0x2d, 0x02, 0xff, 0x4a, 0x90, 0x17, 0xff, 0x5e, 0xc5, 0x22, 0xff, 0x5e, 0xc5, 0x22, 0x95,
0x00, 0x00, 0x00, 0x00, 0x00, 0x00, 0x00, 0x00, 0x00, 0x00, 0x00, 0x00, 0x00, 0x00, 0x00, 0x00,
0x00, 0x00, 0x00, 0x00, 0x00, 0x00, 0x00, 0x00, 0x00, 0x00, 0x00, 0x00, 0x5e, 0xc4, 0x22, 0x1e,
0x5e, 0xc5, 0x22, 0xfe, 0x56, 0xaf, 0x1d, 0xff, 0x23, 0x2d, 0x02, 0xff, 0x22, 0x2c, 0x02, 0xff,
0x22, 0x2c, 0x02, 0xff, 0x22, 0x2c, 0x02, 0xff, 0x22, 0x2c, 0x02, 0xff, 0x22, 0x2c, 0x02, 0xff,
0x22, 0x2c, 0x02, 0xff, 0x22, 0x2c, 0x02, 0xff, 0x22, 0x2c, 0x02, 0xff, 0x22, 0x2c, 0x02, 0xff,
0x22, 0x2c, 0x02, 0xff, 0x22, 0x2c, 0x02, 0xff, 0x22, 0x2c, 0x02, 0xff, 0x22, 0x2c, 0x02, 0xff,
0x22, 0x2c, 0x02, 0xff, 0x22, 0x2c, 0x02, 0xff, 0x22, 0x2c, 0x02, 0xff, 0x22, 0x2c, 0x02, 0xff,
0x22, 0x2c, 0x02, 0xff, 0x22, 0x2c, 0x02, 0xff, 0x22, 0x2c, 0x02, 0xff, 0x22, 0x2c, 0x02, 0xff,
0x22, 0x2c, 0x02, 0xff, 0x22, 0x2c, 0x02, 0xff, 0x22, 0x2c, 0x02, 0xff, 0x22, 0x2c, 0x02, 0xff,
0x22, 0x2c, 0x02, 0xff, 0x22, 0x2c, 0x02, 0xff, 0x22, 0x2c, 0x02, 0xff, 0x22, 0x2c, 0x02, 0xff,
0x22, 0x2c, 0x02, 0xff, 0x22, 0x2c, 0x02, 0xff, 0x22, 0x2c, 0x02, 0xff, 0x22, 0x2c, 0x02, 0xff,
0x22, 0x2c, 0x02, 0xff, 0x26, 0x36, 0x04, 0xff, 0x5a, 0xbc, 0x20, 0xfe, 0x5e, 0xc5, 0x22, 0xf8,
0x60, 0xbf, 0x20, 0x10, 0x00, 0x00, 0x00, 0x00, 0x00, 0x00, 0x00, 0x00, 0x00, 0x00, 0x00, 0x00,
0x00, 0x00, 0x00, 0x00, 0x00, 0x00, 0x00, 0x00, 0x00, 0x00, 0x00, 0x00, 0x5f, 0xc4, 0x21, 0x56,
0x5e, 0xc5, 0x22, 0xff, 0x43, 0x81, 0x14, 0xff, 0x22, 0x2c, 0x02, 0xff, 0x22, 0x2c, 0x02, 0xff,
0x22, 0x2c, 0x02, 0xff, 0x22, 0x2c, 0x02, 0xff, 0x22, 0x2c, 0x02, 0xff, 0x22, 0x2c, 0x02, 0xff,
0x22, 0x2c, 0x02, 0xff, 0x22, 0x2c, 0x02, 0xff, 0x22, 0x2c, 0x02, 0xff, 0x22, 0x2c, 0x02, 0xff,
0x22, 0x2c, 0x02, 0xff, 0x22, 0x2c, 0x02, 0xff, 0x22, 0x2c, 0x02, 0xff, 0x22, 0x2c, 0x02, 0xff,
0x22, 0x2c, 0x02, 0xff, 0x22, 0x2c, 0x02, 0xff, 0x22, 0x2c, 0x02, 0xff, 0x22, 0x2c, 0x02, 0xff,
0x22, 0x2c, 0x02, 0xff, 0x22, 0x2c, 0x02, 0xff, 0x22, 0x2c, 0x02, 0xff, 0x22, 0x2c, 0x02, 0xff,
0x22, 0x2c, 0x02, 0xff, 0x22, 0x2c, 0x02, 0xff, 0x22, 0x2c, 0x02, 0xff, 0x22, 0x2c, 0x02, 0xff,
0x22, 0x2c, 0x02, 0xff, 0x22, 0x2c, 0x02, 0xff, 0x22, 0x2c, 0x02, 0xff, 0x22, 0x2c, 0x02, 0xff,
0x22, 0x2c, 0x02, 0xff, 0x22, 0x2c, 0x02, 0xff, 0x22, 0x2c, 0x02, 0xff, 0x22, 0x2c, 0x02, 0xff,
0x22, 0x2c, 0x02, 0xff, 0x22, 0x2c, 0x02, 0xff, 0x46, 0x89, 0x16, 0xff, 0x5e, 0xc5, 0x22, 0xff,
0x5e, 0xc5, 0x24, 0x4f, 0x00, 0x00, 0x00, 0x00, 0x00, 0x00, 0x00, 0x00, 0x00, 0x00, 0x00, 0x00,
0x00, 0x00, 0x00, 0x00, 0x00, 0x00, 0x00, 0x00, 0x00, 0x00, 0x00, 0x00, 0x5e, 0xc4, 0x21, 0x6c,
0x5e, 0xc5, 0x22, 0xff, 0x3d, 0x71, 0x10, 0xff, 0x22, 0x2c, 0x02, 0xff, 0x22, 0x2c, 0x02, 0xff,
0x22, 0x2c, 0x02, 0xff, 0x22, 0x2c, 0x02, 0xff, 0x22, 0x2c, 0x02, 0xff, 0x22, 0x2c, 0x02, 0xff,
0x22, 0x2c, 0x02, 0xff, 0x22, 0x2c, 0x02, 0xff, 0x22, 0x2c, 0x02, 0xff, 0x22, 0x2c, 0x02, 0xff,
0x22, 0x2c, 0x02, 0xff, 0x22, 0x2c, 0x02, 0xff, 0x22, 0x2c, 0x02, 0xff, 0x22, 0x2c, 0x02, 0xff,
0x22, 0x2c, 0x02, 0xff, 0x22, 0x2c, 0x02, 0xff, 0x22, 0x2c, 0x02, 0xff, 0x22, 0x2c, 0x02, 0xff,
0x22, 0x2c, 0x02, 0xff, 0x22, 0x2c, 0x02, 0xff, 0x22, 0x2c, 0x02, 0xff, 0x22, 0x2c, 0x02, 0xff,
0x22, 0x2c, 0x02, 0xff, 0x22, 0x2c, 0x02, 0xff, 0x22, 0x2c, 0x02, 0xff, 0x22, 0x2c, 0x02, 0xff,
0x22, 0x2c, 0x02, 0xff, 0x22, 0x2c, 0x02, 0xff, 0x22, 0x2c, 0x02, 0xff, 0x22, 0x2c, 0x02, 0xff,
0x22, 0x2c, 0x02, 0xff, 0x22, 0x2c, 0x02, 0xff, 0x22, 0x2c, 0x02, 0xff, 0x22, 0x2c, 0x02, 0xff,
0x22, 0x2c, 0x02, 0xff, 0x22, 0x2c, 0x02, 0xff, 0x3d, 0x71, 0x10, 0xff, 0x5e, 0xc5, 0x22, 0xff,
0x5e, 0xc4, 0x21, 0x6c, 0x00, 0x00, 0x00, 0x00, 0x00, 0x00, 0x00, 0x00, 0x00, 0x00, 0x00, 0x00,
0x00, 0x00, 0x00, 0x00, 0x00, 0x00, 0x00, 0x00, 0x00, 0x00, 0x00, 0x00, 0x5d, 0xc6, 0x22, 0x70,
0x5e, 0xc5, 0x22, 0xff, 0x3c, 0x70, 0x10, 0xff, 0x22, 0x2c, 0x02, 0xff, 0x22, 0x2c, 0x02, 0xff,
0x22, 0x2c, 0x02, 0xff, 0x22, 0x2c, 0x02, 0xff, 0x22, 0x2c, 0x02, 0xff, 0x22, 0x2c, 0x02, 0xff,
0x22, 0x2c, 0x02, 0xff, 0x22, 0x2c, 0x02, 0xff, 0x22, 0x2c, 0x02, 0xff, 0x22, 0x2c, 0x02, 0xff,
0x22, 0x2c, 0x02, 0xff, 0x22, 0x2c, 0x02, 0xff, 0x22, 0x2c, 0x02, 0xff, 0x22, 0x2c, 0x02, 0xff,
0x22, 0x2c, 0x02, 0xff, 0x22, 0x2c, 0x02, 0xff, 0x22, 0x2c, 0x02, 0xff, 0x22, 0x2c, 0x02, 0xff,
0x22, 0x2c, 0x02, 0xff, 0x22, 0x2c, 0x02, 0xff, 0x22, 0x2c, 0x02, 0xff, 0x22, 0x2c, 0x02, 0xff,
0x22, 0x2c, 0x02, 0xff, 0x22, 0x2c, 0x02, 0xff, 0x22, 0x2c, 0x02, 0xff, 0x22, 0x2c, 0x02, 0xff,
0x22, 0x2c, 0x02, 0xff, 0x22, 0x2c, 0x02, 0xff, 0x22, 0x2c, 0x02, 0xff, 0x22, 0x2c, 0x02, 0xff,
0x22, 0x2c, 0x02, 0xff, 0x22, 0x2c, 0x02, 0xff, 0x22, 0x2c, 0x02, 0xff, 0x22, 0x2c, 0x02, 0xff,
0x22, 0x2c, 0x02, 0xff, 0x22, 0x2c, 0x02, 0xff, 0x3c, 0x70, 0x10, 0xff, 0x5e, 0xc5, 0x22, 0xff,
0x5d, 0xc6, 0x22, 0x70, 0x00, 0x00, 0x00, 0x00, 0x00, 0x00, 0x00, 0x00, 0x00, 0x00, 0x00, 0x00,
0x00, 0x00, 0x00, 0x00, 0x00, 0x00, 0x00, 0x00, 0x00, 0x00, 0x00, 0x00, 0x5d, 0xc6, 0x22, 0x70,
0x5e, 0xc5, 0x22, 0xff, 0x3c, 0x70, 0x10, 0xff, 0x22, 0x2c, 0x02, 0xff, 0x22, 0x2c, 0x02, 0xff,
0x22, 0x2c, 0x02, 0xff, 0x22, 0x2c, 0x02, 0xff, 0x22, 0x2c, 0x02, 0xff, 0x22, 0x2c, 0x02, 0xff,
0x22, 0x2c, 0x02, 0xff, 0x22, 0x2c, 0x02, 0xff, 0x22, 0x2c, 0x02, 0xff, 0x22, 0x2c, 0x02, 0xff,
0x22, 0x2c, 0x02, 0xff, 0x22, 0x2c, 0x02, 0xff, 0x22, 0x2c, 0x02, 0xff, 0x22, 0x2c, 0x02, 0xff,
0x22, 0x2c, 0x02, 0xff, 0x22, 0x2c, 0x02, 0xff, 0x22, 0x2c, 0x02, 0xff, 0x22, 0x2c, 0x02, 0xff,
0x22, 0x2c, 0x02, 0xff, 0x22, 0x2c, 0x02, 0xff, 0x22, 0x2c, 0x02, 0xff, 0x22, 0x2c, 0x02, 0xff,
0x22, 0x2c, 0x02, 0xff, 0x22, 0x2c, 0x02, 0xff, 0x22, 0x2c, 0x02, 0xff, 0x22, 0x2c, 0x02, 0xff,
0x22, 0x2c, 0x02, 0xff, 0x22, 0x2c, 0x02, 0xff, 0x22, 0x2c, 0x02, 0xff, 0x22, 0x2c, 0x02, 0xff,
0x22, 0x2c, 0x02, 0xff, 0x22, 0x2c, 0x02, 0xff, 0x22, 0x2c, 0x02, 0xff, 0x22, 0x2c, 0x02, 0xff,
0x22, 0x2c, 0x02, 0xff, 0x22, 0x2c, 0x02, 0xff, 0x3c, 0x70, 0x10, 0xff, 0x5e, 0xc5, 0x22, 0xff,
0x5d, 0xc6, 0x22, 0x70, 0x00, 0x00, 0x00, 0x00, 0x00, 0x00, 0x00, 0x00, 0x00, 0x00, 0x00, 0x00,
0x00, 0x00, 0x00, 0x00, 0x00, 0x00, 0x00, 0x00, 0x00, 0x00, 0x00, 0x00, 0x5d, 0xc6, 0x22, 0x70,
0x5e, 0xc5, 0x22, 0xff, 0x3c, 0x70, 0x10, 0xff, 0x22, 0x2c, 0x02, 0xff, 0x22, 0x2c, 0x02, 0xff,
0x22, 0x2c, 0x02, 0xff, 0x22, 0x2c, 0x02, 0xff, 0x22, 0x2c, 0x02, 0xff, 0x31, 0x4a, 0x0e, 0xff,
0x31, 0x4a, 0x0e, 0xff, 0x22, 0x2c, 0x02, 0xff, 0x22, 0x2c, 0x02, 0xff, 0x22, 0x2c, 0x02, 0xff,
0x22, 0x2c, 0x02, 0xff, 0x22, 0x2c, 0x02, 0xff, 0x22, 0x2c, 0x02, 0xff, 0x22, 0x2c, 0x02, 0xff,
0x22, 0x2c, 0x02, 0xff, 0x22, 0x2c, 0x02, 0xff, 0x22, 0x2c, 0x02, 0xff, 0x22, 0x2c, 0x02, 0xff,
0x22, 0x2c, 0x02, 0xff, 0x22, 0x2c, 0x02, 0xff, 0x22, 0x2c, 0x02, 0xff, 0x22, 0x2c, 0x02, 0xff,
0x22, 0x2c, 0x02, 0xff, 0x22, 0x2c, 0x02, 0xff, 0x22, 0x2c, 0x02, 0xff, 0x22, 0x2c, 0x02, 0xff,
0x22, 0x2c, 0x02, 0xff, 0x22, 0x2c, 0x02, 0xff, 0x22, 0x2c, 0x02, 0xff, 0x22, 0x2c, 0x02, 0xff,
0x22, 0x2c, 0x02, 0xff, 0x22, 0x2c, 0x02, 0xff, 0x22, 0x2c, 0x02, 0xff, 0x22, 0x2c, 0x02, 0xff,
0x22, 0x2c, 0x02, 0xff, 0x22, 0x2c, 0x02, 0xff, 0x3c, 0x70, 0x10, 0xff, 0x5e, 0xc5, 0x22, 0xff,
0x5d, 0xc6, 0x22, 0x70, 0x00, 0x00, 0x00, 0x00, 0x00, 0x00, 0x00, 0x00, 0x00, 0x00, 0x00, 0x00,
0x00, 0x00, 0x00, 0x00, 0x00, 0x00, 0x00, 0x00, 0x00, 0x00, 0x00, 0x00, 0x5d, 0xc6, 0x22, 0x70,
0x5e, 0xc5, 0x22, 0xff, 0x3c, 0x70, 0x10, 0xff, 0x22, 0x2c, 0x02, 0xff, 0x22, 0x2c, 0x02, 0xff,
0x22, 0x2c, 0x02, 0xff, 0x22, 0x2c, 0x02, 0xff, 0x31, 0x4a, 0x0e, 0xff, 0x7e, 0xdc, 0x49, 0xff,
0x7f, 0xdc, 0x49, 0xff, 0x4f, 0x81, 0x24, 0xff, 0x22, 0x2d, 0x02, 0xff, 0x22, 0x2c, 0x02, 0xff,
0x22, 0x2c, 0x02, 0xff, 0x22, 0x2c, 0x02, 0xff, 0x22, 0x2c, 0x02, 0xff, 0x22, 0x2c, 0x02, 0xff,
0x22, 0x2c, 0x02, 0xff, 0x22, 0x2c, 0x02, 0xff, 0x22, 0x2c, 0x02, 0xff, 0x22, 0x2c, 0x02, 0xff,
0x22, 0x2c, 0x02, 0xff, 0x22, 0x2c, 0x02, 0xff, 0x22, 0x2c, 0x02, 0xff, 0x22, 0x2c, 0x02, 0xff,
0x22, 0x2c, 0x02, 0xff, 0x22, 0x2c, 0x02, 0xff, 0x22, 0x2c, 0x02, 0xff, 0x22, 0x2c, 0x02, 0xff,
0x22, 0x2c, 0x02, 0xff, 0x22, 0x2c, 0x02, 0xff, 0x22, 0x2c, 0x02, 0xff, 0x22, 0x2c, 0x02, 0xff,
0x22, 0x2c, 0x02, 0xff, 0x22, 0x2c, 0x02, 0xff, 0x22, 0x2c, 0x02, 0xff, 0x22, 0x2c, 0x02, 0xff,
0x22, 0x2c, 0x02, 0xff, 0x22, 0x2c, 0x02, 0xff, 0x3c, 0x70, 0x10, 0xff, 0x5e, 0xc5, 0x22, 0xff,
0x5d, 0xc6, 0x22, 0x70, 0x00, 0x00, 0x00, 0x00, 0x00, 0x00, 0x00, 0x00, 0x00, 0x00, 0x00, 0x00,
0x00, 0x00, 0x00, 0x00, 0x00, 0x00, 0x00, 0x00, 0x00, 0x00, 0x00, 0x00, 0x5d, 0xc6, 0x22, 0x70,
0x5e, 0xc5, 0x22, 0xff, 0x3c, 0x70, 0x10, 0xff, 0x22, 0x2c, 0x02, 0xff, 0x22, 0x2c, 0x02, 0xff,
0x22, 0x2c, 0x02, 0xff, 0x22, 0x2c, 0x02, 0xff, 0x31, 0x4a, 0x0e, 0xff, 0x7e, 0xdc, 0x49, 0xff,
0x80, 0xde, 0x4a, 0xff, 0x80, 0xde, 0x4a, 0xff, 0x61, 0xa4, 0x33, 0xff, 0x26, 0x34, 0x05, 0xff,
0x22, 0x2c, 0x02, 0xff, 0x22, 0x2c, 0x02, 0xff, 0x22, 0x2c, 0x02, 0xff, 0x22, 0x2c, 0x02, 0xff,
0x22, 0x2c, 0x02, 0xff, 0x22, 0x2c, 0x02, 0xff, 0x22, 0x2c, 0x02, 0xff, 0x22, 0x2c, 0x02, 0xff,
0x22, 0x2c, 0x02, 0xff, 0x22, 0x2c, 0x02, 0xff, 0x22, 0x2c, 0x02, 0xff, 0x22, 0x2c, 0x02, 0xff,
0x22, 0x2c, 0x02, 0xff, 0x22, 0x2c, 0x02, 0xff, 0x22, 0x2c, 0x02, 0xff, 0x22, 0x2c, 0x02, 0xff,
0x22, 0x2c, 0x02, 0xff, 0x22, 0x2c, 0x02, 0xff, 0x22, 0x2c, 0x02, 0xff, 0x22, 0x2c, 0x02, 0xff,
0x22, 0x2c, 0x02, 0xff, 0x22, 0x2c, 0x02, 0xff, 0x22, 0x2c, 0x02, 0xff, 0x22, 0x2c, 0x02, 0xff,
0x22, 0x2c, 0x02, 0xff, 0x22, 0x2c, 0x02, 0xff, 0x3c, 0x70, 0x10, 0xff, 0x5e, 0xc5, 0x22, 0xff,
0x5d, 0xc6, 0x22, 0x70, 0x00, 0x00, 0x00, 0x00, 0x00, 0x00, 0x00, 0x00, 0x00, 0x00, 0x00, 0x00,
0x00, 0x00, 0x00, 0x00, 0x00, 0x00, 0x00, 0x00, 0x00, 0x00, 0x00, 0x00, 0x5d, 0xc6, 0x22, 0x70,
0x5e, 0xc5, 0x22, 0xff, 0x3c, 0x70, 0x10, 0xff, 0x22, 0x2c, 0x02, 0xff, 0x22, 0x2c, 0x02, 0xff,
0x22, 0x2c, 0x02, 0xff, 0x22, 0x2c, 0x02, 0xff, 0x22, 0x2c, 0x02, 0xff, 0x3c, 0x5f, 0x16, 0xff,
0x79, 0xd2, 0x45, 0xff, 0x80, 0xde, 0x4a, 0xff, 0x80, 0xde, 0x4a, 0xff, 0x71, 0xc3, 0x3f, 0xff,
0x32, 0x49, 0x0e, 0xff, 0x22, 0x2c, 0x02, 0xff, 0x22, 0x2c, 0x02, 0xff, 0x22, 0x2c, 0x02, 0xff,
0x22, 0x2c, 0x02, 0xff, 0x22, 0x2c, 0x02, 0xff, 0x22, 0x2c, 0x02, 0xff, 0x22, 0x2c, 0x02, 0xff,
0x22, 0x2c, 0x02, 0xff, 0x22, 0x2c, 0x02, 0xff, 0x22, 0x2c, 0x02, 0xff, 0x22, 0x2c, 0x02, 0xff,
0x22, 0x2c, 0x02, 0xff, 0x22, 0x2c, 0x02, 0xff, 0x22, 0x2c, 0x02, 0xff, 0x22, 0x2c, 0x02, 0xff,
0x22, 0x2c, 0x02, 0xff, 0x22, 0x2c, 0x02, 0xff, 0x22, 0x2c, 0x02, 0xff, 0x22, 0x2c, 0x02, 0xff,
0x22, 0x2c, 0x02, 0xff, 0x22, 0x2c, 0x02, 0xff, 0x22, 0x2c, 0x02, 0xff, 0x22, 0x2c, 0x02, 0xff,
0x22, 0x2c, 0x02, 0xff, 0x22, 0x2c, 0x02, 0xff, 0x3c, 0x70, 0x10, 0xff, 0x5e, 0xc5, 0x22, 0xff,
0x5d, 0xc6, 0x22, 0x70, 0x00, 0x00, 0x00, 0x00, 0x00, 0x00, 0x00, 0x00, 0x00, 0x00, 0x00, 0x00,
0x00, 0x00, 0x00, 0x00, 0x00, 0x00, 0x00, 0x00, 0x00, 0x00, 0x00, 0x00, 0x5d, 0xc6, 0x22, 0x70,
0x5e, 0xc5, 0x22, 0xff, 0x3c, 0x70, 0x10, 0xff, 0x22, 0x2c, 0x02, 0xff, 0x22, 0x2c, 0x02, 0xff,
0x22, 0x2c, 0x02, 0xff, 0x22, 0x2c, 0x02, 0xff, 0x22, 0x2c, 0x02, 0xff, 0x22, 0x2c, 0x02, 0xff,
0x2f, 0x45, 0x0c, 0xff, 0x70, 0xc0, 0x3d, 0xff, 0x80, 0xde, 0x4a, 0xff, 0x80, 0xde, 0x4a, 0xff,
0x7b, 0xd4, 0x46, 0xff, 0x3f, 0x64, 0x18, 0xff, 0x22, 0x2c, 0x02, 0xff, 0x22, 0x2c, 0x02, 0xff,
0x22, 0x2c, 0x02, 0xff, 0x22, 0x2c, 0x02, 0xff, 0x22, 0x2c, 0x02, 0xff, 0x22, 0x2c, 0x02, 0xff,
0x22, 0x2c, 0x02, 0xff, 0x22, 0x2c, 0x02, 0xff, 0x22, 0x2c, 0x02, 0xff, 0x22, 0x2c, 0x02, 0xff,
0x22, 0x2c, 0x02, 0xff, 0x22, 0x2c, 0x02, 0xff, 0x22, 0x2c, 0x02, 0xff, 0x22, 0x2c, 0x02, 0xff,
0x22, 0x2c, 0x02, 0xff, 0x22, 0x2c, 0x02, 0xff, 0x22, 0x2c, 0x02, 0xff, 0x22, 0x2c, 0x02, 0xff,
0x22, 0x2c, 0x02, 0xff, 0x22, 0x2c, 0x02, 0xff, 0x22, 0x2c, 0x02, 0xff, 0x22, 0x2c, 0x02, 0xff,
0x22, 0x2c, 0x02, 0xff, 0x22, 0x2c, 0x02, 0xff, 0x3c, 0x70, 0x10, 0xff, 0x5e, 0xc5, 0x22, 0xff,
0x5d, 0xc6, 0x22, 0x70, 0x00, 0x00, 0x00, 0x00, 0x00, 0x00, 0x00, 0x00, 0x00, 0x00, 0x00, 0x00,
0x00, 0x00, 0x00, 0x00, 0x00, 0x00, 0x00, 0x00, 0x00, 0x00, 0x00, 0x00, 0x5d, 0xc6, 0x22, 0x70,
0x5e, 0xc5, 0x22, 0xff, 0x3c, 0x70, 0x10, 0xff, 0x22, 0x2c, 0x02, 0xff, 0x22, 0x2c, 0x02, 0xff,
0x22, 0x2c, 0x02, 0xff, 0x22, 0x2c, 0x02, 0xff, 0x22, 0x2c, 0x02, 0xff, 0x22, 0x2c, 0x02, 0xff,
0x22, 0x2c, 0x02, 0xff, 0x26, 0x34, 0x05, 0xff, 0x61, 0xa3, 0x33, 0xff, 0x80, 0xde, 0x4a, 0xff,
0x80, 0xde, 0x4a, 0xff, 0x7f, 0xdd, 0x4a, 0xff, 0x54, 0x8b, 0x28, 0xff, 0x23, 0x2e, 0x03, 0xff,
0x22, 0x2c, 0x02, 0xff, 0x22, 0x2c, 0x02, 0xff, 0x22, 0x2c, 0x02, 0xff, 0x22, 0x2c, 0x02, 0xff,
0x22, 0x2c, 0x02, 0xff, 0x22, 0x2c, 0x02, 0xff, 0x22, 0x2c, 0x02, 0xff, 0x22, 0x2c, 0x02, 0xff,
0x22, 0x2c, 0x02, 0xff, 0x22, 0x2c, 0x02, 0xff, 0x22, 0x2c, 0x02, 0xff, 0x22, 0x2c, 0x02, 0xff,
0x22, 0x2c, 0x02, 0xff, 0x22, 0x2c, 0x02, 0xff, 0x22, 0x2c, 0x02, 0xff, 0x22, 0x2c, 0x02, 0xff,
0x22, 0x2c, 0x02, 0xff, 0x22, 0x2c, 0x02, 0xff, 0x22, 0x2c, 0x02, 0xff, 0x22, 0x2c, 0x02, 0xff,
0x22, 0x2c, 0x02, 0xff, 0x22, 0x2c, 0x02, 0xff, 0x3c, 0x70, 0x10, 0xff, 0x5e, 0xc5, 0x22, 0xff,
0x5d, 0xc6, 0x22, 0x70, 0x00, 0x00, 0x00, 0x00, 0x00, 0x00, 0x00, 0x00, 0x00, 0x00, 0x00, 0x00,
0x00, 0x00, 0x00, 0x00, 0x00, 0x00, 0x00, 0x00, 0x00, 0x00, 0x00, 0x00, 0x5d, 0xc6, 0x22, 0x70,
0x5e, 0xc5, 0x22, 0xff, 0x3c, 0x70, 0x10, 0xff, 0x22, 0x2c, 0x02, 0xff, 0x22, 0x2c, 0x02, 0xff,
0x22, 0x2c, 0x02, 0xff, 0x22, 0x2c, 0x02, 0xff, 0x22, 0x2c, 0x02, 0xff, 0x22, 0x2c, 0x02, 0xff,
0x22, 0x2c, 0x02, 0xff, 0x22, 0x2c, 0x02, 0xff, 0x22, 0x2d, 0x02, 0xff, 0x4e, 0x7f, 0x24, 0xff,
0x7e, 0xdc, 0x49, 0xff, 0x80, 0xde, 0x4a, 0xff, 0x80, 0xde, 0x4a, 0xff, 0x64, 0xa9, 0x35, 0xff,
0x28, 0x36, 0x06, 0xff, 0x22, 0x2c, 0x02, 0xff, 0x22, 0x2c, 0x02, 0xff, 0x22, 0x2c, 0x02, 0xff,
0x22, 0x2c, 0x02, 0xff, 0x22, 0x2c, 0x02, 0xff, 0x22, 0x2c, 0x02, 0xff, 0x22, 0x2c, 0x02, 0xff,
0x22, 0x2c, 0x02, 0xff, 0x22, 0x2c, 0x02, 0xff, 0x22, 0x2c, 0x02, 0xff, 0x22, 0x2c, 0x02, 0xff,
0x22, 0x2c, 0x02, 0xff, 0x22, 0x2c, 0x02, 0xff, 0x22, 0x2c, 0x02, 0xff, 0x22, 0x2c, 0x02, 0xff,
0x22, 0x2c, 0x02, 0xff, 0x22, 0x2c, 0x02, 0xff, 0x22, 0x2c, 0x02, 0xff, 0x22, 0x2c, 0x02, 0xff,
0x22, 0x2c, 0x02, 0xff, 0x22, 0x2c, 0x02, 0xff, 0x3c, 0x70, 0x10, 0xff, 0x5e, 0xc5, 0x22, 0xff,
0x5d, 0xc6, 0x22, 0x70, 0x00, 0x00, 0x00, 0x00, 0x00, 0x00, 0x00, 0x00, 0x00, 0x00, 0x00, 0x00,
0x00, 0x00, 0x00, 0x00, 0x00, 0x00, 0x00, 0x00, 0x00, 0x00, 0x00, 0x00, 0x5d, 0xc6, 0x22, 0x70,
0x5e, 0xc5, 0x22, 0xff, 0x3c, 0x70, 0x10, 0xff, 0x22, 0x2c, 0x02, 0xff, 0x22, 0x2c, 0x02, 0xff,
0x22, 0x2c, 0x02, 0xff, 0x22, 0x2c, 0x02, 0xff, 0x22, 0x2c, 0x02, 0xff, 0x22, 0x2c, 0x02, 0xff,
0x22, 0x2c, 0x02, 0xff, 0x22, 0x2c, 0x02, 0xff, 0x22, 0x2c, 0x02, 0xff, 0x22, 0x2c, 0x02, 0xff,
0x3d, 0x5f, 0x16, 0xff, 0x7a, 0xd3, 0x45, 0xff, 0x80, 0xde, 0x4a, 0xff, 0x80, 0xde, 0x4a, 0xff,
0x5e, 0x9f, 0x31, 0xff, 0x22, 0x2c, 0x02, 0xff, 0x22, 0x2c, 0x02, 0xff, 0x22, 0x2c, 0x02, 0xff,
0x22, 0x2c, 0x02, 0xff, 0x22, 0x2c, 0x02, 0xff, 0x22, 0x2c, 0x02, 0xff, 0x22, 0x2c, 0x02, 0xff,
0x22, 0x2c, 0x02, 0xff, 0x22, 0x2c, 0x02, 0xff, 0x22, 0x2c, 0x02, 0xff, 0x22, 0x2c, 0x02, 0xff,
0x22, 0x2c, 0x02, 0xff, 0x22, 0x2c, 0x02, 0xff, 0x22, 0x2c, 0x02, 0xff, 0x22, 0x2c, 0x02, 0xff,
0x22, 0x2c, 0x02, 0xff, 0x22, 0x2c, 0x02, 0xff, 0x22, 0x2c, 0x02, 0xff, 0x22, 0x2c, 0x02, 0xff,
0x22, 0x2c, 0x02, 0xff, 0x22, 0x2c, 0x02, 0xff, 0x3c, 0x70, 0x10, 0xff, 0x5e, 0xc5, 0x22, 0xff,
0x5d, 0xc6, 0x22, 0x70, 0x00, 0x00, 0x00, 0x00, 0x00, 0x00, 0x00, 0x00, 0x00, 0x00, 0x00, 0x00,
0x00, 0x00, 0x00, 0x00, 0x00, 0x00, 0x00, 0x00, 0x00, 0x00, 0x00, 0x00, 0x5d, 0xc6, 0x22, 0x70,
0x5e, 0xc5, 0x22, 0xff, 0x3c, 0x70, 0x10, 0xff, 0x22, 0x2c, 0x02, 0xff, 0x22, 0x2c, 0x02, 0xff,
0x22, 0x2c, 0x02, 0xff, 0x22, 0x2c, 0x02, 0xff, 0x22, 0x2c, 0x02, 0xff, 0x22, 0x2c, 0x02, 0xff,
0x22, 0x2c, 0x02, 0xff, 0x22, 0x2c, 0x02, 0xff, 0x22, 0x2c, 0x02, 0xff, 0x22, 0x2c, 0x02, 0xff,
0x3d, 0x5f, 0x16, 0xff, 0x7a, 0xd3, 0x45, 0xff, 0x80, 0xde, 0x4a, 0xff, 0x80, 0xde, 0x4a, 0xff,
0x5e, 0x9f, 0x31, 0xff, 0x22, 0x2c, 0x02, 0xff, 0x22, 0x2c, 0x02, 0xff, 0x22, 0x2c, 0x02, 0xff,
0x22, 0x2c, 0x02, 0xff, 0x22, 0x2c, 0x02, 0xff, 0x22, 0x2c, 0x02, 0xff, 0x22, 0x2c, 0x02, 0xff,
0x22, 0x2c, 0x02, 0xff, 0x22, 0x2c, 0x02, 0xff, 0x22, 0x2c, 0x02, 0xff, 0x22, 0x2c, 0x02, 0xff,
0x22, 0x2c, 0x02, 0xff, 0x22, 0x2c, 0x02, 0xff, 0x22, 0x2c, 0x02, 0xff, 0x22, 0x2c, 0x02, 0xff,
0x22, 0x2c, 0x02, 0xff, 0x22, 0x2c, 0x02, 0xff, 0x22, 0x2c, 0x02, 0xff, 0x22, 0x2c, 0x02, 0xff,
0x22, 0x2c, 0x02, 0xff, 0x22, 0x2c, 0x02, 0xff, 0x3c, 0x70, 0x10, 0xff, 0x5e, 0xc5, 0x22, 0xff,
0x5d, 0xc6, 0x22, 0x70, 0x00, 0x00, 0x00, 0x00, 0x00, 0x00, 0x00, 0x00, 0x00, 0x00, 0x00, 0x00,
0x00, 0x00, 0x00, 0x00, 0x00, 0x00, 0x00, 0x00, 0x00, 0x00, 0x00, 0x00, 0x5d, 0xc6, 0x22, 0x70,
0x5e, 0xc5, 0x22, 0xff, 0x3c, 0x70, 0x10, 0xff, 0x22, 0x2c, 0x02, 0xff, 0x22, 0x2c, 0x02, 0xff,
0x22, 0x2c, 0x02, 0xff, 0x22, 0x2c, 0x02, 0xff, 0x22, 0x2c, 0x02, 0xff, 0x22, 0x2c, 0x02, 0xff,
0x22, 0x2c, 0x02, 0xff, 0x22, 0x2c, 0x02, 0xff, 0x22, 0x2d, 0x02, 0xff, 0x4e, 0x7f, 0x24, 0xff,
0x7e, 0xdc, 0x49, 0xff, 0x80, 0xde, 0x4a, 0xff, 0x80, 0xde, 0x4a, 0xff, 0x63, 0xa8, 0x35, 0xff,
0x28, 0x36, 0x06, 0xff, 0x22, 0x2c, 0x02, 0xff, 0x22, 0x2c, 0x02, 0xff, 0x22, 0x2c, 0x02, 0xff,
0x22, 0x2c, 0x02, 0xff, 0x22, 0x2c, 0x02, 0xff, 0x22, 0x2c, 0x02, 0xff, 0x22, 0x2c, 0x02, 0xff,
0x22, 0x2c, 0x02, 0xff, 0x22, 0x2c, 0x02, 0xff, 0x22, 0x2c, 0x02, 0xff, 0x22, 0x2c, 0x02, 0xff,
0x22, 0x2c, 0x02, 0xff, 0x22, 0x2c, 0x02, 0xff, 0x22, 0x2c, 0x02, 0xff, 0x22, 0x2c, 0x02, 0xff,
0x22, 0x2c, 0x02, 0xff, 0x22, 0x2c, 0x02, 0xff, 0x22, 0x2c, 0x02, 0xff, 0x22, 0x2c, 0x02, 0xff,
0x22, 0x2c, 0x02, 0xff, 0x22, 0x2c, 0x02, 0xff, 0x3c, 0x70, 0x10, 0xff, 0x5e, 0xc5, 0x22, 0xff,
0x5d, 0xc6, 0x22, 0x70, 0x00, 0x00, 0x00, 0x00, 0x00, 0x00, 0x00, 0x00, 0x00, 0x00, 0x00, 0x00,
0x00, 0x00, 0x00, 0x00, 0x00, 0x00, 0x00, 0x00, 0x00, 0x00, 0x00, 0x00, 0x5d, 0xc6, 0x22, 0x70,
0x5e, 0xc5, 0x22, 0xff, 0x3c, 0x70, 0x10, 0xff, 0x22, 0x2c, 0x02, 0xff, 0x22, 0x2c, 0x02, 0xff,
0x22, 0x2c, 0x02, 0xff, 0x22, 0x2c, 0x02, 0xff, 0x22, 0x2c, 0x02, 0xff, 0x22, 0x2c, 0x02, 0xff,
0x22, 0x2c, 0x02, 0xff, 0x26, 0x34, 0x05, 0xff, 0x61, 0xa3, 0x33, 0xff, 0x80, 0xde, 0x4a, 0xff,
0x80, 0xde, 0x4a, 0xff, 0x7f, 0xdd, 0x4a, 0xff, 0x54, 0x8b, 0x28, 0xff, 0x23, 0x2e, 0x03, 0xff,
0x22, 0x2c, 0x02, 0xff, 0x22, 0x2c, 0x02, 0xff, 0x22, 0x2c, 0x02, 0xff, 0x22, 0x2c, 0x02, 0xff,
0x22, 0x2c, 0x02, 0xff, 0x22, 0x2c, 0x02, 0xff, 0x22, 0x2c, 0x02, 0xff, 0x22, 0x2c, 0x02, 0xff,
0x22, 0x2c, 0x02, 0xff, 0x22, 0x2c, 0x02, 0xff, 0x22, 0x2c, 0x02, 0xff, 0x22, 0x2c, 0x02, 0xff,
0x22, 0x2c, 0x02, 0xff, 0x22, 0x2c, 0x02, 0xff, 0x22, 0x2c, 0x02, 0xff, 0x22, 0x2c, 0x02, 0xff,
0x22, 0x2c, 0x02, 0xff, 0x22, 0x2c, 0x02, 0xff, 0x22, 0x2c, 0x02, 0xff, 0x22, 0x2c, 0x02, 0xff,
0x22, 0x2c, 0x02, 0xff, 0x22, 0x2c, 0x02, 0xff, 0x3c, 0x70, 0x10, 0xff, 0x5e, 0xc5, 0x22, 0xff,
0x5d, 0xc6, 0x22, 0x70, 0x00, 0x00, 0x00, 0x00, 0x00, 0x00, 0x00, 0x00, 0x00, 0x00, 0x00, 0x00,
0x00, 0x00, 0x00, 0x00, 0x00, 0x00, 0x00, 0x00, 0x00, 0x00, 0x00, 0x00, 0x5d, 0xc6, 0x22, 0x70,
0x5e, 0xc5, 0x22, 0xff, 0x3c, 0x70, 0x10, 0xff, 0x22, 0x2c, 0x02, 0xff, 0x22, 0x2c, 0x02, 0xff,
0x22, 0x2c, 0x02, 0xff, 0x22, 0x2c, 0x02, 0xff, 0x22, 0x2c, 0x02, 0xff, 0x22, 0x2c, 0x02, 0xff,
0x2f, 0x45, 0x0c, 0xff, 0x70, 0xc0, 0x3d, 0xff, 0x80, 0xde, 0x4a, 0xff, 0x80, 0xde, 0x4a, 0xff,
0x7b, 0xd4, 0x46, 0xff, 0x3f, 0x63, 0x18, 0xff, 0x22, 0x2c, 0x02, 0xff, 0x22, 0x2c, 0x02, 0xff,
0x22, 0x2c, 0x02, 0xff, 0x22, 0x2c, 0x02, 0xff, 0x22, 0x2c, 0x02, 0xff, 0x22, 0x2c, 0x02, 0xff,
0x22, 0x2c, 0x02, 0xff, 0x22, 0x2c, 0x02, 0xff, 0x22, 0x2c, 0x02, 0xff, 0x22, 0x2c, 0x02, 0xff,
0x22, 0x2c, 0x02, 0xff, 0x22, 0x2c, 0x02, 0xff, 0x22, 0x2c, 0x02, 0xff, 0x22, 0x2c, 0x02, 0xff,
0x22, 0x2c, 0x02, 0xff, 0x22, 0x2c, 0x02, 0xff, 0x22, 0x2c, 0x02, 0xff, 0x22, 0x2c, 0x02, 0xff,
0x22, 0x2c, 0x02, 0xff, 0x22, 0x2c, 0x02, 0xff, 0x22, 0x2c, 0x02, 0xff, 0x22, 0x2c, 0x02, 0xff,
0x22, 0x2c, 0x02, 0xff, 0x22, 0x2c, 0x02, 0xff, 0x3c, 0x70, 0x10, 0xff, 0x5e, 0xc5, 0x22, 0xff,
0x5d, 0xc6, 0x22, 0x70, 0x00, 0x00, 0x00, 0x00, 0x00, 0x00, 0x00, 0x00, 0x00, 0x00, 0x00, 0x00,
0x00, 0x00, 0x00, 0x00, 0x00, 0x00, 0x00, 0x00, 0x00, 0x00, 0x00, 0x00, 0x5d, 0xc6, 0x22, 0x70,
0x5e, 0xc5, 0x22, 0xff, 0x3c, 0x70, 0x10, 0xff, 0x22, 0x2c, 0x02, 0xff, 0x22, 0x2c, 0x02, 0xff,
0x22, 0x2c, 0x02, 0xff, 0x22, 0x2c, 0x02, 0xff, 0x22, 0x2c, 0x02, 0xff, 0x3c, 0x5f, 0x16, 0xff,
0x79, 0xd2, 0x45, 0xff, 0x80, 0xde, 0x4a, 0xff, 0x80, 0xde, 0x4a, 0xff, 0x71, 0xc3, 0x3f, 0xff,
0x32, 0x49, 0x0e, 0xff, 0x22, 0x2c, 0x02, 0xff, 0x22, 0x2c, 0x02, 0xff, 0x22, 0x2c, 0x02, 0xff,
0x22, 0x2c, 0x02, 0xff, 0x26, 0x32, 0x05, 0xff, 0x3e, 0x61, 0x17, 0xff, 0x42, 0x67, 0x1a, 0xff,
0x42, 0x67, 0x1a, 0xff, 0x42, 0x67, 0x1a, 0xff, 0x42, 0x67, 0x1a, 0xff, 0x42, 0x67, 0x1a, 0xff,
0x42, 0x67, 0x1a, 0xff, 0x42, 0x67, 0x1a, 0xff, 0x42, 0x67, 0x1a, 0xff, 0x42, 0x67, 0x1a, 0xff,
0x42, 0x67, 0x1a, 0xff, 0x31, 0x4a, 0x0e, 0xff, 0x22, 0x2c, 0x02, 0xff, 0x22, 0x2c, 0x02, 0xff,
0x22, 0x2c, 0x02, 0xff, 0x22, 0x2c, 0x02, 0xff, 0x22, 0x2c, 0x02, 0xff, 0x22, 0x2c, 0x02, 0xff,
0x22, 0x2c, 0x02, 0xff, 0x22, 0x2c, 0x02, 0xff, 0x3c, 0x70, 0x10, 0xff, 0x5e, 0xc5, 0x22, 0xff,
0x5d, 0xc6, 0x22, 0x70, 0x00, 0x00, 0x00, 0x00, 0x00, 0x00, 0x00, 0x00, 0x00, 0x00, 0x00, 0x00,
0x00, 0x00, 0x00, 0x00, 0x00, 0x00, 0x00, 0x00, 0x00, 0x00, 0x00, 0x00, 0x5d, 0xc6, 0x22, 0x70,
0x5e, 0xc5, 0x22, 0xff, 0x3c, 0x70, 0x10, 0xff, 0x22, 0x2c, 0x02, 0xff, 0x22, 0x2c, 0x02, 0xff,
0x22, 0x2c, 0x02, 0xff, 0x22, 0x2c, 0x02, 0xff, 0x31, 0x4a, 0x0e, 0xff, 0x7e, 0xdc, 0x49, 0xff,
0x80, 0xde, 0x4a, 0xff, 0x80, 0xde, 0x4a, 0xff, 0x61, 0xa4, 0x33, 0xff, 0x26, 0x34, 0x05, 0xff,
0x22, 0x2c, 0x02, 0xff, 0x22, 0x2c, 0x02, 0xff, 0x22, 0x2c, 0x02, 0xff, 0x22, 0x2c, 0x02, 0xff,
0x22, 0x2c, 0x02, 0xff, 0x60, 0xa0, 0x31, 0xff, 0x80, 0xde, 0x4a, 0xff, 0x80, 0xde, 0x4a, 0xff,
0x80, 0xde, 0x4a, 0xff, 0x80, 0xde, 0x4a, 0xff, 0x80, 0xde, 0x4a, 0xff, 0x80, 0xde, 0x4a, 0xff,
0x80, 0xde, 0x4a, 0xff, 0x80, 0xde, 0x4a, 0xff, 0x80, 0xde, 0x4a, 0xff, 0x80, 0xde, 0x4a, 0xff,
0x80, 0xde, 0x4a, 0xff, 0x7e, 0xdc, 0x49, 0xff, 0x31, 0x4a, 0x0e, 0xff, 0x22, 0x2c, 0x02, 0xff,
0x22, 0x2c, 0x02, 0xff, 0x22, 0x2c, 0x02, 0xff, 0x22, 0x2c, 0x02, 0xff, 0x22, 0x2c, 0x02, 0xff,
0x22, 0x2c, 0x02, 0xff, 0x22, 0x2c, 0x02, 0xff, 0x3c, 0x70, 0x10, 0xff, 0x5e, 0xc5, 0x22, 0xff,
0x5d, 0xc6, 0x22, 0x70, 0x00, 0x00, 0x00, 0x00, 0x00, 0x00, 0x00, 0x00, 0x00, 0x00, 0x00, 0x00,
0x00, 0x00, 0x00, 0x00, 0x00, 0x00, 0x00, 0x00, 0x00, 0x00, 0x00, 0x00, 0x5d, 0xc6, 0x22, 0x70,
0x5e, 0xc5, 0x22, 0xff, 0x3c, 0x70, 0x10, 0xff, 0x22, 0x2c, 0x02, 0xff, 0x22, 0x2c, 0x02, 0xff,
0x22, 0x2c, 0x02, 0xff, 0x22, 0x2c, 0x02, 0xff, 0x31, 0x4a, 0x0e, 0xff, 0x7e, 0xdc, 0x49, 0xff,
0x7f, 0xdc, 0x49, 0xff, 0x4f, 0x81, 0x24, 0xff, 0x22, 0x2d, 0x02, 0xff, 0x22, 0x2c, 0x02, 0xff,
0x22, 0x2c, 0x02, 0xff, 0x22, 0x2c, 0x02, 0xff, 0x22, 0x2c, 0x02, 0xff, 0x22, 0x2c, 0x02, 0xff,
0x22, 0x2c, 0x02, 0xff, 0x60, 0xa0, 0x31, 0xff, 0x80, 0xde, 0x4a, 0xff, 0x80, 0xde, 0x4a, 0xff,
0x80, 0xde, 0x4a, 0xff, 0x80, 0xde, 0x4a, 0xff, 0x80, 0xde, 0x4a, 0xff, 0x80, 0xde, 0x4a, 0xff,
0x80, 0xde, 0x4a, 0xff, 0x80, 0xde, 0x4a, 0xff, 0x80, 0xde, 0x4a, 0xff, 0x80, 0xde, 0x4a, 0xff,
0x80, 0xde, 0x4a, 0xff, 0x7e, 0xdc, 0x49, 0xff, 0x31, 0x4a, 0x0e, 0xff, 0x22, 0x2c, 0x02, 0xff,
0x22, 0x2c, 0x02, 0xff, 0x22, 0x2c, 0x02, 0xff, 0x22, 0x2c, 0x02, 0xff, 0x22, 0x2c, 0x02, 0xff,
0x22, 0x2c, 0x02, 0xff, 0x22, 0x2c, 0x02, 0xff, 0x3c, 0x70, 0x10, 0xff, 0x5e, 0xc5, 0x22, 0xff,
0x5d, 0xc6, 0x22, 0x70, 0x00, 0x00, 0x00, 0x00, 0x00, 0x00, 0x00, 0x00, 0x00, 0x00, 0x00, 0x00,
0x00, 0x00, 0x00, 0x00, 0x00, 0x00, 0x00, 0x00, 0x00, 0x00, 0x00, 0x00, 0x5d, 0xc6, 0x22, 0x70,
0x5e, 0xc5, 0x22, 0xff, 0x3c, 0x70, 0x10, 0xff, 0x22, 0x2c, 0x02, 0xff, 0x22, 0x2c, 0x02, 0xff,
0x22, 0x2c, 0x02, 0xff, 0x22, 0x2c, 0x02, 0xff, 0x22, 0x2c, 0x02, 0xff, 0x31, 0x4a, 0x0e, 0xff,
0x31, 0x4a, 0x0e, 0xff, 0x22, 0x2c, 0x02, 0xff, 0x22, 0x2c, 0x02, 0xff, 0x22, 0x2c, 0x02, 0xff,
0x22, 0x2c, 0x02, 0xff, 0x22, 0x2c, 0x02, 0xff, 0x22, 0x2c, 0x02, 0xff, 0x22, 0x2c, 0x02, 0xff,
0x22, 0x2c, 0x02, 0xff, 0x26, 0x32, 0x05, 0xff, 0x3e, 0x61, 0x17, 0xff, 0x42, 0x67, 0x1a, 0xff,
0x42, 0x67, 0x1a, 0xff, 0x42, 0x67, 0x1a, 0xff, 0x42, 0x67, 0x1a, 0xff, 0x42, 0x67, 0x1a, 0xff,
0x42, 0x67, 0x1a, 0xff, 0x42, 0x67, 0x1a, 0xff, 0x42, 0x67, 0x1a, 0xff, 0x42, 0x67, 0x1a, 0xff,
0x42, 0x67, 0x1a, 0xff, 0x31, 0x4a, 0x0e, 0xff, 0x22, 0x2c, 0x02, 0xff, 0x22, 0x2c, 0x02, 0xff,
0x22, 0x2c, 0x02, 0xff, 0x22, 0x2c, 0x02, 0xff, 0x22, 0x2c, 0x02, 0xff, 0x22, 0x2c, 0x02, 0xff,
0x22, 0x2c, 0x02, 0xff, 0x22, 0x2c, 0x02, 0xff, 0x3c, 0x70, 0x10, 0xff, 0x5e, 0xc5, 0x22, 0xff,
0x5d, 0xc6, 0x22, 0x70, 0x00, 0x00, 0x00, 0x00, 0x00, 0x00, 0x00, 0x00, 0x00, 0x00, 0x00, 0x00,
0x00, 0x00, 0x00, 0x00, 0x00, 0x00, 0x00, 0x00, 0x00, 0x00, 0x00, 0x00, 0x5d, 0xc6, 0x22, 0x70,
0x5e, 0xc5, 0x22, 0xff, 0x3c, 0x70, 0x10, 0xff, 0x22, 0x2c, 0x02, 0xff, 0x22, 0x2c, 0x02, 0xff,
0x22, 0x2c, 0x02, 0xff, 0x22, 0x2c, 0x02, 0xff, 0x22, 0x2c, 0x02, 0xff, 0x22, 0x2c, 0x02, 0xff,
0x22, 0x2c, 0x02, 0xff, 0x22, 0x2c, 0x02, 0xff, 0x22, 0x2c, 0x02, 0xff, 0x22, 0x2c, 0x02, 0xff,
0x22, 0x2c, 0x02, 0xff, 0x22, 0x2c, 0x02, 0xff, 0x22, 0x2c, 0x02, 0xff, 0x22, 0x2c, 0x02, 0xff,
0x22, 0x2c, 0x02, 0xff, 0x22, 0x2c, 0x02, 0xff, 0x22, 0x2c, 0x02, 0xff, 0x22, 0x2c, 0x02, 0xff,
0x22, 0x2c, 0x02, 0xff, 0x22, 0x2c, 0x02, 0xff, 0x22, 0x2c, 0x02, 0xff, 0x22, 0x2c, 0x02, 0xff,
0x22, 0x2c, 0x02, 0xff, 0x22, 0x2c, 0x02, 0xff, 0x22, 0x2c, 0x02, 0xff, 0x22, 0x2c, 0x02, 0xff,
0x22, 0x2c, 0x02, 0xff, 0x22, 0x2c, 0x02, 0xff, 0x22, 0x2c, 0x02, 0xff, 0x22, 0x2c, 0x02, 0xff,
0x22, 0x2c, 0x02, 0xff, 0x22, 0x2c, 0x02, 0xff, 0x22, 0x2c, 0x02, 0xff, 0x22, 0x2c, 0x02, 0xff,
0x22, 0x2c, 0x02, 0xff, 0x22, 0x2c, 0x02, 0xff, 0x3c, 0x70, 0x10, 0xff, 0x5e, 0xc5, 0x22, 0xff,
0x5d, 0xc6, 0x22, 0x70, 0x00, 0x00, 0x00, 0x00, 0x00, 0x00, 0x00, 0x00, 0x00, 0x00, 0x00, 0x00,
0x00, 0x00, 0x00, 0x00, 0x00, 0x00, 0x00, 0x00, 0x00, 0x00, 0x00, 0x00, 0x5d, 0xc6, 0x22, 0x70,
0x5e, 0xc5, 0x22, 0xff, 0x3c, 0x70, 0x10, 0xff, 0x22, 0x2c, 0x02, 0xff, 0x22, 0x2c, 0x02, 0xff,
0x22, 0x2c, 0x02, 0xff, 0x22, 0x2c, 0x02, 0xff, 0x22, 0x2c, 0x02, 0xff, 0x22, 0x2c, 0x02, 0xff,
0x22, 0x2c, 0x02, 0xff, 0x22, 0x2c, 0x02, 0xff, 0x22, 0x2c, 0x02, 0xff, 0x22, 0x2c, 0x02, 0xff,
0x22, 0x2c, 0x02, 0xff, 0x22, 0x2c, 0x02, 0xff, 0x22, 0x2c, 0x02, 0xff, 0x22, 0x2c, 0x02, 0xff,
0x22, 0x2c, 0x02, 0xff, 0x22, 0x2c, 0x02, 0xff, 0x22, 0x2c, 0x02, 0xff, 0x22, 0x2c, 0x02, 0xff,
0x22, 0x2c, 0x02, 0xff, 0x22, 0x2c, 0x02, 0xff, 0x22, 0x2c, 0x02, 0xff, 0x22, 0x2c, 0x02, 0xff,
0x22, 0x2c, 0x02, 0xff, 0x22, 0x2c, 0x02, 0xff, 0x22, 0x2c, 0x02, 0xff, 0x22, 0x2c, 0x02, 0xff,
0x22, 0x2c, 0x02, 0xff, 0x22, 0x2c, 0x02, 0xff, 0x22, 0x2c, 0x02, 0xff, 0x22, 0x2c, 0x02, 0xff,
0x22, 0x2c, 0x02, 0xff, 0x22, 0x2c, 0x02, 0xff, 0x22, 0x2c, 0x02, 0xff, 0x22, 0x2c, 0x02, 0xff,
0x22, 0x2c, 0x02, 0xff, 0x22, 0x2c, 0x02, 0xff, 0x3c, 0x70, 0x10, 0xff, 0x5e, 0xc5, 0x22, 0xff,
0x5d, 0xc6, 0x22, 0x70, 0x00, 0x00, 0x00, 0x00, 0x00, 0x00, 0x00, 0x00, 0x00, 0x00, 0x00, 0x00,
0x00, 0x00, 0x00, 0x00, 0x00, 0x00, 0x00, 0x00, 0x00, 0x00, 0x00, 0x00, 0x5e, 0xc4, 0x21, 0x6c,
0x5e, 0xc5, 0x22, 0xff, 0x3d, 0x71, 0x10, 0xff, 0x22, 0x2c, 0x02, 0xff, 0x22, 0x2c, 0x02, 0xff,
0x22, 0x2c, 0x02, 0xff, 0x22, 0x2c, 0x02, 0xff, 0x22, 0x2c, 0x02, 0xff, 0x22, 0x2c, 0x02, 0xff,
0x22, 0x2c, 0x02, 0xff, 0x22, 0x2c, 0x02, 0xff, 0x22, 0x2c, 0x02, 0xff, 0x22, 0x2c, 0x02, 0xff,
0x22, 0x2c, 0x02, 0xff, 0x22, 0x2c, 0x02, 0xff, 0x22, 0x2c, 0x02, 0xff, 0x22, 0x2c, 0x02, 0xff,
0x22, 0x2c, 0x02, 0xff, 0x22, 0x2c, 0x02, 0xff, 0x22, 0x2c, 0x02, 0xff, 0x22, 0x2c, 0x02, 0xff,
0x22, 0x2c, 0x02, 0xff, 0x22, 0x2c, 0x02, 0xff, 0x22, 0x2c, 0x02, 0xff, 0x22, 0x2c, 0x02, 0xff,
0x22, 0x2c, 0x02, 0xff, 0x22, 0x2c, 0x02, 0xff, 0x22, 0x2c, 0x02, 0xff, 0x22, 0x2c, 0x02, 0xff,
0x22, 0x2c, 0x02, 0xff, 0x22, 0x2c, 0x02, 0xff, 0x22, 0x2c, 0x02, 0xff, 0x22, 0x2c, 0x02, 0xff,
0x22, 0x2c, 0x02, 0xff, 0x22, 0x2c, 0x02, 0xff, 0x22, 0x2c, 0x02, 0xff, 0x22, 0x2c, 0x02, 0xff,
0x22, 0x2c, 0x02, 0xff, 0x22, 0x2c, 0x02, 0xff, 0x3d, 0x71, 0x10, 0xff, 0x5e, 0xc5, 0x22, 0xff,
0x5e, 0xc4, 0x21, 0x6c, 0x00, 0x00, 0x00, 0x00, 0x00, 0x00, 0x00, 0x00, 0x00, 0x00, 0x00, 0x00,
0x00, 0x00, 0x00, 0x00, 0x00, 0x00, 0x00, 0x00, 0x00, 0x00, 0x00, 0x00, 0x5e, 0xc6, 0x23, 0x51,
0x5e, 0xc5, 0x22, 0xff, 0x46, 0x88, 0x16, 0xff, 0x22, 0x2c, 0x02, 0xff, 0x22, 0x2c, 0x02, 0xff,
0x22, 0x2c, 0x02, 0xff, 0x22, 0x2c, 0x02, 0xff, 0x22, 0x2c, 0x02, 0xff, 0x22, 0x2c, 0x02, 0xff,
0x22, 0x2c, 0x02, 0xff, 0x22, 0x2c, 0x02, 0xff, 0x22, 0x2c, 0x02, 0xff, 0x22, 0x2c, 0x02, 0xff,
0x22, 0x2c, 0x02, 0xff, 0x22, 0x2c, 0x02, 0xff, 0x22, 0x2c, 0x02, 0xff, 0x22, 0x2c, 0x02, 0xff,
0x22, 0x2c, 0x02, 0xff, 0x22, 0x2c, 0x02, 0xff, 0x22, 0x2c, 0x02, 0xff, 0x22, 0x2c, 0x02, 0xff,
0x22, 0x2c, 0x02, 0xff, 0x22, 0x2c, 0x02, 0xff, 0x22, 0x2c, 0x02, 0xff, 0x22, 0x2c, 0x02, 0xff,
0x22, 0x2c, 0x02, 0xff, 0x22, 0x2c, 0x02, 0xff, 0x22, 0x2c, 0x02, 0xff, 0x22, 0x2c, 0x02, 0xff,
0x22, 0x2c, 0x02, 0xff, 0x22, 0x2c, 0x02, 0xff, 0x22, 0x2c, 0x02, 0xff, 0x22, 0x2c, 0x02, 0xff,
0x22, 0x2c, 0x02, 0xff, 0x22, 0x2c, 0x02, 0xff, 0x22, 0x2c, 0x02, 0xff, 0x22, 0x2c, 0x02, 0xff,
0x22, 0x2c, 0x02, 0xff, 0x22, 0x2c, 0x02, 0xff, 0x44, 0x82, 0x14, 0xff, 0x5e, 0xc5, 0x22, 0xff,
0x5d, 0xc6, 0x21, 0x55, 0x00, 0x00, 0x00, 0x00, 0x00, 0x00, 0x00, 0x00, 0x00, 0x00, 0x00, 0x00,
0x00, 0x00, 0x00, 0x00, 0x00, 0x00, 0x00, 0x00, 0x00, 0x00, 0x00, 0x00, 0x60, 0xbf, 0x20, 0x10,
0x5e, 0xc5, 0x22, 0xf9, 0x5a, 0xbc, 0x20, 0xfe, 0x26, 0x36, 0x04, 0xff, 0x22, 0x2c, 0x02, 0xff,
0x22, 0x2c, 0x02, 0xff, 0x22, 0x2c, 0x02, 0xff, 0x22, 0x2c, 0x02, 0xff, 0x22, 0x2c, 0x02, 0xff,
0x22, 0x2c, 0x02, 0xff, 0x22, 0x2c, 0x02, 0xff, 0x22, 0x2c, 0x02, 0xff, 0x22, 0x2c, 0x02, 0xff,
0x22, 0x2c, 0x02, 0xff, 0x22, 0x2c, 0x02, 0xff, 0x22, 0x2c, 0x02, 0xff, 0x22, 0x2c, 0x02, 0xff,
0x22, 0x2c, 0x02, 0xff, 0x22, 0x2c, 0x02, 0xff, 0x22, 0x2c, 0x02, 0xff, 0x22, 0x2c, 0x02, 0xff,
0x22, 0x2c, 0x02, 0xff, 0x22, 0x2c, 0x02, 0xff, 0x22, 0x2c, 0x02, 0xff, 0x22, 0x2c, 0x02, 0xff,
0x22, 0x2c, 0x02, 0xff, 0x22, 0x2c, 0x02, 0xff, 0x22, 0x2c, 0x02, 0xff, 0x22, 0x2c, 0x02, 0xff,
0x22, 0x2c, 0x02, 0xff, 0x22, 0x2c, 0x02, 0xff, 0x22, 0x2c, 0x02, 0xff, 0x22, 0x2c, 0x02, 0xff,
0x22, 0x2c, 0x02, 0xff, 0x22, 0x2c, 0x02, 0xff, 0x22, 0x2c, 0x02, 0xff, 0x22, 0x2c, 0x02, 0xff,
0x22, 0x2c, 0x02, 0xff, 0x22, 0x2e, 0x03, 0xff, 0x56, 0xb1, 0x1d, 0xff, 0x5e, 0xc5, 0x22, 0xfe,
0x5b, 0xc8, 0x24, 0x1c, 0x00, 0x00, 0x00, 0x00, 0x00, 0x00, 0x00, 0x00, 0x00, 0x00, 0x00, 0x00,
0x00, 0x00, 0x00, 0x00, 0x00, 0x00, 0x00, 0x00, 0x00, 0x00, 0x00, 0x00, 0x00, 0x00, 0x00, 0x00,
0x5e, 0xc5, 0x22, 0x95, 0x5e, 0xc5, 0x22, 0xff, 0x49, 0x8f, 0x17, 0xff, 0x22, 0x2d, 0x02, 0xff,
0x22, 0x2c, 0x02, 0xff, 0x22, 0x2c, 0x02, 0xff, 0x22, 0x2c, 0x02, 0xff, 0x22, 0x2c, 0x02, 0xff,
0x22, 0x2c, 0x02, 0xff, 0x22, 0x2c, 0x02, 0xff, 0x22, 0x2c, 0x02, 0xff, 0x22, 0x2c, 0x02, 0xff,
0x22, 0x2c, 0x02, 0xff, 0x22, 0x2c, 0x02, 0xff, 0x22, 0x2c, 0x02, 0xff, 0x22, 0x2c, 0x02, 0xff,
0x22, 0x2c, 0x02, 0xff, 0x22, 0x2c, 0x02, 0xff, 0x22, 0x2c, 0x02, 0xff, 0x22, 0x2c, 0x02, 0xff,
0x22, 0x2c, 0x02, 0xff, 0x22, 0x2c, 0x02, 0xff, 0x22, 0x2c, 0x02, 0xff, 0x22, 0x2c, 0x02, 0xff,
0x22, 0x2c, 0x02, 0xff, 0x22, 0x2c, 0x02, 0xff, 0x22, 0x2c, 0x02, 0xff, 0x22, 0x2c, 0x02, 0xff,
0x22, 0x2c, 0x02, 0xff, 0x22, 0x2c, 0x02, 0xff, 0x22, 0x2c, 0x02, 0xff, 0x22, 0x2c, 0x02, 0xff,
0x22, 0x2c, 0x02, 0xff, 0x22, 0x2c, 0x02, 0xff, 0x22, 0x2c, 0x02, 0xff, 0x22, 0x2c, 0x02, 0xff,
0x22, 0x2c, 0x02, 0xff, 0x3d, 0x72, 0x11, 0xff, 0x5e, 0xc5, 0x22, 0xff, 0x5e, 0xc5, 0x23, 0xb8,
0x00, 0x00, 0x00, 0x00, 0x00, 0x00, 0x00, 0x00, 0x00, 0x00, 0x00, 0x00, 0x00, 0x00, 0x00, 0x00,
0x00, 0x00, 0x00, 0x00, 0x00, 0x00, 0x00, 0x00, 0x00, 0x00, 0x00, 0x00, 0x00, 0x00, 0x00, 0x00,
0x63, 0xc6, 0x1c, 0x12, 0x5e, 0xc6, 0x22, 0xde, 0x5e, 0xc5, 0x22, 0xff, 0x48, 0x8e, 0x17, 0xff,
0x25, 0x35, 0x04, 0xff, 0x22, 0x2c, 0x02, 0xff, 0x22, 0x2c, 0x02, 0xff, 0x22, 0x2c, 0x02, 0xff,
0x22, 0x2c, 0x02, 0xff, 0x22, 0x2c, 0x02, 0xff, 0x22, 0x2c, 0x02, 0xff, 0x22, 0x2c, 0x02, 0xff,
0x22, 0x2c, 0x02, 0xff, 0x22, 0x2c, 0x02, 0xff, 0x22, 0x2c, 0x02, 0xff, 0x22, 0x2c, 0x02, 0xff,
0x22, 0x2c, 0x02, 0xff, 0x22, 0x2c, 0x02, 0xff, 0x22, 0x2c, 0x02, 0xff, 0x22, 0x2c, 0x02, 0xff,
0x22, 0x2c, 0x02, 0xff, 0x22, 0x2c, 0x02, 0xff, 0x22, 0x2c, 0x02, 0xff, 0x22, 0x2c, 0x02, 0xff,
0x22, 0x2c, 0x02, 0xff, 0x22, 0x2c, 0x02, 0xff, 0x22, 0x2c, 0x02, 0xff, 0x22, 0x2c, 0x02, 0xff,
0x22, 0x2c, 0x02, 0xff, 0x22, 0x2c, 0x02, 0xff, 0x22, 0x2c, 0x02, 0xff, 0x22, 0x2c, 0x02, 0xff,
0x22, 0x2c, 0x02, 0xff, 0x22, 0x2c, 0x02, 0xff, 0x22, 0x2c, 0x02, 0xff, 0x22, 0x2e, 0x03, 0xff,
0x3d, 0x72, 0x11, 0xff, 0x5d, 0xc3, 0x22, 0xff, 0x5e, 0xc4, 0x22, 0xf5, 0x5f, 0xc4, 0x24, 0x2b,
0x00, 0x00, 0x00, 0x00, 0x00, 0x00, 0x00, 0x00, 0x00, 0x00, 0x00, 0x00, 0x00, 0x00, 0x00, 0x00,
0x00, 0x00, 0x00, 0x00, 0x00, 0x00, 0x00, 0x00, 0x00, 0x00, 0x00, 0x00, 0x00, 0x00, 0x00, 0x00,
0x00, 0x00, 0x00, 0x00, 0x5c, 0xc4, 0x21, 0x27, 0x5e, 0xc5, 0x22, 0xe0, 0x5e, 0xc5, 0x22, 0xff,
0x59, 0xb9, 0x1f, 0xff, 0x46, 0x87, 0x15, 0xff, 0x3e, 0x73, 0x11, 0xff, 0x3e, 0x73, 0x11, 0xff,
0x3e, 0x73, 0x11, 0xff, 0x3e, 0x73, 0x11, 0xff, 0x3e, 0x73, 0x11, 0xff, 0x3e, 0x73, 0x11, 0xff,
0x3e, 0x73, 0x11, 0xff, 0x3e, 0x73, 0x11, 0xff, 0x3e, 0x73, 0x11, 0xff, 0x3e, 0x73, 0x11, 0xff,
0x3e, 0x73, 0x11, 0xff, 0x3e, 0x73, 0x11, 0xff, 0x3e, 0x73, 0x11, 0xff, 0x3e, 0x73, 0x11, 0xff,
0x3e, 0x73, 0x11, 0xff, 0x3e, 0x73, 0x11, 0xff, 0x3e, 0x73, 0x11, 0xff, 0x3e, 0x73, 0x11, 0xff,
0x3e, 0x73, 0x11, 0xff, 0x3e, 0x73, 0x11, 0xff, 0x3e, 0x73, 0x11, 0xff, 0x3e, 0x73, 0x11, 0xff,
0x3e, 0x73, 0x11, 0xff, 0x3e, 0x73, 0x11, 0xff, 0x3e, 0x73, 0x11, 0xff, 0x3e, 0x73, 0x11, 0xff,
0x3e, 0x73, 0x11, 0xff, 0x3e, 0x73, 0x11, 0xff, 0x44, 0x82, 0x14, 0xff, 0x56, 0xb1, 0x1d, 0xff,
0x5e, 0xc5, 0x22, 0xff, 0x5e, 0xc4, 0x22, 0xf5, 0x5e, 0xc6, 0x22, 0x4c, 0x00, 0x00, 0x00, 0x00,
0x00, 0x00, 0x00, 0x00, 0x00, 0x00, 0x00, 0x00, 0x00, 0x00, 0x00, 0x00, 0x00, 0x00, 0x00, 0x00,
0x00, 0x00, 0x00, 0x00, 0x00, 0x00, 0x00, 0x00, 0x00, 0x00, 0x00, 0x00, 0x00, 0x00, 0x00, 0x00,
0x00, 0x00, 0x00, 0x00, 0x00, 0x00, 0x00, 0x00, 0x59, 0xbf, 0x26, 0x14, 0x5e, 0xc5, 0x22, 0x9d,
0x5e, 0xc5, 0x22, 0xf9, 0x5e, 0xc5, 0x22, 0xff, 0x5e, 0xc5, 0x22, 0xff, 0x5e, 0xc5, 0x22, 0xff,
0x5e, 0xc5, 0x22, 0xff, 0x5e, 0xc5, 0x22, 0xff, 0x5e, 0xc5, 0x22, 0xff, 0x5e, 0xc5, 0x22, 0xff,
0x5e, 0xc5, 0x22, 0xff, 0x5e, 0xc5, 0x22, 0xff, 0x5e, 0xc5, 0x22, 0xff, 0x5e, 0xc5, 0x22, 0xff,
0x5e, 0xc5, 0x22, 0xff, 0x5e, 0xc5, 0x22, 0xff, 0x5e, 0xc5, 0x22, 0xff, 0x5e, 0xc5, 0x22, 0xff,
0x5e, 0xc5, 0x22, 0xff, 0x5e, 0xc5, 0x22, 0xff, 0x5e, 0xc5, 0x22, 0xff, 0x5e, 0xc5, 0x22, 0xff,
0x5e, 0xc5, 0x22, 0xff, 0x5e, 0xc5, 0x22, 0xff, 0x5e, 0xc5, 0x22, 0xff, 0x5e, 0xc5, 0x22, 0xff,
0x5e, 0xc5, 0x22, 0xff, 0x5e, 0xc5, 0x22, 0xff, 0x5e, 0xc5, 0x22, 0xff, 0x5e, 0xc5, 0x22, 0xff,
0x5e, 0xc5, 0x22, 0xff, 0x5e, 0xc5, 0x22, 0xff, 0x5e, 0xc5, 0x22, 0xff, 0x5e, 0xc5, 0x22, 0xfe,
0x5e, 0xc5, 0x23, 0xb8, 0x5f, 0xc4, 0x24, 0x2b, 0x00, 0x00, 0x00, 0x00, 0x00, 0x00, 0x00, 0x00,
0x00, 0x00, 0x00, 0x00, 0x00, 0x00, 0x00, 0x00, 0x00, 0x00, 0x00, 0x00, 0x00, 0x00, 0x00, 0x00,
0x00, 0x00, 0x00, 0x00, 0x00, 0x00, 0x00, 0x00, 0x00, 0x00, 0x00, 0x00, 0x00, 0x00, 0x00, 0x00,
0x00, 0x00, 0x00, 0x00, 0x00, 0x00, 0x00, 0x00, 0x00, 0x00, 0x00, 0x00, 0x00, 0x00, 0x00, 0x00,
0x5e, 0xc9, 0x28, 0x13, 0x5e, 0xc5, 0x24, 0x4f, 0x5e, 0xc6, 0x22, 0x6f, 0x5e, 0xc5, 0x22, 0x77,
0x5e, 0xc5, 0x22, 0x77, 0x5e, 0xc5, 0x22, 0x77, 0x5e, 0xc5, 0x22, 0x77, 0x5e, 0xc5, 0x22, 0x77,
0x5e, 0xc5, 0x22, 0x77, 0x5e, 0xc5, 0x22, 0x77, 0x5e, 0xc5, 0x22, 0x77, 0x5e, 0xc5, 0x22, 0x77,
0x5e, 0xc5, 0x22, 0x77, 0x5e, 0xc5, 0x22, 0x77, 0x5e, 0xc5, 0x22, 0x77, 0x5e, 0xc5, 0x22, 0x77,
0x5e, 0xc5, 0x22, 0x77, 0x5e, 0xc5, 0x22, 0x77, 0x5e, 0xc5, 0x22, 0x77, 0x5e, 0xc5, 0x22, 0x77,
0x5e, 0xc5, 0x22, 0x77, 0x5e, 0xc5, 0x22, 0x77, 0x5e, 0xc5, 0x22, 0x77, 0x5e, 0xc5, 0x22, 0x77,
0x5e, 0xc5, 0x22, 0x77, 0x5e, 0xc5, 0x22, 0x77, 0x5e, 0xc5, 0x22, 0x77, 0x5e, 0xc5, 0x22, 0x77,
0x5e, 0xc5, 0x22, 0x77, 0x5e, 0xc6, 0x22, 0x6f, 0x5d, 0xc6, 0x21, 0x55, 0x5b, 0xc8, 0x24, 0x1c,
0x00, 0x00, 0x00, 0x00, 0x00, 0x00, 0x00, 0x00, 0x00, 0x00, 0x00, 0x00, 0x00, 0x00, 0x00, 0x00,
0x00, 0x00, 0x00, 0x00, 0x00, 0x00, 0x00, 0x00, 0x00, 0x00, 0x00, 0x00, 0x00, 0x00, 0x00, 0x00,
0x00, 0x00, 0x00, 0x00, 0x00, 0x00, 0x00, 0x00, 0x00, 0x00, 0x00, 0x00, 0x00, 0x00, 0x00, 0x00,
0x00, 0x00, 0x00, 0x00, 0x00, 0x00, 0x00, 0x00, 0x00, 0x00, 0x00, 0x00, 0x00, 0x00, 0x00, 0x00,
0x00, 0x00, 0x00, 0x00, 0x00, 0x00, 0x00, 0x00, 0x00, 0x00, 0x00, 0x00, 0x00, 0x00, 0x00, 0x00,
0x00, 0x00, 0x00, 0x00, 0x00, 0x00, 0x00, 0x00, 0x00, 0x00, 0x00, 0x00, 0x00, 0x00, 0x00, 0x00,
0x00, 0x00, 0x00, 0x00, 0x00, 0x00, 0x00, 0x00, 0x00, 0x00, 0x00, 0x00, 0x00, 0x00, 0x00, 0x00,
0x00, 0x00, 0x00, 0x00, 0x00, 0x00, 0x00, 0x00, 0x00, 0x00, 0x00, 0x00, 0x00, 0x00, 0x00, 0x00,
0x00, 0x00, 0x00, 0x00, 0x00, 0x00, 0x00, 0x00, 0x00, 0x00, 0x00, 0x00, 0x00, 0x00, 0x00, 0x00,
0x00, 0x00, 0x00, 0x00, 0x00, 0x00, 0x00, 0x00, 0x00, 0x00, 0x00, 0x00, 0x00, 0x00, 0x00, 0x00,
0x00, 0x00, 0x00, 0x00, 0x00, 0x00, 0x00, 0x00, 0x00, 0x00, 0x00, 0x00, 0x00, 0x00, 0x00, 0x00,
0x00, 0x00, 0x00, 0x00, 0x00, 0x00, 0x00, 0x00, 0x00, 0x00, 0x00, 0x00, 0x00, 0x00, 0x00, 0x00,
0x00, 0x00, 0x00, 0x00, 0x00, 0x00, 0x00, 0x00, 0x00, 0x00, 0x00, 0x00, 0x00, 0x00, 0x00, 0x00,
0x00, 0x00, 0x00, 0x00, 0x00, 0x00, 0x00, 0x00, 0x00, 0x00, 0x00, 0x00, 0x00, 0x00, 0x00, 0x00,
0x00, 0x00, 0x00, 0x00, 0x00, 0x00, 0x00, 0x00, 0x00, 0x00, 0x00, 0x00, 0x00, 0x00, 0x00, 0x00,
0x00, 0x00, 0x00, 0x00, 0x00, 0x00, 0x00, 0x00, 0x00, 0x00, 0x00, 0x00, 0x00, 0x00, 0x00, 0x00,
0x00, 0x00, 0x00, 0x00, 0x00, 0x00, 0x00, 0x00, 0x00, 0x00, 0x00, 0x00, 0x00, 0x00, 0x00, 0x00,
0x00, 0x00, 0x00, 0x00, 0x00, 0x00, 0x00, 0x00, 0x00, 0x00, 0x00, 0x00, 0x00, 0x00, 0x00, 0x00,
0x00, 0x00, 0x00, 0x00, 0x00, 0x00, 0x00, 0x00, 0x00, 0x00, 0x00, 0x00, 0x00, 0x00, 0x00, 0x00,
0x00, 0x00, 0x00, 0x00, 0x00, 0x00, 0x00, 0x00, 0x00, 0x00, 0x00, 0x00, 0x00, 0x00, 0x00, 0x00,
0x00, 0x00, 0x00, 0x00, 0x00, 0x00, 0x00, 0x00, 0x00, 0x00, 0x00, 0x00, 0x00, 0x00, 0x00, 0x00,
0x00, 0x00, 0x00, 0x00, 0x00, 0x00, 0x00, 0x00, 0x00, 0x00, 0x00, 0x00, 0x00, 0x00, 0x00, 0x00,
0x00, 0x00, 0x00, 0x00, 0x00, 0x00, 0x00, 0x00, 0x00, 0x00, 0x00, 0x00, 0x00, 0x00, 0x00, 0x00,
0x00, 0x00, 0x00, 0x00, 0x00, 0x00, 0x00, 0x00, 0x00, 0x00, 0x00, 0x00, 0x00, 0x00, 0x00, 0x00,
0x00, 0x00, 0x00, 0x00, 0x00, 0x00, 0x00, 0x00, 0x00, 0x00, 0x00, 0x00, 0x00, 0x00, 0x00, 0x00,
0x00, 0x00, 0x00, 0x00, 0x00, 0x00, 0x00, 0x00, 0x00, 0x00, 0x00, 0x00, 0x00, 0x00, 0x00, 0x00,
0x00, 0x00, 0x00, 0x00, 0x00, 0x00, 0x00, 0x00, 0x00, 0x00, 0x00, 0x00, 0x00, 0x00, 0x00, 0x00,
0x00, 0x00, 0x00, 0x00, 0x00, 0x00, 0x00, 0x00, 0x00, 0x00, 0x00, 0x00, 0x00, 0x00, 0x00, 0x00,
0x00, 0x00, 0x00, 0x00, 0x00, 0x00, 0x00, 0x00, 0x00, 0x00, 0x00, 0x00, 0x00, 0x00, 0x00, 0x00,
0x00, 0x00, 0x00, 0x00, 0x00, 0x00, 0x00, 0x00, 0x00, 0x00, 0x00, 0x00, 0x00, 0x00, 0x00, 0x00,
0x00, 0x00, 0x00, 0x00, 0x00, 0x00, 0x00, 0x00, 0x00, 0x00, 0x00, 0x00, 0x00, 0x00, 0x00, 0x00,
0x00, 0x00, 0x00, 0x00, 0x00, 0x00, 0x00, 0x00, 0x00, 0x00, 0x00, 0x00, 0x00, 0x00, 0x00, 0x00,
0x00, 0x00, 0x00, 0x00, 0x00, 0x00, 0x00, 0x00, 0x00, 0x00, 0x00, 0x00, 0x00, 0x00, 0x00, 0x00,
0x00, 0x00, 0x00, 0x00, 0x00, 0x00, 0x00, 0x00, 0x00, 0x00, 0x00, 0x00, 0x00, 0x00, 0x00, 0x00,
0x00, 0x00, 0x00, 0x00, 0x00, 0x00, 0x00, 0x00, 0x00, 0x00, 0x00, 0x00, 0x00, 0x00, 0x00, 0x00,
0x00, 0x00, 0x00, 0x00, 0x00, 0x00, 0x00, 0x00, 0x00, 0x00, 0x00, 0x00, 0x00, 0x00, 0x00, 0x00,
0x00, 0x00, 0x00, 0x00, 0x00, 0x00, 0x00, 0x00, 0x00, 0x00, 0x00, 0x00, 0x00, 0x00, 0x00, 0x00,
0x00, 0x00, 0x00, 0x00, 0x00, 0x00, 0x00, 0x00, 0x00, 0x00, 0x00, 0x00, 0x00, 0x00, 0x00, 0x00,
0x00, 0x00, 0x00, 0x00, 0x00, 0x00, 0x00, 0x00, 0x00, 0x00, 0x00, 0x00, 0x00, 0x00, 0x00, 0x00,
0x00, 0x00, 0x00, 0x00, 0x00, 0x00, 0x00, 0x00, 0x00, 0x00, 0x00, 0x00, 0x00, 0x00, 0x00, 0x00,
0x00, 0x00, 0x00, 0x00, 0x00, 0x00, 0x00, 0x00, 0x00, 0x00, 0x00, 0x00, 0x00, 0x00, 0x00, 0x00,
0x00, 0x00, 0x00, 0x00, 0x00, 0x00, 0x00, 0x00, 0x00, 0x00, 0x00, 0x00, 0x00, 0x00, 0x00, 0x00,
0x00, 0x00, 0x00, 0x00, 0x00, 0x00, 0x00, 0x00, 0x00, 0x00, 0x00, 0x00, 0x00, 0x00, 0x00, 0x00,
0x00, 0x00, 0x00, 0x00, 0x00, 0x00, 0x00, 0x00, 0x00, 0x00, 0x00, 0x00, 0x00, 0x00, 0x00, 0x00,
0x00, 0x00, 0x00, 0x00, 0x00, 0x00, 0x00, 0x00, 0x00, 0x00, 0x00, 0x00, 0x00, 0x00, 0x00, 0x00,
0x00, 0x00, 0x00, 0x00, 0x00, 0x00, 0x00, 0x00, 0x00, 0x00, 0x00, 0x00, 0x00, 0x00, 0x00, 0x00,
0x00, 0x00, 0x00, 0x00, 0x00, 0x00, 0x00, 0x00, 0x00, 0x00, 0x00, 0x00, 0x00, 0x00, 0x00, 0x00,
0x00, 0x00, 0x00, 0x00, 0x00, 0x00, 0x00, 0x00, 0x00, 0x00, 0x00, 0x00, 0x00, 0x00, 0x00, 0x00,
0x00, 0x00, 0x00, 0x00, 0x00, 0x00, 0x00, 0x00, 0x00, 0x00, 0x00, 0x00, 0x00, 0x00, 0x00, 0x00,
0x00, 0x00, 0x00, 0x00, 0x00, 0x00, 0x00, 0x00, 0x00, 0x00, 0x00, 0x00, 0x00, 0x00, 0x00, 0x00,
0x00, 0x00, 0x00, 0x00, 0x00, 0x00, 0x00, 0x00, 0x00, 0x00, 0x00, 0x00, 0x00, 0x00, 0x00, 0x00,
0x00, 0x00, 0x00, 0x00, 0x00, 0x00, 0x00, 0x00, 0x00, 0x00, 0x00, 0x00, 0x00, 0x00, 0x00, 0x00,
0x00, 0x00, 0x00, 0x00, 0x00, 0x00, 0x00, 0x00, 0x00, 0x00, 0x00, 0x00, 0x00, 0x00, 0x00, 0x00,
0x00, 0x00, 0x00, 0x00, 0x00, 0x00, 0x00, 0x00, 0x00, 0x00, 0x00, 0x00, 0x00, 0x00, 0x00, 0x00,
0x00, 0x00, 0x00, 0x00, 0x00, 0x00, 0x00, 0x00, 0x00, 0x00, 0x00, 0x00, 0x00, 0x00, 0x00, 0x00,
0x00, 0x00, 0x00, 0x00, 0x00, 0x00, 0x00, 0x00, 0x00, 0x00, 0x00, 0x00, 0x00, 0x00, 0x00, 0x00,
0x00, 0x00, 0x00, 0x00, 0x00, 0x00, 0x00, 0x00, 0x00, 0x00, 0x00, 0x00, 0x00, 0x00, 0x00, 0x00,
0x00, 0x00, 0x00, 0x00, 0x00, 0x00, 0x00, 0x00, 0x00, 0x00, 0x00, 0x00, 0x00, 0x00, 0x00, 0x00,
0x00, 0x00, 0x00, 0x00, 0x00, 0x00, 0x00, 0x00, 0x00, 0x00, 0x00, 0x00, 0x00, 0x00, 0x00, 0x00,
0x00, 0x00, 0x00, 0x00, 0x00, 0x00, 0x00, 0x00, 0x00, 0x00, 0x00, 0x00, 0x00, 0x00, 0x00, 0x00,
0x00, 0x00, 0x00, 0x00, 0x00, 0x00, 0x00, 0x00, 0x00, 0x00, 0x00, 0x00, 0x00, 0x00, 0x00, 0x00,
0x00, 0x00, 0x00, 0x00, 0x00, 0x00, 0x00, 0x00, 0x00, 0x00, 0x00, 0x00, 0x00, 0x00, 0x00, 0x00,
0x00, 0x00, 0x00, 0x00, 0x00, 0x00, 0x00, 0x00, 0x00, 0x00, 0x00, 0x00, 0x00, 0x00, 0x00, 0x00,
0x00, 0x00, 0x00, 0x00, 0x00, 0x00, 0x00, 0x00, 0x00, 0x00, 0x00, 0x00, 0x00, 0x00, 0x00, 0x00,
0x00, 0x00, 0x00, 0x00, 0x00, 0x00, 0x00, 0x00, 0x00, 0x00, 0x00, 0x00, 0x00, 0x00, 0x00, 0x00,
0x00, 0x00, 0x00, 0x00, 0x00, 0x00, 0x00, 0x00, 0x00, 0x00, 0x00, 0x00, 0x00, 0x00, 0x00, 0x00,
0x00, 0x00, 0x00, 0x00, 0x00, 0x00, 0x00, 0x00, 0x00, 0x00, 0x00, 0x00, 0x00, 0x00, 0x00, 0x00,
0x00, 0x00, 0x00, 0x00, 0x00, 0x00, 0x00, 0x00, 0x00, 0x00, 0x00, 0x00, 0x00, 0x00, 0x00, 0x00,
0x00, 0x00, 0x00, 0x00, 0x00, 0x00, 0x00, 0x00, 0x00, 0x00, 0x00, 0x00, 0x00, 0x00, 0x00, 0x00,
0x00, 0x00, 0x00, 0x00, 0x00, 0x00, 0x00, 0x00, 0x00, 0x00, 0x00, 0x00, 0x00, 0x00, 0x00, 0x00,
0x00, 0x00, 0x00, 0x00, 0x00, 0x00, 0x00, 0x00, 0x00, 0x00, 0x00, 0x00, 0x00, 0x00, 0x00, 0x00,
0x00, 0x00, 0x00, 0x00, 0x00, 0x00, 0x00, 0x00, 0x00, 0x00, 0x00, 0x00, 0x00, 0x00, 0x00, 0x00,
0x00, 0x00, 0x00, 0x00, 0x00, 0x00, 0x00, 0x00, 0x00, 0x00, 0x00, 0x00, 0x00, 0x00, 0x00, 0x00,
0x00, 0x00, 0x00, 0x00, 0x00, 0x00, 0x00, 0x00, 0x00, 0x00, 0x00, 0x00, 0x00, 0x00, 0x00, 0x00
};

extern const uint8_t app_cartridge_bin[9216] = {
0x00, 0x00, 0x00, 0x00, 0x00, 0x00, 0x00, 0x00, 0x00, 0x00, 0x00, 0x00, 0x00, 0x00, 0x00, 0x00,
0x00, 0x00, 0x00, 0x00, 0x00, 0x00, 0x00, 0x00, 0x00, 0x00, 0x00, 0x00, 0x00, 0x00, 0x00, 0x00,
0x00, 0x00, 0x00, 0x00, 0x00, 0x00, 0x00, 0x00, 0x00, 0x00, 0x00, 0x00, 0x00, 0x00, 0x00, 0x00,
0x00, 0x00, 0x00, 0x00, 0x00, 0x00, 0x00, 0x00, 0x00, 0x00, 0x00, 0x00, 0x00, 0x00, 0x00, 0x00,
0x00, 0x00, 0x00, 0x00, 0x00, 0x00, 0x00, 0x00, 0x00, 0x00, 0x00, 0x00, 0x00, 0x00, 0x00, 0x00,
0x00, 0x00, 0x00, 0x00, 0x00, 0x00, 0x00, 0x00, 0x00, 0x00, 0x00, 0x00, 0x00, 0x00, 0x00, 0x00,
0x00, 0x00, 0x00, 0x00, 0x00, 0x00, 0x00, 0x00, 0x00, 0x00, 0x00, 0x00, 0x00, 0x00, 0x00, 0x00,
0x00, 0x00, 0x00, 0x00, 0x00, 0x00, 0x00, 0x00, 0x00, 0x00, 0x00, 0x00, 0x00, 0x00, 0x00, 0x00,
0x00, 0x00, 0x00, 0x00, 0x00, 0x00, 0x00, 0x00, 0x00, 0x00, 0x00, 0x00, 0x00, 0x00, 0x00, 0x00,
0x00, 0x00, 0x00, 0x00, 0x00, 0x00, 0x00, 0x00, 0x00, 0x00, 0x00, 0x00, 0x00, 0x00, 0x00, 0x00,
0x00, 0x00, 0x00, 0x00, 0x00, 0x00, 0x00, 0x00, 0x00, 0x00, 0x00, 0x00, 0x00, 0x00, 0x00, 0x00,
0x00, 0x00, 0x00, 0x00, 0x00, 0x00, 0x00, 0x00, 0x00, 0x00, 0x00, 0x00, 0x00, 0x00, 0x00, 0x00,
0x00, 0x00, 0x00, 0x00, 0x00, 0x00, 0x00, 0x00, 0x00, 0x00, 0x00, 0x00, 0x00, 0x00, 0x00, 0x00,
0x00, 0x00, 0x00, 0x00, 0x00, 0x00, 0x00, 0x00, 0x00, 0x00, 0x00, 0x00, 0x00, 0x00, 0x00, 0x00,
0x00, 0x00, 0x00, 0x00, 0x00, 0x00, 0x00, 0x00, 0x00, 0x00, 0x00, 0x00, 0x00, 0x00, 0x00, 0x00,
0x00, 0x00, 0x00, 0x00, 0x00, 0x00, 0x00, 0x00, 0x00, 0x00, 0x00, 0x00, 0x00, 0x00, 0x00, 0x00,
0x00, 0x00, 0x00, 0x00, 0x00, 0x00, 0x00, 0x00, 0x00, 0x00, 0x00, 0x00, 0x00, 0x00, 0x00, 0x00,
0x00, 0x00, 0x00, 0x00, 0x00, 0x00, 0x00, 0x00, 0x00, 0x00, 0x00, 0x00, 0x00, 0x00, 0x00, 0x00,
0x00, 0x00, 0x00, 0x00, 0x00, 0x00, 0x00, 0x00, 0x00, 0x00, 0x00, 0x00, 0x00, 0x00, 0x00, 0x00,
0x00, 0x00, 0x00, 0x00, 0x00, 0x00, 0x00, 0x00, 0x00, 0x00, 0x00, 0x00, 0x00, 0x00, 0x00, 0x00,
0x00, 0x00, 0x00, 0x00, 0x00, 0x00, 0x00, 0x00, 0x00, 0x00, 0x00, 0x00, 0x00, 0x00, 0x00, 0x00,
0x00, 0x00, 0x00, 0x00, 0x00, 0x00, 0x00, 0x00, 0x00, 0x00, 0x00, 0x00, 0x00, 0x00, 0x00, 0x00,
0x00, 0x00, 0x00, 0x00, 0x00, 0x00, 0x00, 0x00, 0x00, 0x00, 0x00, 0x00, 0x00, 0x00, 0x00, 0x00,
0x00, 0x00, 0x00, 0x00, 0x00, 0x00, 0x00, 0x00, 0x00, 0x00, 0x00, 0x00, 0x00, 0x00, 0x00, 0x00,
0x00, 0x00, 0x00, 0x00, 0x00, 0x00, 0x00, 0x00, 0x00, 0x00, 0x00, 0x00, 0x00, 0x00, 0x00, 0x00,
0x00, 0x00, 0x00, 0x00, 0x00, 0x00, 0x00, 0x00, 0x00, 0x00, 0x00, 0x00, 0x00, 0x00, 0x00, 0x00,
0x00, 0x00, 0x00, 0x00, 0x00, 0x00, 0x00, 0x00, 0x00, 0x00, 0x00, 0x00, 0x00, 0x00, 0x00, 0x00,
0x00, 0x00, 0x00, 0x00, 0x00, 0x00, 0x00, 0x00, 0x00, 0x00, 0x00, 0x00, 0x00, 0x00, 0x00, 0x00,
0x00, 0x00, 0x00, 0x00, 0x00, 0x00, 0x00, 0x00, 0x00, 0x00, 0x00, 0x00, 0x00, 0x00, 0x00, 0x00,
0x00, 0x00, 0x00, 0x00, 0x00, 0x00, 0x00, 0x00, 0x00, 0x00, 0x00, 0x00, 0x00, 0x00, 0x00, 0x00,
0x00, 0x00, 0x00, 0x00, 0x00, 0x00, 0x00, 0x00, 0x00, 0x00, 0x00, 0x00, 0x00, 0x00, 0x00, 0x00,
0x00, 0x00, 0x00, 0x00, 0x00, 0x00, 0x00, 0x00, 0x00, 0x00, 0x00, 0x00, 0x00, 0x00, 0x00, 0x00,
0x00, 0x00, 0x00, 0x00, 0x00, 0x00, 0x00, 0x00, 0x00, 0x00, 0x00, 0x00, 0x00, 0x00, 0x00, 0x00,
0x00, 0x00, 0x00, 0x00, 0x00, 0x00, 0x00, 0x00, 0x00, 0x00, 0x00, 0x00, 0x00, 0x00, 0x00, 0x00,
0x00, 0x00, 0x00, 0x00, 0x00, 0x00, 0x00, 0x00, 0x00, 0x00, 0x00, 0x00, 0x00, 0x00, 0x00, 0x00,
0x00, 0x00, 0x00, 0x00, 0x00, 0x00, 0x00, 0x00, 0x00, 0x00, 0x00, 0x00, 0x00, 0x00, 0x00, 0x00,
0x00, 0x00, 0x00, 0x00, 0x00, 0x00, 0x00, 0x00, 0x00, 0x00, 0x00, 0x00, 0x00, 0x00, 0x00, 0x00,
0x00, 0x00, 0x00, 0x00, 0x00, 0x00, 0x00, 0x00, 0x00, 0x00, 0x00, 0x00, 0x00, 0x00, 0x00, 0x00,
0x00, 0x00, 0x00, 0x00, 0x00, 0x00, 0x00, 0x00, 0x00, 0x00, 0x00, 0x00, 0x00, 0x00, 0x00, 0x00,
0x00, 0x00, 0x00, 0x00, 0x00, 0x00, 0x00, 0x00, 0x00, 0x00, 0x00, 0x00, 0x00, 0x00, 0x00, 0x00,
0x00, 0x00, 0x00, 0x00, 0x00, 0x00, 0x00, 0x00, 0x00, 0x00, 0x00, 0x00, 0x00, 0x00, 0x00, 0x00,
0x00, 0x00, 0x00, 0x00, 0x00, 0x00, 0x00, 0x00, 0x00, 0x00, 0x00, 0x00, 0x00, 0x00, 0x00, 0x00,
0x00, 0x00, 0x00, 0x00, 0x00, 0x00, 0x00, 0x00, 0x00, 0x00, 0x00, 0x00, 0x00, 0x00, 0x00, 0x00,
0x00, 0x00, 0x00, 0x00, 0x00, 0x00, 0x00, 0x00, 0x00, 0x00, 0x00, 0x00, 0x00, 0x00, 0x00, 0x00,
0x00, 0x00, 0x00, 0x00, 0x00, 0x00, 0x00, 0x00, 0x00, 0x00, 0x00, 0x00, 0x00, 0x00, 0x00, 0x00,
0x00, 0x00, 0x00, 0x00, 0x00, 0x00, 0x00, 0x00, 0x00, 0x00, 0x00, 0x00, 0x00, 0x00, 0x00, 0x00,
0x00, 0x00, 0x00, 0x00, 0x00, 0x00, 0x00, 0x00, 0x00, 0x00, 0x00, 0x00, 0x00, 0x00, 0x00, 0x00,
0x00, 0x00, 0x00, 0x00, 0x00, 0x00, 0x00, 0x00, 0x00, 0x00, 0x00, 0x00, 0x00, 0x00, 0x00, 0x00,
0x00, 0x00, 0x00, 0x00, 0x00, 0x00, 0x00, 0x00, 0x00, 0x00, 0x00, 0x00, 0x00, 0x00, 0x00, 0x00,
0x00, 0x00, 0x00, 0x00, 0x00, 0x00, 0x00, 0x00, 0x00, 0x00, 0x00, 0x00, 0x00, 0x00, 0x00, 0x00,
0x00, 0x00, 0x00, 0x00, 0x00, 0x00, 0x00, 0x00, 0x00, 0x00, 0x00, 0x00, 0x00, 0x00, 0x00, 0x00,
0x00, 0x00, 0x00, 0x00, 0x00, 0x00, 0x00, 0x00, 0x00, 0x00, 0x00, 0x00, 0x00, 0x00, 0x00, 0x00,
0x00, 0x00, 0x00, 0x00, 0x00, 0x00, 0x00, 0x00, 0x00, 0x00, 0x00, 0x00, 0x00, 0x00, 0x00, 0x00,
0x00, 0x00, 0x00, 0x00, 0x00, 0x00, 0x00, 0x00, 0x00, 0x00, 0x00, 0x00, 0x00, 0x00, 0x00, 0x00,
0x00, 0x00, 0x00, 0x00, 0x00, 0x00, 0x00, 0x00, 0x00, 0x00, 0x00, 0x00, 0x00, 0x00, 0x00, 0x00,
0x00, 0x00, 0x00, 0x00, 0x00, 0x00, 0x00, 0x00, 0x00, 0x00, 0x00, 0x00, 0x00, 0x00, 0x00, 0x00,
0x00, 0x00, 0x00, 0x00, 0x00, 0x00, 0x00, 0x00, 0x00, 0x00, 0x00, 0x00, 0x00, 0x00, 0x00, 0x00,
0x00, 0x00, 0x00, 0x00, 0x00, 0x00, 0x00, 0x00, 0x00, 0x00, 0x00, 0x00, 0x00, 0x00, 0x00, 0x00,
0x00, 0x00, 0x00, 0x00, 0x00, 0x00, 0x00, 0x00, 0x00, 0x00, 0x00, 0x00, 0x00, 0x00, 0x00, 0x00,
0x00, 0x00, 0x00, 0x00, 0x00, 0x00, 0x00, 0x00, 0x00, 0x00, 0x00, 0x00, 0x00, 0x00, 0x00, 0x00,
0x00, 0x00, 0x00, 0x00, 0x00, 0x00, 0x00, 0x00, 0x00, 0x00, 0x00, 0x00, 0x00, 0x00, 0x00, 0x00,
0x00, 0x00, 0x00, 0x00, 0x00, 0x00, 0x00, 0x00, 0x00, 0x00, 0x00, 0x00, 0x00, 0x00, 0x00, 0x00,
0x00, 0x00, 0x00, 0x00, 0x00, 0x00, 0x00, 0x00, 0x00, 0x00, 0x00, 0x00, 0x00, 0x00, 0x00, 0x00,
0x00, 0x00, 0x00, 0x00, 0x00, 0x00, 0x00, 0x00, 0x00, 0x00, 0x00, 0x00, 0x00, 0x00, 0x00, 0x00,
0x00, 0x00, 0x00, 0x00, 0x00, 0x00, 0x00, 0x00, 0x00, 0x00, 0x00, 0x00, 0x00, 0x00, 0x00, 0x00,
0x00, 0x00, 0x00, 0x00, 0x00, 0x00, 0x00, 0x00, 0x00, 0x00, 0x00, 0x00, 0x00, 0x00, 0x00, 0x00,
0x00, 0x00, 0x00, 0x00, 0x00, 0x00, 0x00, 0x00, 0x00, 0x00, 0x00, 0x00, 0x00, 0x00, 0x00, 0x00,
0x00, 0x00, 0x00, 0x00, 0x00, 0x00, 0x00, 0x00, 0x00, 0x00, 0x00, 0x00, 0x00, 0x00, 0x00, 0x00,
0x00, 0x00, 0x00, 0x00, 0x00, 0x00, 0x00, 0x00, 0x00, 0x00, 0x00, 0x00, 0x00, 0x00, 0x00, 0x00,
0x00, 0x00, 0x00, 0x00, 0x00, 0x00, 0x00, 0x00, 0x00, 0x00, 0x00, 0x00, 0x00, 0x00, 0x00, 0x00,
0x00, 0x00, 0x00, 0x00, 0x00, 0x00, 0x00, 0x00, 0x00, 0x00, 0x00, 0x00, 0x00, 0x00, 0x00, 0x00,
0x00, 0x00, 0x00, 0x00, 0x00, 0x00, 0x00, 0x00, 0x00, 0x00, 0x00, 0x00, 0x00, 0x00, 0x00, 0x00,
0x00, 0x00, 0x00, 0x00, 0x00, 0x00, 0x00, 0x00, 0x00, 0x00, 0x00, 0x00, 0x00, 0x00, 0x00, 0x00,
0x00, 0x00, 0x00, 0x00, 0x00, 0x00, 0x00, 0x00, 0x00, 0x00, 0x00, 0x00, 0x00, 0x00, 0x00, 0x00,
0x00, 0x00, 0x00, 0x00, 0x00, 0x00, 0x00, 0x00, 0x00, 0x00, 0x00, 0x00, 0xff, 0xa5, 0x5a, 0x11,
0xf9, 0xa4, 0x5e, 0x51, 0xfa, 0xa5, 0x60, 0x6f, 0xfb, 0xa5, 0x60, 0x77, 0xfb, 0xa5, 0x60, 0x77,
0xfb, 0xa5, 0x60, 0x77, 0xfb, 0xa5, 0x60, 0x77, 0xfb, 0xa5, 0x60, 0x77, 0xfb, 0xa5, 0x60, 0x77,
0xfb, 0xa5, 0x60, 0x77, 0xfb, 0xa5, 0x60, 0x77, 0xfb, 0xa5, 0x60, 0x77, 0xfb, 0xa5, 0x60, 0x77,
0xfb, 0xa5, 0x60, 0x77, 0xfb, 0xa5, 0x60, 0x77, 0xfb, 0xa5, 0x60, 0x77, 0xfb, 0xa5, 0x60, 0x77,
0xfb, 0xa5, 0x60, 0x77, 0xfb, 0xa5, 0x60, 0x77, 0xfb, 0xa5, 0x60, 0x77, 0xfb, 0xa5, 0x60, 0x77,
0xfb, 0xa5, 0x60, 0x77, 0xfb, 0xa5, 0x60, 0x77, 0xfa, 0xa5, 0x60, 0x6f, 0xf8, 0xa6, 0x60, 0x4d,
0xff, 0xaa, 0x55, 0x09, 0x00, 0x00, 0x00, 0x00, 0x00, 0x00, 0x00, 0x00, 0x00, 0x00, 0x00, 0x00,
0x00, 0x00, 0x00, 0x00, 0x00, 0x00, 0x00, 0x00, 0x00, 0x00, 0x00, 0x00, 0x00, 0x00, 0x00, 0x00,
0x00, 0x00, 0x00, 0x00, 0x00, 0x00, 0x00, 0x00, 0x00, 0x00, 0x00, 0x00, 0x00, 0x00, 0x00, 0x00,
0x00, 0x00, 0x00, 0x00, 0x00, 0x00, 0x00, 0x00, 0x00, 0x00, 0x00, 0x00, 0x00, 0x00, 0x00, 0x00,
0x00, 0x00, 0x00, 0x00, 0x00, 0x00, 0x00, 0x00, 0x00, 0x00, 0x00, 0x00, 0x00, 0x00, 0x00, 0x00,
0x00, 0x00, 0x00, 0x00, 0xff, 0xaa, 0x55, 0x03, 0xf9, 0xa5, 0x60, 0x82, 0xfa, 0xa4, 0x60, 0xf7,
0xfa, 0xa5, 0x60, 0xff, 0xfa, 0xa5, 0x60, 0xff, 0xfa, 0xa5, 0x60, 0xff, 0xfa, 0xa5, 0x60, 0xff,
0xfa, 0xa5, 0x60, 0xff, 0xfa, 0xa5, 0x60, 0xff, 0xfa, 0xa5, 0x60, 0xff, 0xfa, 0xa5, 0x60, 0xff,
0xfa, 0xa5, 0x60, 0xff, 0xfa, 0xa5, 0x60, 0xff, 0xfa, 0xa5, 0x60, 0xff, 0xfa, 0xa5, 0x60, 0xff,
0xfa, 0xa5, 0x60, 0xff, 0xfa, 0xa5, 0x60, 0xff, 0xfa, 0xa5, 0x60, 0xff, 0xfa, 0xa5, 0x60, 0xff,
0xfa, 0xa5, 0x60, 0xff, 0xfa, 0xa5, 0x60, 0xff, 0xfa, 0xa5, 0x60, 0xff, 0xc6, 0x82, 0x4c, 0xff,
0x92, 0x5e, 0x38, 0xff, 0x92, 0x5e, 0x38, 0xff, 0x92, 0x5e, 0x38, 0xff, 0x92, 0x5e, 0x38, 0xff,
0x8e, 0x5c, 0x37, 0xf7, 0x99, 0x63, 0x3c, 0x89, 0x00, 0x00, 0x00, 0x00, 0x00, 0x00, 0x00, 0x00,
0x00, 0x00, 0x00, 0x00, 0x00, 0x00, 0x00, 0x00, 0x00, 0x00, 0x00, 0x00, 0x00, 0x00, 0x00, 0x00,
0x00, 0x00, 0x00, 0x00, 0x00, 0x00, 0x00, 0x00, 0x00, 0x00, 0x00, 0x00, 0x00, 0x00, 0x00, 0x00,
0x00, 0x00, 0x00, 0x00, 0x00, 0x00, 0x00, 0x00, 0x00, 0x00, 0x00, 0x00, 0x00, 0x00, 0x00, 0x00,
0x00, 0x00, 0x00, 0x00, 0x00, 0x00, 0x00, 0x00, 0x00, 0x00, 0x00, 0x00, 0x00, 0x00, 0x00, 0x00,
0x00, 0x00, 0x00, 0x00, 0xfa, 0xa5, 0x61, 0xa1, 0xfa, 0xa5, 0x60, 0xff, 0xfa, 0xa4, 0x5e, 0xfe,
0xf5, 0x95, 0x51, 0xff, 0xf3, 0x8f, 0x4b, 0xff, 0xf2, 0x8e, 0x4b, 0xff, 0xf1, 0x8e, 0x4a, 0xff,
0xf0, 0x8d, 0x4a, 0xff, 0xef, 0x8c, 0x4a, 0xff, 0xee, 0x8c, 0x4a, 0xff, 0xee, 0x8b, 0x4a, 0xff,
0xec, 0x8a, 0x49, 0xff, 0xeb, 0x8a, 0x49, 0xff, 0xea, 0x89, 0x49, 0xff, 0xe9, 0x89, 0x49, 0xff,
0xe9, 0x88, 0x48, 0xff, 0xe8, 0x87, 0x48, 0xff, 0xe7, 0x87, 0x48, 0xff, 0xe6, 0x86, 0x48, 0xff,
0xe4, 0x86, 0x47, 0xff, 0xe4, 0x84, 0x47, 0xff, 0xe3, 0x84, 0x47, 0xff, 0x86, 0x4d, 0x2b, 0xff,
0x2a, 0x17, 0x0f, 0xff, 0x2a, 0x17, 0x0f, 0xff, 0x2a, 0x17, 0x0f, 0xff, 0x2a, 0x17, 0x0f, 0xff,
0x2a, 0x17, 0x0f, 0xff, 0x92, 0x5e, 0x38, 0xff, 0xfa, 0xa5, 0x60, 0x6f, 0x00, 0x00, 0x00, 0x00,
0x00, 0x00, 0x00, 0x00, 0x00, 0x00, 0x00, 0x00, 0x00, 0x00, 0x00, 0x00, 0x00, 0x00, 0x00, 0x00,
0x00, 0x00, 0x00, 0x00, 0x00, 0x00, 0x00, 0x00, 0x00, 0x00, 0x00, 0x00, 0x00, 0x00, 0x00, 0x00,
0x00, 0x00, 0x00, 0x00, 0x00, 0x00, 0x00, 0x00, 0x00, 0x00, 0x00, 0x00, 0x00, 0x00, 0x00, 0x00,
0x00, 0x00, 0x00, 0x00, 0x00, 0x00, 0x00, 0x00, 0x00, 0x00, 0x00, 0x00, 0x00, 0x00, 0x00, 0x00,
0xf8, 0xa3, 0x5f, 0x4e, 0xfa, 0xa5, 0x60, 0xff, 0xf9, 0xa0, 0x5b, 0xff, 0xef, 0x82, 0x3e, 0xff,
0xed, 0x7c, 0x38, 0xff, 0xeb, 0x7b, 0x38, 0xff, 0xe9, 0x79, 0x38, 0xff, 0xe7, 0x78, 0x37, 0xff,
0xe5, 0x77, 0x37, 0xff, 0xe4, 0x76, 0x36, 0xff, 0xe2, 0x75, 0x36, 0xff, 0xe0, 0x73, 0x35, 0xff,
0xde, 0x72, 0x35, 0xff, 0xdc, 0x71, 0x34, 0xff, 0xdb, 0x70, 0x34, 0xff, 0xd9, 0x6f, 0x33, 0xff,
0xd7, 0x6d, 0x33, 0xff, 0xd5, 0x6c, 0x32, 0xff, 0xd3, 0x6b, 0x32, 0xff, 0xd2, 0x6a, 0x31, 0xff,
0xd0, 0x69, 0x31, 0xff, 0xce, 0x67, 0x30, 0xff, 0xcc, 0x66, 0x30, 0xff, 0x7a, 0x3e, 0x1f, 0xff,
0x2a, 0x17, 0x0f, 0xff, 0x2a, 0x17, 0x0f, 0xff, 0x2a, 0x17, 0x0f, 0xff, 0x2a, 0x17, 0x0f, 0xff,
0x2a, 0x17, 0x0f, 0xff, 0x91, 0x5d, 0x37, 0xfe, 0xfa, 0xa5, 0x60, 0xf8, 0xf9, 0xa6, 0x60, 0x28,
0x00, 0x00, 0x00, 0x00, 0x00, 0x00, 0x00, 0x00, 0x00, 0x00, 0x00, 0x00, 0x00, 0x00, 0x00, 0x00,
0x00, 0x00, 0x00, 0x00, 0x00, 0x00, 0x00, 0x00, 0x00, 0x00, 0x00, 0x00, 0x00, 0x00, 0x00, 0x00,
0x00, 0x00, 0x00, 0x00, 0x00, 0x00, 0x00, 0x00, 0x00, 0x00, 0x00, 0x00, 0x00, 0x00, 0x00, 0x00,
0x00, 0x00, 0x00, 0x00, 0x00, 0x00, 0x00, 0x00, 0x00, 0x00, 0x00, 0x00, 0x00, 0x00, 0x00, 0x00,
0xf9, 0xa5, 0x5f, 0xb3, 0xfa, 0xa5, 0x60, 0xff, 0xf3, 0x89, 0x44, 0xff, 0xed, 0x7c, 0x39, 0xff,
0xeb, 0x7b, 0x38, 0xff, 0xe9, 0x79, 0x38, 0xff, 0xe7, 0x78, 0x37, 0xff, 0xe6, 0x77, 0x37, 0xff,
0xe4, 0x76, 0x36, 0xff, 0xe2, 0x75, 0x36, 0xff, 0xe0, 0x73, 0x35, 0xff, 0xde, 0x72, 0x35, 0xff,
0xdd, 0x71, 0x34, 0xff, 0xdb, 0x70, 0x34, 0xff, 0xd9, 0x6f, 0x33, 0xff, 0xd7, 0x6d, 0x33, 0xff,
0xd5, 0x6c, 0x32, 0xff, 0xd4, 0x6b, 0x32, 0xff, 0xd2, 0x6a, 0x31, 0xff, 0xd0, 0x69, 0x31, 0xff,
0xce, 0x67, 0x30, 0xff, 0xcc, 0x66, 0x30, 0xff, 0xcb, 0x65, 0x2f, 0xff, 0xa2, 0x51, 0x27, 0xff,
0x78, 0x3d, 0x1f, 0xff, 0x77, 0x3c, 0x1f, 0xff, 0x76, 0x3c, 0x1e, 0xff, 0x76, 0x3b, 0x1e, 0xff,
0x75, 0x3b, 0x1e, 0xff, 0xae, 0x63, 0x36, 0xff, 0xfa, 0xa5, 0x60, 0xff, 0xfa, 0xa5, 0x60, 0xa4,
0x00, 0x00, 0x00, 0x00, 0x00, 0x00, 0x00, 0x00, 0x00, 0x00, 0x00, 0x00, 0x00, 0x00, 0x00, 0x00,
0x00, 0x00, 0x00, 0x00, 0x00, 0x00, 0x00, 0x00, 0x00, 0x00, 0x00, 0x00, 0x00, 0x00, 0x00, 0x00,
0x00, 0x00, 0x00, 0x00, 0x00, 0x00, 0x00, 0x00, 0x00, 0x00, 0x00, 0x00, 0x00, 0x00, 0x00, 0x00,
0x00, 0x00, 0x00, 0x00, 0x00, 0x00, 0x00, 0x00, 0x00, 0x00, 0x00, 0x00, 0x00, 0x00, 0x00, 0x00,
0xfa, 0xa5, 0x60, 0xe2, 0xf9, 0xa4, 0x5f, 0xff, 0xed, 0x7d, 0x3a, 0xff, 0xeb, 0x7b, 0x38, 0xff,
0xe9, 0x7a, 0x38, 0xff, 0xe8, 0x78, 0x37, 0xff, 0xe6, 0x77, 0x37, 0xff, 0xe4, 0x76, 0x36, 0xff,
0xe2, 0x75, 0x36, 0xff, 0xe0, 0x74, 0x35, 0xff, 0xdf, 0x72, 0x35, 0xff, 0xdd, 0x71, 0x34, 0xff,
0xdb, 0x70, 0x34, 0xff, 0xd9, 0x6f, 0x33, 0xff, 0xd7, 0x6e, 0x33, 0xff, 0xd6, 0x6c, 0x32, 0xff,
0xd4, 0x6b, 0x32, 0xff, 0xd2, 0x6a, 0x31, 0xff, 0xd0, 0x69, 0x31, 0xff, 0xce, 0x68, 0x30, 0xff,
0xcd, 0x66, 0x30, 0xff, 0xcb, 0x65, 0x2f, 0xff, 0xc9, 0x64, 0x2f, 0xff, 0xc7, 0x63, 0x2e, 0xff,
0xc5, 0x62, 0x2e, 0xff, 0xc4, 0x60, 0x2d, 0xff, 0xc2, 0x5f, 0x2d, 0xff, 0xc0, 0x5e, 0x2d, 0xff,
0xbe, 0x5d, 0x2c, 0xff, 0xbe, 0x5f, 0x2d, 0xff, 0xf9, 0xa3, 0x5f, 0xff, 0xfa, 0xa5, 0x60, 0xdf,
0x00, 0x00, 0x00, 0x00, 0x00, 0x00, 0x00, 0x00, 0x00, 0x00, 0x00, 0x00, 0x00, 0x00, 0x00, 0x00,
0x00, 0x00, 0x00, 0x00, 0x00, 0x00, 0x00, 0x00, 0x00, 0x00, 0x00, 0x00, 0x00, 0x00, 0x00, 0x00,
0x00, 0x00, 0x00, 0x00, 0x00, 0x00, 0x00, 0x00, 0x00, 0x00, 0x00, 0x00, 0x00, 0x00, 0x00, 0x00,
0x00, 0x00, 0x00, 0x00, 0x00, 0x00, 0x00, 0x00, 0x00, 0x00, 0x00, 0x00, 0x00, 0x00, 0x00, 0x00,
0xfa, 0xa5, 0x60, 0xef, 0xf9, 0xa3, 0x5e, 0xff, 0xeb, 0x7b, 0x38, 0xff, 0xea, 0x7a, 0x38, 0xff,
0xe8, 0x79, 0x37, 0xff, 0xe6, 0x77, 0x37, 0xff, 0xe4, 0x76, 0x36, 0xff, 0xe2, 0x75, 0x36, 0xff,
0xe1, 0x74, 0x35, 0xff, 0xdf, 0x73, 0x35, 0xff, 0xdd, 0x71, 0x34, 0xff, 0xdb, 0x70, 0x34, 0xff,
0xd9, 0x6f, 0x33, 0xff, 0xd8, 0x6e, 0x33, 0xff, 0xd6, 0x6d, 0x32, 0xff, 0xd4, 0x6b, 0x32, 0xff,
0xd2, 0x6a, 0x31, 0xff, 0xd0, 0x69, 0x31, 0xff, 0xcf, 0x68, 0x30, 0xff, 0xcd, 0x67, 0x30, 0xff,
0xcb, 0x65, 0x2f, 0xff, 0xc9, 0x64, 0x2f, 0xff, 0xc7, 0x63, 0x2f, 0xff, 0xc6, 0x62, 0x2e, 0xff,
0xc4, 0x61, 0x2e, 0xff, 0xc2, 0x5f, 0x2d, 0xff, 0xc0, 0x5e, 0x2d, 0xff, 0xbe, 0x5d, 0x2c, 0xff,
0xbd, 0x5c, 0x2c, 0xff, 0xbb, 0x5b, 0x2b, 0xff, 0xf6, 0xa1, 0x5d, 0xff, 0xfa, 0xa5, 0x60, 0xef,
0x00, 0x00, 0x00, 0x00, 0x00, 0x00, 0x00, 0x00, 0x00, 0x00, 0x00, 0x00, 0x00, 0x00, 0x00, 0x00,
0x00, 0x00, 0x00, 0x00, 0x00, 0x00, 0x00, 0x00, 0x00, 0x00, 0x00, 0x00, 0x00, 0x00, 0x00, 0x00,
0x00, 0x00, 0x00, 0x00, 0x00, 0x00, 0x00, 0x00, 0x00, 0x00, 0x00, 0x00, 0x00, 0x00, 0x00, 0x00,
0x00, 0x00, 0x00, 0x00, 0x00, 0x00, 0x00, 0x00, 0x00, 0x00, 0x00, 0x00, 0x00, 0x00, 0x00, 0x00,
0xfa, 0xa5, 0x60, 0xef, 0xf9, 0xa3, 0x5e, 0xff, 0xea, 0x7a, 0x38, 0xff, 0xe8, 0x79, 0x37, 0xff,
0xe6, 0x78, 0x37, 0xff, 0xe5, 0x76, 0x36, 0xff, 0xe3, 0x75, 0x36, 0xff, 0xe1, 0x74, 0x35, 0xff,
0xdf, 0x73, 0x35, 0xff, 0xdd, 0x72, 0x34, 0xff, 0xdc, 0x70, 0x34, 0xff, 0xda, 0x6f, 0x33, 0xff,
0xd8, 0x6e, 0x33, 0xff, 0xd6, 0x6d, 0x32, 0xff, 0xd4, 0x6c, 0x32, 0xff, 0xd3, 0x6a, 0x31, 0xff,
0xd1, 0x69, 0x31, 0xff, 0xcf, 0x68, 0x31, 0xff, 0xcd, 0x67, 0x30, 0xff, 0xcb, 0x66, 0x30, 0xff,
0xca, 0x64, 0x2f, 0xff, 0xc8, 0x63, 0x2f, 0xff, 0xc6, 0x62, 0x2e, 0xff, 0xc4, 0x61, 0x2e, 0xff,
0xc2, 0x60, 0x2d, 0xff, 0xc1, 0x5e, 0x2d, 0xff, 0xbf, 0x5d, 0x2c, 0xff, 0xbd, 0x5c, 0x2c, 0xff,
0xbb, 0x5b, 0x2b, 0xff, 0xb9, 0x5a, 0x2b, 0xff, 0xf6, 0xa1, 0x5d, 0xff, 0xfa, 0xa5, 0x60, 0xef,
0x00, 0x00, 0x00, 0x00, 0x00, 0x00, 0x00, 0x00, 0x00, 0x00, 0x00, 0x00, 0x00, 0x00, 0x00, 0x00,
0x00, 0x00, 0x00, 0x00, 0x00, 0x00, 0x00, 0x00, 0x00, 0x00, 0x00, 0x00, 0x00, 0x00, 0x00, 0x00,
0x00, 0x00, 0x00, 0x00, 0x00, 0x00, 0x00, 0x00, 0x00, 0x00, 0x00, 0x00, 0x00, 0x00, 0x00, 0x00,
0x00, 0x00, 0x00, 0x00, 0x00, 0x00, 0x00, 0x00, 0x00, 0x00, 0x00, 0x00, 0x00, 0x00, 0x00, 0x00,
0xfa, 0xa5, 0x60, 0xef, 0xf9, 0xa3, 0x5e, 0xff, 0xe8, 0x79, 0x37, 0xff, 0xe7, 0x78, 0x37, 0xff,
0xe5, 0x77, 0x36, 0xff, 0xe3, 0x75, 0x36, 0xff, 0xe8, 0x86, 0x49, 0xff, 0xee, 0x9c, 0x64, 0xff,
0xef, 0x9e, 0x66, 0xff, 0xee, 0x9d, 0x66, 0xff, 0xed, 0x9d, 0x66, 0xff, 0xec, 0x9c, 0x66, 0xff,
0xeb, 0x9c, 0x66, 0xff, 0xea, 0x9b, 0x65, 0xff, 0xe9, 0x9a, 0x65, 0xff, 0xe9, 0x9a, 0x65, 0xff,
0xe8, 0x9a, 0x65, 0xff, 0xe7, 0x99, 0x64, 0xff, 0xe6, 0x99, 0x64, 0xff, 0xe5, 0x98, 0x64, 0xff,
0xe4, 0x97, 0x64, 0xff, 0xe3, 0x97, 0x63, 0xff, 0xe2, 0x96, 0x63, 0xff, 0xe2, 0x96, 0x63, 0xff,
0xde, 0x90, 0x5e, 0xff, 0xcb, 0x70, 0x40, 0xff, 0xbd, 0x5c, 0x2c, 0xff, 0xbb, 0x5b, 0x2b, 0xff,
0xba, 0x5a, 0x2b, 0xff, 0xb8, 0x58, 0x2a, 0xff, 0xf5, 0xa0, 0x5d, 0xff, 0xfa, 0xa5, 0x60, 0xef,
0x00, 0x00, 0x00, 0x00, 0x00, 0x00, 0x00, 0x00, 0x00, 0x00, 0x00, 0x00, 0x00, 0x00, 0x00, 0x00,
0x00, 0x00, 0x00, 0x00, 0x00, 0x00, 0x00, 0x00, 0x00, 0x00, 0x00, 0x00, 0x00, 0x00, 0x00, 0x00,
0x00, 0x00, 0x00, 0x00, 0x00, 0x00, 0x00, 0x00, 0x00, 0x00, 0x00, 0x00, 0x00, 0x00, 0x00, 0x00,
0x00, 0x00, 0x00, 0x00, 0x00, 0x00, 0x00, 0x00, 0x00, 0x00, 0x00, 0x00, 0x00, 0x00, 0x00, 0x00,
0xfa, 0xa5, 0x60, 0xef, 0xf9, 0xa3, 0x5d, 0xff, 0xe7, 0x78, 0x37, 0xff, 0xe5, 0x77, 0x36, 0xff,
0xe3, 0x75, 0x36, 0xff, 0xeb, 0x93, 0x59, 0xff, 0xf7, 0xbf, 0x8e, 0xff, 0xb6, 0x8a, 0x67, 0xff,
0xa3, 0x7c, 0x5c, 0xff, 0xa3, 0x7c, 0x5c, 0xff, 0xa3, 0x7c, 0x5c, 0xff, 0xa3, 0x7c, 0x5c, 0xff,
0xa3, 0x7c, 0x5c, 0xff, 0xa3, 0x7c, 0x5c, 0xff, 0xa3, 0x7c, 0x5c, 0xff, 0xa3, 0x7c, 0x5c, 0xff,
0xa3, 0x7c, 0x5c, 0xff, 0xa3, 0x7c, 0x5c, 0xff, 0xa3, 0x7c, 0x5c, 0xff, 0xa3, 0x7c, 0x5c, 0xff,
0xa3, 0x7c, 0x5c, 0xff, 0xa3, 0x7c, 0x5c, 0xff, 0xa3, 0x7c, 0x5c, 0xff, 0xa3, 0x7c, 0x5c, 0xff,
0xb8, 0x8c, 0x68, 0xff, 0xf7, 0xbf, 0x8f, 0xff, 0xd0, 0x7d, 0x4c, 0xff, 0xba, 0x5a, 0x2b, 0xff,
0xb8, 0x59, 0x2a, 0xff, 0xb6, 0x57, 0x2a, 0xff, 0xf5, 0xa0, 0x5d, 0xff, 0xfa, 0xa5, 0x60, 0xef,
0x00, 0x00, 0x00, 0x00, 0x00, 0x00, 0x00, 0x00, 0x00, 0x00, 0x00, 0x00, 0x00, 0x00, 0x00, 0x00,
0x00, 0x00, 0x00, 0x00, 0x00, 0x00, 0x00, 0x00, 0x00, 0x00, 0x00, 0x00, 0x00, 0x00, 0x00, 0x00,
0x00, 0x00, 0x00, 0x00, 0x00, 0x00, 0x00, 0x00, 0x00, 0x00, 0x00, 0x00, 0x00, 0x00, 0x00, 0x00,
0x00, 0x00, 0x00, 0x00, 0x00, 0x00, 0x00, 0x00, 0x00, 0x00, 0x00, 0x00, 0x00, 0x00, 0x00, 0x00,
0xfa, 0xa5, 0x60, 0xef, 0xf8, 0xa3, 0x5d, 0xff, 0xe5, 0x77, 0x36, 0xff, 0xe3, 0x76, 0x36, 0xff,
0xe2, 0x74, 0x36, 0xff, 0xf5, 0xbb, 0x89, 0xff, 0x74, 0x58, 0x41, 0xff, 0x3b, 0x29, 0x1e, 0xff,
0x3b, 0x29, 0x1e, 0xff, 0x3b, 0x29, 0x1e, 0xff, 0x3b, 0x29, 0x1e, 0xff, 0x3b, 0x29, 0x1e, 0xff,
0x3b, 0x29, 0x1e, 0xff, 0x3b, 0x29, 0x1e, 0xff, 0x3b, 0x29, 0x1e, 0xff, 0x3b, 0x29, 0x1e, 0xff,
0x3b, 0x29, 0x1e, 0xff, 0x3b, 0x29, 0x1e, 0xff, 0x3b, 0x29, 0x1e, 0xff, 0x3b, 0x29, 0x1e, 0xff,
0x3b, 0x29, 0x1e, 0xff, 0x3b, 0x29, 0x1e, 0xff, 0x3b, 0x29, 0x1e, 0xff, 0x3b, 0x29, 0x1e, 0xff,
0x3b, 0x29, 0x1e, 0xff, 0x7f, 0x61, 0x47, 0xff, 0xf1, 0xb7, 0x87, 0xff, 0xb8, 0x59, 0x2a, 0xff,
0xb6, 0x58, 0x2a, 0xff, 0xb5, 0x56, 0x29, 0xff, 0xf5, 0xa0, 0x5d, 0xff, 0xfa, 0xa5, 0x60, 0xef,
0x00, 0x00, 0x00, 0x00, 0x00, 0x00, 0x00, 0x00, 0x00, 0x00, 0x00, 0x00, 0x00, 0x00, 0x00, 0x00,
0x00, 0x00, 0x00, 0x00, 0x00, 0x00, 0x00, 0x00, 0x00, 0x00, 0x00, 0x00, 0x00, 0x00, 0x00, 0x00,
0x00, 0x00, 0x00, 0x00, 0x00, 0x00, 0x00, 0x00, 0x00, 0x00, 0x00, 0x00, 0x00, 0x00, 0x00, 0x00,
0x00, 0x00, 0x00, 0x00, 0x00, 0x00, 0x00, 0x00, 0x00, 0x00, 0x00, 0x00, 0x00, 0x00, 0x00, 0x00,
0xfa, 0xa5, 0x60, 0xef, 0xf8, 0xa2, 0x5d, 0xff, 0xe4, 0x76, 0x36, 0xff, 0xe2, 0x75, 0x36, 0xff,
0xe2, 0x78, 0x3a, 0xff, 0xfd, 0xc5, 0x93, 0xff, 0x49, 0x34, 0x26, 0xff, 0x3b, 0x29, 0x1e, 0xff,
0x3b, 0x29, 0x1e, 0xff, 0x3b, 0x29, 0x1e, 0xff, 0x3b, 0x29, 0x1e, 0xff, 0x3b, 0x29, 0x1e, 0xff,
0x3b, 0x29, 0x1e, 0xff, 0x3b, 0x29, 0x1e, 0xff, 0x3b, 0x29, 0x1e, 0xff, 0x3b, 0x29, 0x1e, 0xff,
0x3b, 0x29, 0x1e, 0xff, 0x3b, 0x29, 0x1e, 0xff, 0x3b, 0x29, 0x1e, 0xff, 0x3b, 0x29, 0x1e, 0xff,
0x3b, 0x29, 0x1e, 0xff, 0x3b, 0x29, 0x1e, 0xff, 0x3b, 0x29, 0x1e, 0xff, 0x3b, 0x29, 0x1e, 0xff,
0x3b, 0x29, 0x1e, 0xff, 0x49, 0x34, 0x26, 0xff, 0xfd, 0xc5, 0x93, 0xff, 0xbb, 0x5e, 0x30, 0xff,
0xb5, 0x57, 0x2a, 0xff, 0xb3, 0x55, 0x29, 0xff, 0xf5, 0xa0, 0x5d, 0xff, 0xfa, 0xa5, 0x60, 0xef,
0x00, 0x00, 0x00, 0x00, 0x00, 0x00, 0x00, 0x00, 0x00, 0x00, 0x00, 0x00, 0x00, 0x00, 0x00, 0x00,
0x00, 0x00, 0x00, 0x00, 0x00, 0x00, 0x00, 0x00, 0x00, 0x00, 0x00, 0x00, 0x00, 0x00, 0x00, 0x00,
0x00, 0x00, 0x00, 0x00, 0x00, 0x00, 0x00, 0x00, 0x00, 0x00, 0x00, 0x00, 0x00, 0x00, 0x00, 0x00,
0x00, 0x00, 0x00, 0x00, 0x00, 0x00, 0x00, 0x00, 0x00, 0x00, 0x00, 0x00, 0x00, 0x00, 0x00, 0x00,
0xfa, 0xa5, 0x60, 0xef, 0xf8, 0xa2, 0x5d, 0xff, 0xe2, 0x75, 0x36, 0xff, 0xe0, 0x74, 0x35, 0xff,
0xe0, 0x77, 0x3b, 0xff, 0xfd, 0xc5, 0x93, 0xff, 0x47, 0x32, 0x25, 0xff, 0x3b, 0x29, 0x1e, 0xff,
0x3b, 0x29, 0x1e, 0xff, 0x3b, 0x29, 0x1e, 0xff, 0x3b, 0x29, 0x1e, 0xff, 0x3b, 0x29, 0x1e, 0xff,
0x3b, 0x29, 0x1e, 0xff, 0x3b, 0x29, 0x1e, 0xff, 0x3b, 0x29, 0x1e, 0xff, 0x3b, 0x29, 0x1e, 0xff,
0x3b, 0x29, 0x1e, 0xff, 0x3b, 0x29, 0x1e, 0xff, 0x3b, 0x29, 0x1e, 0xff, 0x3b, 0x29, 0x1e, 0xff,
0x3b, 0x29, 0x1e, 0xff, 0x3b, 0x29, 0x1e, 0xff, 0x3b, 0x29, 0x1e, 0xff, 0x3b, 0x29, 0x1e, 0xff,
0x3b, 0x29, 0x1e, 0xff, 0x47, 0x32, 0x25, 0xff, 0xfd, 0xc5, 0x93, 0xff, 0xba, 0x5e, 0x30, 0xff,
0xb3, 0x56, 0x29, 0xff, 0xb1, 0x54, 0x29, 0xff, 0xf5, 0xa0, 0x5d, 0xff, 0xfa, 0xa5, 0x60, 0xef,
0x00, 0x00, 0x00, 0x00, 0x00, 0x00, 0x00, 0x00, 0x00, 0x00, 0x00, 0x00, 0x00, 0x00, 0x00, 0x00,
0x00, 0x00, 0x00, 0x00, 0x00, 0x00, 0x00, 0x00, 0x00, 0x00, 0x00, 0x00, 0x00, 0x00, 0x00, 0x00,
0x00, 0x00, 0x00, 0x00, 0x00, 0x00, 0x00, 0x00, 0x00, 0x00, 0x00, 0x00, 0x00, 0x00, 0x00, 0x00,
0x00, 0x00, 0x00, 0x00, 0x00, 0x00, 0x00, 0x00, 0x00, 0x00, 0x00, 0x00, 0x00, 0x00, 0x00, 0x00,
0xfa, 0xa5, 0x60, 0xef, 0xf8, 0xa2, 0x5d, 0xff, 0xe1, 0x74, 0x35, 0xff, 0xdf, 0x72, 0x35, 0xff,
0xdf, 0x76, 0x3a, 0xff, 0xfd, 0xc5, 0x93, 0xff, 0x47, 0x32, 0x25, 0xff, 0x3b, 0x29, 0x1e, 0xff,
0x3b, 0x29, 0x1e, 0xff, 0x3b, 0x29, 0x1e, 0xff, 0x3b, 0x29, 0x1e, 0xff, 0x34, 0x47, 0x47, 0xff,
0x38, 0x33, 0x2c, 0xff, 0x3b, 0x29, 0x1e, 0xff, 0x3b, 0x29, 0x1e, 0xff, 0x3b, 0x29, 0x1e, 0xff,
0x3b, 0x29, 0x1e, 0xff, 0x3b, 0x29, 0x1e, 0xff, 0x3b, 0x29, 0x1e, 0xff, 0x3b, 0x29, 0x1e, 0xff,
0x3b, 0x29, 0x1e, 0xff, 0x3b, 0x29, 0x1e, 0xff, 0x3b, 0x29, 0x1e, 0xff, 0x3b, 0x29, 0x1e, 0xff,
0x3b, 0x29, 0x1e, 0xff, 0x47, 0x32, 0x25, 0xff, 0xfd, 0xc5, 0x93, 0xff, 0xb9, 0x5d, 0x2f, 0xff,
0xb2, 0x54, 0x29, 0xff, 0xb0, 0x53, 0x28, 0xff, 0xf5, 0xa0, 0x5d, 0xff, 0xfa, 0xa5, 0x60, 0xef,
0x00, 0x00, 0x00, 0x00, 0x00, 0x00, 0x00, 0x00, 0x00, 0x00, 0x00, 0x00, 0x00, 0x00, 0x00, 0x00,
0x00, 0x00, 0x00, 0x00, 0x00, 0x00, 0x00, 0x00, 0x00, 0x00, 0x00, 0x00, 0x00, 0x00, 0x00, 0x00,
0x00, 0x00, 0x00, 0x00, 0x00, 0x00, 0x00, 0x00, 0x00, 0x00, 0x00, 0x00, 0x00, 0x00, 0x00, 0x00,
0x00, 0x00, 0x00, 0x00, 0x00, 0x00, 0x00, 0x00, 0x00, 0x00, 0x00, 0x00, 0x00, 0x00, 0x00, 0x00,
0xfa, 0xa5, 0x60, 0xef, 0xf8, 0xa2, 0x5d, 0xff, 0xdf, 0x73, 0x35, 0xff, 0xdd, 0x71, 0x34, 0xff,
0xdd, 0x75, 0x3a, 0xff, 0xfd, 0xc5, 0x93, 0xff, 0x47, 0x32, 0x25, 0xff, 0x3b, 0x29, 0x1e, 0xff,
0x3b, 0x29, 0x1e, 0xff, 0x3b, 0x29, 0x1e, 0xff, 0x3b, 0x29, 0x1e, 0xff, 0x28, 0x7a, 0x8c, 0xff,
0x17, 0xc4, 0xef, 0xff, 0x27, 0x80, 0x93, 0xff, 0x38, 0x34, 0x2d, 0xff, 0x3b, 0x29, 0x1e, 0xff,
0x3b, 0x29, 0x1e, 0xff, 0x3b, 0x29, 0x1e, 0xff, 0x3b, 0x29, 0x1e, 0xff, 0x3b, 0x29, 0x1e, 0xff,
0x3b, 0x29, 0x1e, 0xff, 0x3b, 0x29, 0x1e, 0xff, 0x3b, 0x29, 0x1e, 0xff, 0x3b, 0x29, 0x1e, 0xff,
0x3b, 0x29, 0x1e, 0xff, 0x47, 0x32, 0x25, 0xff, 0xfd, 0xc5, 0x93, 0xff, 0xb7, 0x5c, 0x2f, 0xff,
0xb0, 0x53, 0x28, 0xff, 0xae, 0x52, 0x28, 0xff, 0xf5, 0xa0, 0x5c, 0xff, 0xfa, 0xa5, 0x60, 0xef,
0x00, 0x00, 0x00, 0x00, 0x00, 0x00, 0x00, 0x00, 0x00, 0x00, 0x00, 0x00, 0x00, 0x00, 0x00, 0x00,
0x00, 0x00, 0x00, 0x00, 0x00, 0x00, 0x00, 0x00, 0x00, 0x00, 0x00, 0x00, 0x00, 0x00, 0x00, 0x00,
0x00, 0x00, 0x00, 0x00, 0x00, 0x00, 0x00, 0x00, 0x00, 0x00, 0x00, 0x00, 0x00, 0x00, 0x00, 0x00,
0x00, 0x00, 0x00, 0x00, 0x00, 0x00, 0x00, 0x00, 0x00, 0x00, 0x00, 0x00, 0x00, 0x00, 0x00, 0x00,
0xfa, 0xa5, 0x60, 0xef, 0xf8, 0xa2, 0x5d, 0xff, 0xdd, 0x72, 0x34, 0xff, 0xdc, 0x70, 0x34, 0xff,
0xdc, 0x74, 0x39, 0xff, 0xfd, 0xc5, 0x93, 0xff, 0x47, 0x32, 0x25, 0xff, 0x3b, 0x29, 0x1e, 0xff,
0x3b, 0x29, 0x1e, 0xff, 0x3b, 0x29, 0x1e, 0xff, 0x3b, 0x29, 0x1e, 0xff, 0x28, 0x7a, 0x8c, 0xff,
0x15, 0xcc, 0xfa, 0xff, 0x15, 0xcc, 0xfa, 0xff, 0x17, 0xc4, 0xef, 0xff, 0x27, 0x80, 0x93, 0xff,
0x38, 0x34, 0x2d, 0xff, 0x3b, 0x29, 0x1e, 0xff, 0x3b, 0x29, 0x1e, 0xff, 0x3b, 0x29, 0x1e, 0xff,
0x3b, 0x29, 0x1e, 0xff, 0x3b, 0x29, 0x1e, 0xff, 0x3b, 0x29, 0x1e, 0xff, 0x3b, 0x29, 0x1e, 0xff,
0x3b, 0x29, 0x1e, 0xff, 0x47, 0x32, 0x25, 0xff, 0xfd, 0xc5, 0x93, 0xff, 0xb5, 0x5b, 0x2e, 0xff,
0xaf, 0x52, 0x28, 0xff, 0xad, 0x51, 0x27, 0xff, 0xf5, 0xa0, 0x5c, 0xff, 0xfa, 0xa5, 0x60, 0xef,
0x00, 0x00, 0x00, 0x00, 0x00, 0x00, 0x00, 0x00, 0x00, 0x00, 0x00, 0x00, 0x00, 0x00, 0x00, 0x00,
0x00, 0x00, 0x00, 0x00, 0x00, 0x00, 0x00, 0x00, 0x00, 0x00, 0x00, 0x00, 0x00, 0x00, 0x00, 0x00,
0x00, 0x00, 0x00, 0x00, 0x00, 0x00, 0x00, 0x00, 0x00, 0x00, 0x00, 0x00, 0x00, 0x00, 0x00, 0x00,
0x00, 0x00, 0x00, 0x00, 0x00, 0x00, 0x00, 0x00, 0x00, 0x00, 0x00, 0x00, 0x00, 0x00, 0x00, 0x00,
0xfa, 0xa5, 0x60, 0xef, 0xf8, 0xa2, 0x5d, 0xff, 0xdc, 0x71, 0x34, 0xff, 0xda, 0x6f, 0x33, 0xff,
0xda, 0x73, 0x39, 0xff, 0xfd, 0xc5, 0x93, 0xff, 0x47, 0x32, 0x25, 0xff, 0x3b, 0x29, 0x1e, 0xff,
0x3b, 0x29, 0x1e, 0xff, 0x3b, 0x29, 0x1e, 0xff, 0x3b, 0x29, 0x1e, 0xff, 0x28, 0x7a, 0x8c, 0xff,
0x15, 0xcc, 0xfa, 0xff, 0x15, 0xcc, 0xfa, 0xff, 0x15, 0xcc, 0xfa, 0xff, 0x15, 0xcc, 0xfa, 0xff,
0x17, 0xc4, 0xef, 0xff, 0x27, 0x80, 0x93, 0xff, 0x38, 0x34, 0x2d, 0xff, 0x3b, 0x29, 0x1e, 0xff,
0x3b, 0x29, 0x1e, 0xff, 0x3b, 0x29, 0x1e, 0xff, 0x3b, 0x29, 0x1e, 0xff, 0x3b, 0x29, 0x1e, 0xff,
0x3b, 0x29, 0x1e, 0xff, 0x47, 0x32, 0x25, 0xff, 0xfd, 0xc5, 0x93, 0xff, 0xb4, 0x5a, 0x2e, 0xff,
0xad, 0x51, 0x27, 0xff, 0xab, 0x50, 0x27, 0xff, 0xf5, 0xa0, 0x5c, 0xff, 0xfa, 0xa5, 0x60, 0xef,
0x00, 0x00, 0x00, 0x00, 0x00, 0x00, 0x00, 0x00, 0x00, 0x00, 0x00, 0x00, 0x00, 0x00, 0x00, 0x00,
0x00, 0x00, 0x00, 0x00, 0x00, 0x00, 0x00, 0x00, 0x00, 0x00, 0x00, 0x00, 0x00, 0x00, 0x00, 0x00,
0x00, 0x00, 0x00, 0x00, 0x00, 0x00, 0x00, 0x00, 0x00, 0x00, 0x00, 0x00, 0x00, 0x00, 0x00, 0x00,
0x00, 0x00, 0x00, 0x00, 0x00, 0x00, 0x00, 0x00, 0x00, 0x00, 0x00, 0x00, 0x00, 0x00, 0x00, 0x00,
0xfa, 0xa5, 0x60, 0xef, 0xf8, 0xa2, 0x5d, 0xff, 0xda, 0x70, 0x34, 0xff, 0xd8, 0x6e, 0x33, 0xff,
0xda, 0x72, 0x39, 0xff, 0xfd, 0xc5, 0x93, 0xff, 0x47, 0x32, 0x25, 0xff, 0x3b, 0x29, 0x1e, 0xff,
0x3b, 0x29, 0x1e, 0xff, 0x3b, 0x29, 0x1e, 0xff, 0x3b, 0x29, 0x1e, 0xff, 0x28, 0x7a, 0x8c, 0xff,
0x15, 0xcc, 0xfa, 0xff, 0x15, 0xcc, 0xfa, 0xff, 0x15, 0xcc, 0xfa, 0xff, 0x15, 0xcc, 0xfa, 0xff,
0x15, 0xcc, 0xfa, 0xff, 0x15, 0xcc, 0xfa, 0xff, 0x17, 0xc4, 0xef, 0xff, 0x27, 0x80, 0x93, 0xff,
0x38, 0x34, 0x2d, 0xff, 0x3b, 0x29, 0x1e, 0xff, 0x3b, 0x29, 0x1e, 0xff, 0x3b, 0x29, 0x1e, 0xff,
0x3b, 0x29, 0x1e, 0xff, 0x47, 0x32, 0x25, 0xff, 0xfd, 0xc5, 0x93, 0xff, 0xb2, 0x59, 0x2e, 0xff,
0xab, 0x50, 0x27, 0xff, 0xaa, 0x4f, 0x26, 0xff, 0xf5, 0xa0, 0x5c, 0xff, 0xfa, 0xa5, 0x60, 0xef,
0x00, 0x00, 0x00, 0x00, 0x00, 0x00, 0x00, 0x00, 0x00, 0x00, 0x00, 0x00, 0x00, 0x00, 0x00, 0x00,
0x00, 0x00, 0x00, 0x00, 0x00, 0x00, 0x00, 0x00, 0x00, 0x00, 0x00, 0x00, 0x00, 0x00, 0x00, 0x00,
0x00, 0x00, 0x00, 0x00, 0x00, 0x00, 0x00, 0x00, 0x00, 0x00, 0x00, 0x00, 0x00, 0x00, 0x00, 0x00,
0x00, 0x00, 0x00, 0x00, 0x00, 0x00, 0x00, 0x00, 0x00, 0x00, 0x00, 0x00, 0x00, 0x00, 0x00, 0x00,
0xfa, 0xa5, 0x60, 0xef, 0xf8, 0xa2, 0x5d, 0xff, 0xd9, 0x6e, 0x33, 0xff, 0xd7, 0x6d, 0x33, 0xff,
0xd8, 0x71, 0x38, 0xff, 0xfd, 0xc5, 0x93, 0xff, 0x47, 0x32, 0x25, 0xff, 0x3b, 0x29, 0x1e, 0xff,
0x3b, 0x29, 0x1e, 0xff, 0x3b, 0x29, 0x1e, 0xff, 0x3b, 0x29, 0x1e, 0xff, 0x28, 0x7a, 0x8c, 0xff,
0x15, 0xcc, 0xfa, 0xff, 0x15, 0xcc, 0xfa, 0xff, 0x15, 0xcc, 0xfa, 0xff, 0x15, 0xcc, 0xfa, 0xff,
0x15, 0xcc, 0xfa, 0xff, 0x15, 0xcc, 0xfa, 0xff, 0x17, 0xc4, 0xef, 0xff, 0x27, 0x80, 0x93, 0xff,
0x38, 0x34, 0x2d, 0xff, 0x3b, 0x29, 0x1e, 0xff, 0x3b, 0x29, 0x1e, 0xff, 0x3b, 0x29, 0x1e, 0xff,
0x3b, 0x29, 0x1e, 0xff, 0x47, 0x32, 0x25, 0xff, 0xfd, 0xc5, 0x93, 0xff, 0xb1, 0x57, 0x2e, 0xff,
0xaa, 0x4f, 0x27, 0xff, 0xa8, 0x4e, 0x26, 0xff, 0xf4, 0xa0, 0x5c, 0xff, 0xfa, 0xa5, 0x60, 0xef,
0x00, 0x00, 0x00, 0x00, 0x00, 0x00, 0x00, 0x00, 0x00, 0x00, 0x00, 0x00, 0x00, 0x00, 0x00, 0x00,
0x00, 0x00, 0x00, 0x00, 0x00, 0x00, 0x00, 0x00, 0x00, 0x00, 0x00, 0x00, 0x00, 0x00, 0x00, 0x00,
0x00, 0x00, 0x00, 0x00, 0x00, 0x00, 0x00, 0x00, 0x00, 0x00, 0x00, 0x00, 0x00, 0x00, 0x00, 0x00,
0x00, 0x00, 0x00, 0x00, 0x00, 0x00, 0x00, 0x00, 0x00, 0x00, 0x00, 0x00, 0x00, 0x00, 0x00, 0x00,
0xfa, 0xa5, 0x60, 0xef, 0xf8, 0xa2, 0x5d, 0xff, 0xd7, 0x6d, 0x33, 0xff, 0xd5, 0x6c, 0x32, 0xff,
0xd7, 0x70, 0x38, 0xff, 0xfd, 0xc5, 0x93, 0xff, 0x47, 0x32, 0x25, 0xff, 0x3b, 0x29, 0x1e, 0xff,
0x3b, 0x29, 0x1e, 0xff, 0x3b, 0x29, 0x1e, 0xff, 0x3b, 0x29, 0x1e, 0xff, 0x28, 0x7a, 0x8c, 0xff,
0x15, 0xcc, 0xfa, 0xff, 0x15, 0xcc, 0xfa, 0xff, 0x15, 0xcc, 0xfa, 0xff, 0x15, 0xcc, 0xfa, 0xff,
0x17, 0xc4, 0xef, 0xff, 0x27, 0x80, 0x93, 0xff, 0x38, 0x34, 0x2d, 0xff, 0x3b, 0x29, 0x1e, 0xff,
0x3b, 0x29, 0x1e, 0xff, 0x3b, 0x29, 0x1e, 0xff, 0x3b, 0x29, 0x1e, 0xff, 0x3b, 0x29, 0x1e, 0xff,
0x3b, 0x29, 0x1e, 0xff, 0x47, 0x32, 0x25, 0xff, 0xfd, 0xc5, 0x93, 0xff, 0xaf, 0x56, 0x2e, 0xff,
0xa8, 0x4e, 0x26, 0xff, 0xa7, 0x4d, 0x26, 0xff, 0xf4, 0xa0, 0x5c, 0xff, 0xfa, 0xa5, 0x60, 0xef,
0x00, 0x00, 0x00, 0x00, 0x00, 0x00, 0x00, 0x00, 0x00, 0x00, 0x00, 0x00, 0x00, 0x00, 0x00, 0x00,
0x00, 0x00, 0x00, 0x00, 0x00, 0x00, 0x00, 0x00, 0x00, 0x00, 0x00, 0x00, 0x00, 0x00, 0x00, 0x00,
0x00, 0x00, 0x00, 0x00, 0x00, 0x00, 0x00, 0x00, 0x00, 0x00, 0x00, 0x00, 0x00, 0x00, 0x00, 0x00,
0x00, 0x00, 0x00, 0x00, 0x00, 0x00, 0x00, 0x00, 0x00, 0x00, 0x00, 0x00, 0x00, 0x00, 0x00, 0x00,
0xfa, 0xa5, 0x60, 0xef, 0xf7, 0xa2, 0x5d, 0xff, 0xd6, 0x6c, 0x32, 0xff, 0xd4, 0x6b, 0x32, 0xff,
0xd5, 0x6f, 0x37, 0xff, 0xfd, 0xc5, 0x93, 0xff, 0x47, 0x32, 0x25, 0xff, 0x3b, 0x29, 0x1e, 0xff,
0x3b, 0x29, 0x1e, 0xff, 0x3b, 0x29, 0x1e, 0xff, 0x3b, 0x29, 0x1e, 0xff, 0x28, 0x7a, 0x8c, 0xff,
0x15, 0xcc, 0xfa, 0xff, 0x15, 0xcc, 0xfa, 0xff, 0x17, 0xc4, 0xef, 0xff, 0x27, 0x80, 0x93, 0xff,
0x38, 0x34, 0x2d, 0xff, 0x3b, 0x29, 0x1e, 0xff, 0x3b, 0x29, 0x1e, 0xff, 0x3b, 0x29, 0x1e, 0xff,
0x3b, 0x29, 0x1e, 0xff, 0x3b, 0x29, 0x1e, 0xff, 0x3b, 0x29, 0x1e, 0xff, 0x3b, 0x29, 0x1e, 0xff,
0x3b, 0x29, 0x1e, 0xff, 0x47, 0x32, 0x25, 0xff, 0xfd, 0xc5, 0x93, 0xff, 0xae, 0x55, 0x2d, 0xff,
0xa7, 0x4d, 0x26, 0xff, 0xa5, 0x4c, 0x25, 0xff, 0xf4, 0xa0, 0x5c, 0xff, 0xfa, 0xa5, 0x60, 0xef,
0x00, 0x00, 0x00, 0x00, 0x00, 0x00, 0x00, 0x00, 0x00, 0x00, 0x00, 0x00, 0x00, 0x00, 0x00, 0x00,
0x00, 0x00, 0x00, 0x00, 0x00, 0x00, 0x00, 0x00, 0x00, 0x00, 0x00, 0x00, 0x00, 0x00, 0x00, 0x00,
0x00, 0x00, 0x00, 0x00, 0x00, 0x00, 0x00, 0x00, 0x00, 0x00, 0x00, 0x00, 0x00, 0x00, 0x00, 0x00,
0x00, 0x00, 0x00, 0x00, 0x00, 0x00, 0x00, 0x00, 0x00, 0x00, 0x00, 0x00, 0x00, 0x00, 0x00, 0x00,
0xfa, 0xa5, 0x60, 0xef, 0xf7, 0xa2, 0x5d, 0xff, 0xd4, 0x6b, 0x32, 0xff, 0xd2, 0x6a, 0x31, 0xff,
0xd3, 0x6e, 0x37, 0xff, 0xfd, 0xc5, 0x93, 0xff, 0x47, 0x32, 0x25, 0xff, 0x3b, 0x29, 0x1e, 0xff,
0x3b, 0x29, 0x1e, 0xff, 0x3b, 0x29, 0x1e, 0xff, 0x3b, 0x29, 0x1e, 0xff, 0x28, 0x7a, 0x8c, 0xff,
0x17, 0xc4, 0xef, 0xff, 0x27, 0x80, 0x93, 0xff, 0x38, 0x34, 0x2d, 0xff, 0x3b, 0x29, 0x1e, 0xff,
0x3b, 0x29, 0x1e, 0xff, 0x3b, 0x29, 0x1e, 0xff, 0x3b, 0x29, 0x1e, 0xff, 0x3b, 0x29, 0x1e, 0xff,
0x3b, 0x29, 0x1e, 0xff, 0x3b, 0x29, 0x1e, 0xff, 0x3b, 0x29, 0x1e, 0xff, 0x3b, 0x29, 0x1e, 0xff,
0x3b, 0x29, 0x1e, 0xff, 0x47, 0x32, 0x25, 0xff, 0xfd, 0xc5, 0x93, 0xff, 0xad, 0x54, 0x2d, 0xff,
0xa5, 0x4c, 0x25, 0xff, 0xa3, 0x4b, 0x25, 0xff, 0xf4, 0xa0, 0x5c, 0xff, 0xfa, 0xa5, 0x60, 0xef,
0x00, 0x00, 0x00, 0x00, 0x00, 0x00, 0x00, 0x00, 0x00, 0x00, 0x00, 0x00, 0x00, 0x00, 0x00, 0x00,
0x00, 0x00, 0x00, 0x00, 0x00, 0x00, 0x00, 0x00, 0x00, 0x00, 0x00, 0x00, 0x00, 0x00, 0x00, 0x00,
0x00, 0x00, 0x00, 0x00, 0x00, 0x00, 0x00, 0x00, 0x00, 0x00, 0x00, 0x00, 0x00, 0x00, 0x00, 0x00,
0x00, 0x00, 0x00, 0x00, 0x00, 0x00, 0x00, 0x00, 0x00, 0x00, 0x00, 0x00, 0x00, 0x00, 0x00, 0x00,
0xfa, 0xa5, 0x60, 0xef, 0xf7, 0xa2, 0x5d, 0xff, 0xd2, 0x6a, 0x31, 0xff, 0xd1, 0x69, 0x31, 0xff,
0xd2, 0x6d, 0x36, 0xff, 0xfd, 0xc5, 0x93, 0xff, 0x47, 0x32, 0x25, 0xff, 0x3b, 0x29, 0x1e, 0xff,
0x3b, 0x29, 0x1e, 0xff, 0x3b, 0x29, 0x1e, 0xff, 0x3b, 0x29, 0x1e, 0xff, 0x34, 0x47, 0x47, 0xff,
0x38, 0x33, 0x2c, 0xff, 0x3b, 0x29, 0x1e, 0xff, 0x3b, 0x29, 0x1e, 0xff, 0x3b, 0x29, 0x1e, 0xff,
0x3b, 0x29, 0x1e, 0xff, 0x3b, 0x29, 0x1e, 0xff, 0x3b, 0x29, 0x1e, 0xff, 0x3b, 0x29, 0x1e, 0xff,
0x3b, 0x29, 0x1e, 0xff, 0x3b, 0x29, 0x1e, 0xff, 0x3b, 0x29, 0x1e, 0xff, 0x3b, 0x29, 0x1e, 0xff,
0x3b, 0x29, 0x1e, 0xff, 0x47, 0x32, 0x25, 0xff, 0xfd, 0xc5, 0x93, 0xff, 0xab, 0x53, 0x2c, 0xff,
0xa4, 0x4b, 0x25, 0xff, 0xa2, 0x4a, 0x24, 0xff, 0xf4, 0xa0, 0x5c, 0xff, 0xfa, 0xa5, 0x60, 0xef,
0x00, 0x00, 0x00, 0x00, 0x00, 0x00, 0x00, 0x00, 0x00, 0x00, 0x00, 0x00, 0x00, 0x00, 0x00, 0x00,
0x00, 0x00, 0x00, 0x00, 0x00, 0x00, 0x00, 0x00, 0x00, 0x00, 0x00, 0x00, 0x00, 0x00, 0x00, 0x00,
0x00, 0x00, 0x00, 0x00, 0x00, 0x00, 0x00, 0x00, 0x00, 0x00, 0x00, 0x00, 0x00, 0x00, 0x00, 0x00,
0x00, 0x00, 0x00, 0x00, 0x00, 0x00, 0x00, 0x00, 0x00, 0x00, 0x00, 0x00, 0x00, 0x00, 0x00, 0x00,
0xfa, 0xa5, 0x60, 0xef, 0xf7, 0xa2, 0x5d, 0xff, 0xd1, 0x69, 0x31, 0xff, 0xcf, 0x68, 0x31, 0xff,
0xd0, 0x6d, 0x36, 0xff, 0xfd, 0xc5, 0x93, 0xff, 0x47, 0x32, 0x25, 0xff, 0x3b, 0x29, 0x1e, 0xff,
0x3b, 0x29, 0x1e, 0xff, 0x3b, 0x29, 0x1e, 0xff, 0x3b, 0x29, 0x1e, 0xff, 0x3b, 0x29, 0x1e, 0xff,
0x3b, 0x29, 0x1e, 0xff, 0x3b, 0x29, 0x1e, 0xff, 0x3b, 0x29, 0x1e, 0xff, 0x3b, 0x29, 0x1e, 0xff,
0x3b, 0x29, 0x1e, 0xff, 0x3b, 0x29, 0x1e, 0xff, 0x3b, 0x29, 0x1e, 0xff, 0x3b, 0x29, 0x1e, 0xff,
0x3b, 0x29, 0x1e, 0xff, 0x3b, 0x29, 0x1e, 0xff, 0x3b, 0x29, 0x1e, 0xff, 0x3b, 0x29, 0x1e, 0xff,
0x3b, 0x29, 0x1e, 0xff, 0x47, 0x32, 0x25, 0xff, 0xfd, 0xc5, 0x93, 0xff, 0xaa, 0x52, 0x2c, 0xff,
0xa2, 0x4a, 0x24, 0xff, 0xa0, 0x49, 0x24, 0xff, 0xf4, 0xa0, 0x5c, 0xff, 0xfa, 0xa5, 0x60, 0xef,
0x00, 0x00, 0x00, 0x00, 0x00, 0x00, 0x00, 0x00, 0x00, 0x00, 0x00, 0x00, 0x00, 0x00, 0x00, 0x00,
0x00, 0x00, 0x00, 0x00, 0x00, 0x00, 0x00, 0x00, 0x00, 0x00, 0x00, 0x00, 0x00, 0x00, 0x00, 0x00,
0x00, 0x00, 0x00, 0x00, 0x00, 0x00, 0x00, 0x00, 0x00, 0x00, 0x00, 0x00, 0x00, 0x00, 0x00, 0x00,
0x00, 0x00, 0x00, 0x00, 0x00, 0x00, 0x00, 0x00, 0x00, 0x00, 0x00, 0x00, 0x00, 0x00, 0x00, 0x00,
0xfa, 0xa5, 0x60, 0xef, 0xf7, 0xa2, 0x5d, 0xff, 0xcf, 0x68, 0x31, 0xff, 0xce, 0x67, 0x30, 0xff,
0xcf, 0x6b, 0x35, 0xff, 0xfd, 0xc5, 0x93, 0xff, 0x49, 0x34, 0x26, 0xff, 0x3b, 0x29, 0x1e, 0xff,
0x3b, 0x29, 0x1e, 0xff, 0x3b, 0x29, 0x1e, 0xff, 0x3b, 0x29, 0x1e, 0xff, 0x3b, 0x29, 0x1e, 0xff,
0x3b, 0x29, 0x1e, 0xff, 0x3b, 0x29, 0x1e, 0xff, 0x3b, 0x29, 0x1e, 0xff, 0x3b, 0x29, 0x1e, 0xff,
0x3b, 0x29, 0x1e, 0xff, 0x3b, 0x29, 0x1e, 0xff, 0x3b, 0x29, 0x1e, 0xff, 0x3b, 0x29, 0x1e, 0xff,
0x3b, 0x29, 0x1e, 0xff, 0x3b, 0x29, 0x1e, 0xff, 0x3b, 0x29, 0x1e, 0xff, 0x3b, 0x29, 0x1e, 0xff,
0x3b, 0x29, 0x1e, 0xff, 0x49, 0x34, 0x26, 0xff, 0xfd, 0xc5, 0x93, 0xff, 0xa7, 0x51, 0x2b, 0xff,
0xa0, 0x49, 0x24, 0xff, 0x9f, 0x48, 0x24, 0xff, 0xf4, 0x9f, 0x5c, 0xff, 0xfa, 0xa5, 0x60, 0xef,
0x00, 0x00, 0x00, 0x00, 0x00, 0x00, 0x00, 0x00, 0x00, 0x00, 0x00, 0x00, 0x00, 0x00, 0x00, 0x00,
0x00, 0x00, 0x00, 0x00, 0x00, 0x00, 0x00, 0x00, 0x00, 0x00, 0x00, 0x00, 0x00, 0x00, 0x00, 0x00,
0x00, 0x00, 0x00, 0x00, 0x00, 0x00, 0x00, 0x00, 0x00, 0x00, 0x00, 0x00, 0x00, 0x00, 0x00, 0x00,
0x00, 0x00, 0x00, 0x00, 0x00, 0x00, 0x00, 0x00, 0x00, 0x00, 0x00, 0x00, 0x00, 0x00, 0x00, 0x00,
0xfa, 0xa5, 0x60, 0xef, 0xf7, 0xa2, 0x5d, 0xff, 0xce, 0x67, 0x30, 0xff, 0xcc, 0x66, 0x30, 0xff,
0xca, 0x65, 0x2f, 0xff, 0xf2, 0xb8, 0x87, 0xff, 0x7f, 0x61, 0x47, 0xff, 0x3b, 0x29, 0x1e, 0xff,
0x3b, 0x29, 0x1e, 0xff, 0x3b, 0x29, 0x1e, 0xff, 0x3b, 0x29, 0x1e, 0xff, 0x3b, 0x29, 0x1e, 0xff,
0x3b, 0x29, 0x1e, 0xff, 0x3b, 0x29, 0x1e, 0xff, 0x3b, 0x29, 0x1e, 0xff, 0x3b, 0x29, 0x1e, 0xff,
0x3b, 0x29, 0x1e, 0xff, 0x3b, 0x29, 0x1e, 0xff, 0x3b, 0x29, 0x1e, 0xff, 0x3b, 0x29, 0x1e, 0xff,
0x3b, 0x29, 0x1e, 0xff, 0x3b, 0x29, 0x1e, 0xff, 0x3b, 0x29, 0x1e, 0xff, 0x3b, 0x29, 0x1e, 0xff,
0x3b, 0x29, 0x1e, 0xff, 0x75, 0x58, 0x41, 0xff, 0xf1, 0xb8, 0x88, 0xff, 0xa1, 0x49, 0x24, 0xff,
0x9f, 0x48, 0x24, 0xff, 0x9d, 0x47, 0x23, 0xff, 0xf4, 0x9f, 0x5c, 0xff, 0xfa, 0xa5, 0x60, 0xef,
0x00, 0x00, 0x00, 0x00, 0x00, 0x00, 0x00, 0x00, 0x00, 0x00, 0x00, 0x00, 0x00, 0x00, 0x00, 0x00,
0x00, 0x00, 0x00, 0x00, 0x00, 0x00, 0x00, 0x00, 0x00, 0x00, 0x00, 0x00, 0x00, 0x00, 0x00, 0x00,
0x00, 0x00, 0x00, 0x00, 0x00, 0x00, 0x00, 0x00, 0x00, 0x00, 0x00, 0x00, 0x00, 0x00, 0x00, 0x00,
0x00, 0x00, 0x00, 0x00, 0x00, 0x00, 0x00, 0x00, 0x00, 0x00, 0x00, 0x00, 0x00, 0x00, 0x00, 0x00,
0xfa, 0xa5, 0x60, 0xef, 0xf7, 0xa1, 0x5d, 0xff, 0xcc, 0x66, 0x30, 0xff, 0xca, 0x65, 0x2f, 0xff,
0xc9, 0x64, 0x2f, 0xff, 0xd8, 0x82, 0x4e, 0xff, 0xf8, 0xbf, 0x8f, 0xff, 0xb8, 0x8c, 0x68, 0xff,
0xa3, 0x7c, 0x5c, 0xff, 0xa3, 0x7c, 0x5c, 0xff, 0xa3, 0x7c, 0x5c, 0xff, 0xa3, 0x7c, 0x5c, 0xff,
0xa3, 0x7c, 0x5c, 0xff, 0xa3, 0x7c, 0x5c, 0xff, 0xa3, 0x7c, 0x5c, 0xff, 0xa3, 0x7c, 0x5c, 0xff,
0xa3, 0x7c, 0x5c, 0xff, 0xa3, 0x7c, 0x5c, 0xff, 0xa3, 0x7c, 0x5c, 0xff, 0xa3, 0x7c, 0x5c, 0xff,
0xa3, 0x7c, 0x5c, 0xff, 0xa3, 0x7c, 0x5c, 0xff, 0xa3, 0x7c, 0x5c, 0xff, 0xa3, 0x7c, 0x5c, 0xff,
0xb5, 0x8a, 0x67, 0xff, 0xf6, 0xbf, 0x8e, 0xff, 0xc3, 0x78, 0x4d, 0xff, 0x9f, 0x48, 0x24, 0xff,
0x9d, 0x47, 0x23, 0xff, 0x9c, 0x46, 0x23, 0xff, 0xf4, 0x9f, 0x5c, 0xff, 0xfa, 0xa5, 0x60, 0xef,
0x00, 0x00, 0x00, 0x00, 0x00, 0x00, 0x00, 0x00, 0x00, 0x00, 0x00, 0x00, 0x00, 0x00, 0x00, 0x00,
0x00, 0x00, 0x00, 0x00, 0x00, 0x00, 0x00, 0x00, 0x00, 0x00, 0x00, 0x00, 0x00, 0x00, 0x00, 0x00,
0x00, 0x00, 0x00, 0x00, 0x00, 0x00, 0x00, 0x00, 0x00, 0x00, 0x00, 0x00, 0x00, 0x00, 0x00, 0x00,
0x00, 0x00, 0x00, 0x00, 0x00, 0x00, 0x00, 0x00, 0x00, 0x00, 0x00, 0x00, 0x00, 0x00, 0x00, 0x00,
0xfa, 0xa5, 0x60, 0xef, 0xf7, 0xa1, 0x5d, 0xff, 0xcb, 0x65, 0x2f, 0xff, 0xc9, 0x64, 0x2f, 0xff,
0xc7, 0x63, 0x2e, 0xff, 0xc5, 0x61, 0x2e, 0xff, 0xce, 0x72, 0x40, 0xff, 0xdf, 0x91, 0x5e, 0xff,
0xe1, 0x95, 0x63, 0xff, 0xe0, 0x94, 0x63, 0xff, 0xdf, 0x93, 0x62, 0xff, 0xde, 0x93, 0x62, 0xff,
0xdd, 0x93, 0x62, 0xff, 0xdc, 0x92, 0x62, 0xff, 0xdb, 0x92, 0x62, 0xff, 0xdb, 0x91, 0x61, 0xff,
0xda, 0x90, 0x61, 0xff, 0xd9, 0x90, 0x61, 0xff, 0xd8, 0x8f, 0x61, 0xff, 0xd7, 0x8f, 0x60, 0xff,
0xd6, 0x8e, 0x60, 0xff, 0xd5, 0x8d, 0x60, 0xff, 0xd5, 0x8d, 0x60, 0xff, 0xd4, 0x8c, 0x5f, 0xff,
0xd0, 0x88, 0x5c, 0xff, 0xb5, 0x63, 0x3c, 0xff, 0x9f, 0x48, 0x24, 0xff, 0x9e, 0x47, 0x23, 0xff,
0x9c, 0x46, 0x23, 0xff, 0x9a, 0x45, 0x22, 0xff, 0xf4, 0x9f, 0x5c, 0xff, 0xfa, 0xa5, 0x60, 0xef,
0x00, 0x00, 0x00, 0x00, 0x00, 0x00, 0x00, 0x00, 0x00, 0x00, 0x00, 0x00, 0x00, 0x00, 0x00, 0x00,
0x00, 0x00, 0x00, 0x00, 0x00, 0x00, 0x00, 0x00, 0x00, 0x00, 0x00, 0x00, 0x00, 0x00, 0x00, 0x00,
0x00, 0x00, 0x00, 0x00, 0x00, 0x00, 0x00, 0x00, 0x00, 0x00, 0x00, 0x00, 0x00, 0x00, 0x00, 0x00,
0x00, 0x00, 0x00, 0x00, 0x00, 0x00, 0x00, 0x00, 0x00, 0x00, 0x00, 0x00, 0x00, 0x00, 0x00, 0x00,
0xfa, 0xa5, 0x60, 0xef, 0xf7, 0xa1, 0x5d, 0xff, 0xc9, 0x64, 0x2f, 0xff, 0xc7, 0x63, 0x2e, 0xff,
0xc5, 0x62, 0x2e, 0xff, 0xc4, 0x60, 0x2d, 0xff, 0xc2, 0x5f, 0x2d, 0xff, 0xc0, 0x5e, 0x2d, 0xff,
0xbe, 0x5d, 0x2c, 0xff, 0xbc, 0x5c, 0x2c, 0xff, 0xbb, 0x5a, 0x2b, 0xff, 0xb9, 0x59, 0x2b, 0xff,
0xb7, 0x58, 0x2a, 0xff, 0xb5, 0x57, 0x2a, 0xff, 0xb3, 0x56, 0x29, 0xff, 0xb2, 0x54, 0x29, 0xff,
0xb0, 0x53, 0x28, 0xff, 0xae, 0x52, 0x28, 0xff, 0xac, 0x51, 0x27, 0xff, 0xaa, 0x50, 0x27, 0xff,
0xa9, 0x4e, 0x26, 0xff, 0xa7, 0x4d, 0x26, 0xff, 0xa5, 0x4c, 0x25, 0xff, 0xa3, 0x4b, 0x25, 0xff,
0xa1, 0x4a, 0x24, 0xff, 0xa0, 0x48, 0x24, 0xff, 0x9e, 0x47, 0x23, 0xff, 0x9c, 0x46, 0x23, 0xff,
0x9a, 0x45, 0x22, 0xff, 0x98, 0x44, 0x22, 0xff, 0xf3, 0x9f, 0x5c, 0xff, 0xfa, 0xa5, 0x60, 0xef,
0x00, 0x00, 0x00, 0x00, 0x00, 0x00, 0x00, 0x00, 0x00, 0x00, 0x00, 0x00, 0x00, 0x00, 0x00, 0x00,
0x00, 0x00, 0x00, 0x00, 0x00, 0x00, 0x00, 0x00, 0x00, 0x00, 0x00, 0x00, 0x00, 0x00, 0x00, 0x00,
0x00, 0x00, 0x00, 0x00, 0x00, 0x00, 0x00, 0x00, 0x00, 0x00, 0x00, 0x00, 0x00, 0x00, 0x00, 0x00,
0x00, 0x00, 0x00, 0x00, 0x00, 0x00, 0x00, 0x00, 0x00, 0x00, 0x00, 0x00, 0x00, 0x00, 0x00, 0x00,
0xfa, 0xa5, 0x60, 0xef, 0xf7, 0xa1, 0x5d, 0xff, 0xc7, 0x63, 0x2f, 0xff, 0xc6, 0x62, 0x2e, 0xff,
0xc4, 0x61, 0x2e, 0xff, 0xc2, 0x5f, 0x2d, 0xff, 0xc0, 0x5e, 0x2d, 0xff, 0xbe, 0x5d, 0x2c, 0xff,
0xbd, 0x5c, 0x2c, 0xff, 0xbb, 0x5b, 0x2b, 0xff, 0xb9, 0x59, 0x2b, 0xff, 0xb7, 0x58, 0x2a, 0xff,
0xb5, 0x57, 0x2a, 0xff, 0xb4, 0x56, 0x29, 0xff, 0xb2, 0x55, 0x29, 0xff, 0xb0, 0x53, 0x28, 0xff,
0xae, 0x52, 0x28, 0xff, 0xac, 0x51, 0x27, 0xff, 0xab, 0x50, 0x27, 0xff, 0xa9, 0x4f, 0x26, 0xff,
0xa7, 0x4d, 0x26, 0xff, 0xa5, 0x4c, 0x25, 0xff, 0xa3, 0x4b, 0x25, 0xff, 0xa2, 0x4a, 0x24, 0xff,
0xa0, 0x49, 0x24, 0xff, 0x9e, 0x47, 0x23, 0xff, 0x9c, 0x46, 0x23, 0xff, 0x9a, 0x45, 0x22, 0xff,
0x99, 0x44, 0x22, 0xff, 0x97, 0x43, 0x21, 0xff, 0xf3, 0x9f, 0x5c, 0xff, 0xfa, 0xa5, 0x60, 0xef,
0x00, 0x00, 0x00, 0x00, 0x00, 0x00, 0x00, 0x00, 0x00, 0x00, 0x00, 0x00, 0x00, 0x00, 0x00, 0x00,
0x00, 0x00, 0x00, 0x00, 0x00, 0x00, 0x00, 0x00, 0x00, 0x00, 0x00, 0x00, 0x00, 0x00, 0x00, 0x00,
0x00, 0x00, 0x00, 0x00, 0x00, 0x00, 0x00, 0x00, 0x00, 0x00, 0x00, 0x00, 0x00, 0x00, 0x00, 0x00,
0x00, 0x00, 0x00, 0x00, 0x00, 0x00, 0x00, 0x00, 0x00, 0x00, 0x00, 0x00, 0x00, 0x00, 0x00, 0x00,
0xfa, 0xa5, 0x60, 0xef, 0xf7, 0xa1, 0x5d, 0xff, 0xc6, 0x62, 0x2e, 0xff, 0xc4, 0x61, 0x2e, 0xff,
0xc2, 0x60, 0x2d, 0xff, 0xc1, 0x5e, 0x2d, 0xff, 0xbf, 0x5d, 0x2c, 0xff, 0xbd, 0x5c, 0x2c, 0xff,
0xbb, 0x5b, 0x2b, 0xff, 0xb9, 0x5a, 0x2b, 0xff, 0xb8, 0x58, 0x2a, 0xff, 0xb6, 0x57, 0x2a, 0xff,
0xb4, 0x56, 0x29, 0xff, 0xb2, 0x55, 0x29, 0xff, 0xb0, 0x54, 0x28, 0xff, 0xaf, 0x52, 0x28, 0xff,
0xad, 0x51, 0x27, 0xff, 0xab, 0x50, 0x27, 0xff, 0xa9, 0x4f, 0x26, 0xff, 0xa7, 0x4e, 0x26, 0xff,
0xa6, 0x4c, 0x25, 0xff, 0xa4, 0x4b, 0x25, 0xff, 0xa2, 0x4a, 0x24, 0xff, 0xa0, 0x49, 0x24, 0xff,
0x9e, 0x48, 0x23, 0xff, 0x9d, 0x46, 0x23, 0xff, 0x9b, 0x45, 0x22, 0xff, 0x99, 0x44, 0x22, 0xff,
0x97, 0x43, 0x22, 0xff, 0x95, 0x42, 0x21, 0xff, 0xf3, 0x9f, 0x5c, 0xff, 0xfa, 0xa5, 0x60, 0xef,
0x00, 0x00, 0x00, 0x00, 0x00, 0x00, 0x00, 0x00, 0x00, 0x00, 0x00, 0x00, 0x00, 0x00, 0x00, 0x00,
0x00, 0x00, 0x00, 0x00, 0x00, 0x00, 0x00, 0x00, 0x00, 0x00, 0x00, 0x00, 0x00, 0x00, 0x00, 0x00,
0x00, 0x00, 0x00, 0x00, 0x00, 0x00, 0x00, 0x00, 0x00, 0x00, 0x00, 0x00, 0x00, 0x00, 0x00, 0x00,
0x00, 0x00, 0x00, 0x00, 0x00, 0x00, 0x00, 0x00, 0x00, 0x00, 0x00, 0x00, 0x00, 0x00, 0x00, 0x00,
0xfa, 0xa5, 0x5f, 0xeb, 0xf7, 0xa2, 0x5d, 0xff, 0xc4, 0x61, 0x2e, 0xff, 0xc3, 0x60, 0x2d, 0xff,
0xc1, 0x5e, 0x2d, 0xff, 0xbf, 0x5d, 0x2c, 0xff, 0xbd, 0x5c, 0x2c, 0xff, 0xbb, 0x5b, 0x2b, 0xff,
0xba, 0x5a, 0x2b, 0xff, 0xb8, 0x58, 0x2a, 0xff, 0xb6, 0x57, 0x2a, 0xff, 0xb4, 0x56, 0x29, 0xff,
0xb2, 0x55, 0x29, 0xff, 0xb1, 0x54, 0x28, 0xff, 0xaf, 0x52, 0x28, 0xff, 0xad, 0x51, 0x27, 0xff,
0xab, 0x50, 0x27, 0xff, 0xa9, 0x4f, 0x26, 0xff, 0xa8, 0x4e, 0x26, 0xff, 0xa6, 0x4c, 0x25, 0xff,
0xa4, 0x4b, 0x25, 0xff, 0xa2, 0x4a, 0x24, 0xff, 0xa0, 0x49, 0x24, 0xff, 0x9f, 0x48, 0x24, 0xff,
0x9d, 0x46, 0x23, 0xff, 0x9b, 0x45, 0x23, 0xff, 0x99, 0x44, 0x22, 0xff, 0x97, 0x43, 0x22, 0xff,
0x96, 0x42, 0x21, 0xff, 0x94, 0x40, 0x21, 0xff, 0xf5, 0xa0, 0x5d, 0xff, 0xfa, 0xa5, 0x60, 0xec,
0x00, 0x00, 0x00, 0x00, 0x00, 0x00, 0x00, 0x00, 0x00, 0x00, 0x00, 0x00, 0x00, 0x00, 0x00, 0x00,
0x00, 0x00, 0x00, 0x00, 0x00, 0x00, 0x00, 0x00, 0x00, 0x00, 0x00, 0x00, 0x00, 0x00, 0x00, 0x00,
0x00, 0x00, 0x00, 0x00, 0x00, 0x00, 0x00, 0x00, 0x00, 0x00, 0x00, 0x00, 0x00, 0x00, 0x00, 0x00,
0x00, 0x00, 0x00, 0x00, 0x00, 0x00, 0x00, 0x00, 0x00, 0x00, 0x00, 0x00, 0x00, 0x00, 0x00, 0x00,
0xfa, 0xa5, 0x60, 0xca, 0xfa, 0xa5, 0x60, 0xff, 0xcc, 0x6c, 0x35, 0xff, 0xc1, 0x5f, 0x2d, 0xff,
0xbf, 0x5d, 0x2c, 0xff, 0xbd, 0x5c, 0x2c, 0xff, 0xbc, 0x5b, 0x2b, 0xff, 0xba, 0x5a, 0x2b, 0xff,
0xb8, 0x59, 0x2a, 0xff, 0xb6, 0x57, 0x2a, 0xff, 0xb4, 0x56, 0x29, 0xff, 0xb3, 0x55, 0x29, 0xff,
0xb1, 0x54, 0x28, 0xff, 0xaf, 0x53, 0x28, 0xff, 0xad, 0x51, 0x27, 0xff, 0xab, 0x50, 0x27, 0xff,
0xaa, 0x4f, 0x26, 0xff, 0xa8, 0x4e, 0x26, 0xff, 0xa6, 0x4d, 0x26, 0xff, 0xa4, 0x4b, 0x25, 0xff,
0xa2, 0x4a, 0x25, 0xff, 0xa1, 0x49, 0x24, 0xff, 0x9f, 0x48, 0x24, 0xff, 0x9d, 0x47, 0x23, 0xff,
0x9b, 0x45, 0x23, 0xff, 0x99, 0x44, 0x22, 0xff, 0x98, 0x43, 0x22, 0xff, 0x96, 0x42, 0x21, 0xff,
0x94, 0x41, 0x21, 0xff, 0x9d, 0x4a, 0x27, 0xff, 0xfa, 0xa5, 0x60, 0xff, 0xfa, 0xa5, 0x60, 0xcf,
0x00, 0x00, 0x00, 0x00, 0x00, 0x00, 0x00, 0x00, 0x00, 0x00, 0x00, 0x00, 0x00, 0x00, 0x00, 0x00,
0x00, 0x00, 0x00, 0x00, 0x00, 0x00, 0x00, 0x00, 0x00, 0x00, 0x00, 0x00, 0x00, 0x00, 0x00, 0x00,
0x00, 0x00, 0x00, 0x00, 0x00, 0x00, 0x00, 0x00, 0x00, 0x00, 0x00, 0x00, 0x00, 0x00, 0x00, 0x00,
0x00, 0x00, 0x00, 0x00, 0x00, 0x00, 0x00, 0x00, 0x00, 0x00, 0x00, 0x00, 0x00, 0x00, 0x00, 0x00,
0xfa, 0xa5, 0x5f, 0x6e, 0xfa, 0xa5, 0x60, 0xff, 0xec, 0x93, 0x53, 0xff, 0xc0, 0x5f, 0x2c, 0xff,
0xbe, 0x5c, 0x2c, 0xff, 0xbc, 0x5b, 0x2b, 0xff, 0xba, 0x5a, 0x2b, 0xff, 0xb8, 0x59, 0x2a, 0xff,
0xb6, 0x58, 0x2a, 0xff, 0xb5, 0x56, 0x29, 0xff, 0xb3, 0x55, 0x29, 0xff, 0xb1, 0x54, 0x28, 0xff,
0xaf, 0x53, 0x28, 0xff, 0xad, 0x52, 0x28, 0xff, 0xac, 0x50, 0x27, 0xff, 0xaa, 0x4f, 0x27, 0xff,
0xa8, 0x4e, 0x26, 0xff, 0xa6, 0x4d, 0x26, 0xff, 0xa4, 0x4c, 0x25, 0xff, 0xa3, 0x4a, 0x25, 0xff,
0xa1, 0x49, 0x24, 0xff, 0x9f, 0x48, 0x24, 0xff, 0x9d, 0x47, 0x23, 0xff, 0x9b, 0x46, 0x23, 0xff,
0x9a, 0x44, 0x22, 0xff, 0x98, 0x43, 0x22, 0xff, 0x96, 0x42, 0x21, 0xff, 0x94, 0x41, 0x21, 0xff,
0x92, 0x40, 0x20, 0xff, 0xcf, 0x7b, 0x46, 0xff, 0xfa, 0xa5, 0x60, 0xff, 0xf9, 0xa5, 0x60, 0x85,
0x00, 0x00, 0x00, 0x00, 0x00, 0x00, 0x00, 0x00, 0x00, 0x00, 0x00, 0x00, 0x00, 0x00, 0x00, 0x00,
0x00, 0x00, 0x00, 0x00, 0x00, 0x00, 0x00, 0x00, 0x00, 0x00, 0x00, 0x00, 0x00, 0x00, 0x00, 0x00,
0x00, 0x00, 0x00, 0x00, 0x00, 0x00, 0x00, 0x00, 0x00, 0x00, 0x00, 0x00, 0x00, 0x00, 0x00, 0x00,
0x00, 0x00, 0x00, 0x00, 0x00, 0x00, 0x00, 0x00, 0x00, 0x00, 0x00, 0x00, 0x00, 0x00, 0x00, 0x00,
0xff, 0xaa, 0x55, 0x03, 0xfa, 0xa4, 0x60, 0xc8, 0xfa, 0xa5, 0x60, 0xff, 0xe8, 0x8f, 0x51, 0xff,
0xc4, 0x65, 0x33, 0xff, 0xba, 0x5a, 0x2b, 0xff, 0xb8, 0x59, 0x2a, 0xff, 0xb7, 0x58, 0x2a, 0xff,
0xb5, 0x57, 0x2a, 0xff, 0xb3, 0x55, 0x29, 0xff, 0xb1, 0x54, 0x29, 0xff, 0xaf, 0x53, 0x28, 0xff,
0xae, 0x52, 0x28, 0xff, 0xac, 0x51, 0x27, 0xff, 0xaa, 0x4f, 0x27, 0xff, 0xa8, 0x4e, 0x26, 0xff,
0xa6, 0x4d, 0x26, 0xff, 0xa5, 0x4c, 0x25, 0xff, 0xa3, 0x4b, 0x25, 0xff, 0xa1, 0x49, 0x24, 0xff,
0x9f, 0x48, 0x24, 0xff, 0x9d, 0x47, 0x23, 0xff, 0x9c, 0x46, 0x23, 0xff, 0x9a, 0x45, 0x22, 0xff,
0x98, 0x43, 0x22, 0xff, 0x96, 0x42, 0x21, 0xff, 0x94, 0x41, 0x21, 0xff, 0x9e, 0x4b, 0x27, 0xff,
0xcf, 0x7c, 0x46, 0xff, 0xfa, 0xa5, 0x60, 0xff, 0xf8, 0xa5, 0x60, 0xea, 0xff, 0xa6, 0x66, 0x14,
0x00, 0x00, 0x00, 0x00, 0x00, 0x00, 0x00, 0x00, 0x00, 0x00, 0x00, 0x00, 0x00, 0x00, 0x00, 0x00,
0x00, 0x00, 0x00, 0x00, 0x00, 0x00, 0x00, 0x00, 0x00, 0x00, 0x00, 0x00, 0x00, 0x00, 0x00, 0x00,
0x00, 0x00, 0x00, 0x00, 0x00, 0x00, 0x00, 0x00, 0x00, 0x00, 0x00, 0x00, 0x00, 0x00, 0x00, 0x00,
0x00, 0x00, 0x00, 0x00, 0x00, 0x00, 0x00, 0x00, 0x00, 0x00, 0x00, 0x00, 0x00, 0x00, 0x00, 0x00,
0x00, 0x00, 0x00, 0x00, 0xf7, 0xa5, 0x63, 0x1f, 0xfa, 0xa5, 0x60, 0xd7, 0xfa, 0xa5, 0x60, 0xff,
0xfa, 0xa5, 0x60, 0xff, 0xf7, 0xa1, 0x5d, 0xff, 0xf5, 0xa0, 0x5d, 0xff, 0xf5, 0xa0, 0x5d, 0xff,
0xf5, 0xa0, 0x5d, 0xff, 0xf5, 0xa0, 0x5d, 0xff, 0xf5, 0xa0, 0x5d, 0xff, 0xf5, 0x9f, 0x5d, 0xff,
0xf4, 0x9f, 0x5d, 0xff, 0xf4, 0x9f, 0x5d, 0xff, 0xf4, 0x9f, 0x5d, 0xff, 0xf4, 0x9f, 0x5d, 0xff,
0xf4, 0x9f, 0x5c, 0xff, 0xf4, 0x9f, 0x5c, 0xff, 0xf4, 0x9f, 0x5c, 0xff, 0xf4, 0x9f, 0x5c, 0xff,
0xf4, 0x9f, 0x5c, 0xff, 0xf3, 0x9f, 0x5c, 0xff, 0xf3, 0x9f, 0x5c, 0xff, 0xf3, 0x9f, 0x5c, 0xff,
0xf3, 0x9e, 0x5c, 0xff, 0xf3, 0x9e, 0x5c, 0xff, 0xf4, 0xa0, 0x5d, 0xff, 0xfa, 0xa5, 0x60, 0xff,
0xfa, 0xa5, 0x60, 0xff, 0xf8, 0xa5, 0x60, 0xea, 0xfa, 0xa7, 0x61, 0x37, 0x00, 0x00, 0x00, 0x00,
0x00, 0x00, 0x00, 0x00, 0x00, 0x00, 0x00, 0x00, 0x00, 0x00, 0x00, 0x00, 0x00, 0x00, 0x00, 0x00,
0x00, 0x00, 0x00, 0x00, 0x00, 0x00, 0x00, 0x00, 0x00, 0x00, 0x00, 0x00, 0x00, 0x00, 0x00, 0x00,
0x00, 0x00, 0x00, 0x00, 0x00, 0x00, 0x00, 0x00, 0x00, 0x00, 0x00, 0x00, 0x00, 0x00, 0x00, 0x00,
0x00, 0x00, 0x00, 0x00, 0x00, 0x00, 0x00, 0x00, 0x00, 0x00, 0x00, 0x00, 0x00, 0x00, 0x00, 0x00,
0x00, 0x00, 0x00, 0x00, 0x00, 0x00, 0x00, 0x00, 0xff, 0xaa, 0x55, 0x09, 0xfb, 0xa5, 0x60, 0x77,
0xfa, 0xa5, 0x5f, 0xcb, 0xfa, 0xa5, 0x5f, 0xeb, 0xfa, 0xa5, 0x60, 0xee, 0xfa, 0xa5, 0x60, 0xee,
0xfa, 0xa5, 0x60, 0xee, 0xfa, 0xa5, 0x60, 0xee, 0xfa, 0xa5, 0x60, 0xee, 0xfa, 0xa5, 0x60, 0xee,
0xfa, 0xa5, 0x60, 0xee, 0xfa, 0xa5, 0x60, 0xee, 0xfa, 0xa5, 0x60, 0xee, 0xfa, 0xa5, 0x60, 0xee,
0xfa, 0xa5, 0x60, 0xee, 0xfa, 0xa5, 0x60, 0xee, 0xfa, 0xa5, 0x60, 0xee, 0xfa, 0xa5, 0x60, 0xee,
0xfa, 0xa5, 0x60, 0xee, 0xfa, 0xa5, 0x60, 0xee, 0xfa, 0xa5, 0x60, 0xee, 0xfa, 0xa5, 0x60, 0xee,
0xfa, 0xa5, 0x60, 0xee, 0xfa, 0xa5, 0x60, 0xee, 0xfa, 0xa5, 0x5f, 0xeb, 0xfa, 0xa6, 0x60, 0xd0,
0xf9, 0xa5, 0x60, 0x85, 0xff, 0xa6, 0x66, 0x14, 0x00, 0x00, 0x00, 0x00, 0x00, 0x00, 0x00, 0x00,
0x00, 0x00, 0x00, 0x00, 0x00, 0x00, 0x00, 0x00, 0x00, 0x00, 0x00, 0x00, 0x00, 0x00, 0x00, 0x00,
0x00, 0x00, 0x00, 0x00, 0x00, 0x00, 0x00, 0x00, 0x00, 0x00, 0x00, 0x00, 0x00, 0x00, 0x00, 0x00,
0x00, 0x00, 0x00, 0x00, 0x00, 0x00, 0x00, 0x00, 0x00, 0x00, 0x00, 0x00, 0x00, 0x00, 0x00, 0x00,
0x00, 0x00, 0x00, 0x00, 0x00, 0x00, 0x00, 0x00, 0x00, 0x00, 0x00, 0x00, 0x00, 0x00, 0x00, 0x00,
0x00, 0x00, 0x00, 0x00, 0x00, 0x00, 0x00, 0x00, 0x00, 0x00, 0x00, 0x00, 0x00, 0x00, 0x00, 0x00,
0x00, 0x00, 0x00, 0x00, 0x00, 0x00, 0x00, 0x00, 0x00, 0x00, 0x00, 0x00, 0x00, 0x00, 0x00, 0x00,
0x00, 0x00, 0x00, 0x00, 0x00, 0x00, 0x00, 0x00, 0x00, 0x00, 0x00, 0x00, 0x00, 0x00, 0x00, 0x00,
0x00, 0x00, 0x00, 0x00, 0x00, 0x00, 0x00, 0x00, 0x00, 0x00, 0x00, 0x00, 0x00, 0x00, 0x00, 0x00,
0x00, 0x00, 0x00, 0x00, 0x00, 0x00, 0x00, 0x00, 0x00, 0x00, 0x00, 0x00, 0x00, 0x00, 0x00, 0x00,
0x00, 0x00, 0x00, 0x00, 0x00, 0x00, 0x00, 0x00, 0x00, 0x00, 0x00, 0x00, 0x00, 0x00, 0x00, 0x00,
0x00, 0x00, 0x00, 0x00, 0x00, 0x00, 0x00, 0x00, 0x00, 0x00, 0x00, 0x00, 0x00, 0x00, 0x00, 0x00,
0x00, 0x00, 0x00, 0x00, 0x00, 0x00, 0x00, 0x00, 0x00, 0x00, 0x00, 0x00, 0x00, 0x00, 0x00, 0x00,
0x00, 0x00, 0x00, 0x00, 0x00, 0x00, 0x00, 0x00, 0x00, 0x00, 0x00, 0x00, 0x00, 0x00, 0x00, 0x00,
0x00, 0x00, 0x00, 0x00, 0x00, 0x00, 0x00, 0x00, 0x00, 0x00, 0x00, 0x00, 0x00, 0x00, 0x00, 0x00,
0x00, 0x00, 0x00, 0x00, 0x00, 0x00, 0x00, 0x00, 0x00, 0x00, 0x00, 0x00, 0x00, 0x00, 0x00, 0x00,
0x00, 0x00, 0x00, 0x00, 0x00, 0x00, 0x00, 0x00, 0x00, 0x00, 0x00, 0x00, 0x00, 0x00, 0x00, 0x00,
0x00, 0x00, 0x00, 0x00, 0x00, 0x00, 0x00, 0x00, 0x00, 0x00, 0x00, 0x00, 0x00, 0x00, 0x00, 0x00,
0x00, 0x00, 0x00, 0x00, 0x00, 0x00, 0x00, 0x00, 0x00, 0x00, 0x00, 0x00, 0x00, 0x00, 0x00, 0x00,
0x00, 0x00, 0x00, 0x00, 0x00, 0x00, 0x00, 0x00, 0x00, 0x00, 0x00, 0x00, 0x00, 0x00, 0x00, 0x00,
0x00, 0x00, 0x00, 0x00, 0x00, 0x00, 0x00, 0x00, 0x00, 0x00, 0x00, 0x00, 0x00, 0x00, 0x00, 0x00,
0x00, 0x00, 0x00, 0x00, 0x00, 0x00, 0x00, 0x00, 0x00, 0x00, 0x00, 0x00, 0x00, 0x00, 0x00, 0x00,
0x00, 0x00, 0x00, 0x00, 0x00, 0x00, 0x00, 0x00, 0x00, 0x00, 0x00, 0x00, 0x00, 0x00, 0x00, 0x00,
0x00, 0x00, 0x00, 0x00, 0x00, 0x00, 0x00, 0x00, 0x00, 0x00, 0x00, 0x00, 0x00, 0x00, 0x00, 0x00,
0x00, 0x00, 0x00, 0x00, 0x00, 0x00, 0x00, 0x00, 0x00, 0x00, 0x00, 0x00, 0x00, 0x00, 0x00, 0x00,
0x00, 0x00, 0x00, 0x00, 0x00, 0x00, 0x00, 0x00, 0x00, 0x00, 0x00, 0x00, 0x00, 0x00, 0x00, 0x00,
0x00, 0x00, 0x00, 0x00, 0x00, 0x00, 0x00, 0x00, 0x00, 0x00, 0x00, 0x00, 0x00, 0x00, 0x00, 0x00,
0x00, 0x00, 0x00, 0x00, 0x00, 0x00, 0x00, 0x00, 0x00, 0x00, 0x00, 0x00, 0x00, 0x00, 0x00, 0x00,
0x00, 0x00, 0x00, 0x00, 0x00, 0x00, 0x00, 0x00, 0x00, 0x00, 0x00, 0x00, 0x00, 0x00, 0x00, 0x00,
0x00, 0x00, 0x00, 0x00, 0x00, 0x00, 0x00, 0x00, 0x00, 0x00, 0x00, 0x00, 0x00, 0x00, 0x00, 0x00,
0x00, 0x00, 0x00, 0x00, 0x00, 0x00, 0x00, 0x00, 0x00, 0x00, 0x00, 0x00, 0x00, 0x00, 0x00, 0x00,
0x00, 0x00, 0x00, 0x00, 0x00, 0x00, 0x00, 0x00, 0x00, 0x00, 0x00, 0x00, 0x00, 0x00, 0x00, 0x00,
0x00, 0x00, 0x00, 0x00, 0x00, 0x00, 0x00, 0x00, 0x00, 0x00, 0x00, 0x00, 0x00, 0x00, 0x00, 0x00,
0x00, 0x00, 0x00, 0x00, 0x00, 0x00, 0x00, 0x00, 0x00, 0x00, 0x00, 0x00, 0x00, 0x00, 0x00, 0x00,
0x00, 0x00, 0x00, 0x00, 0x00, 0x00, 0x00, 0x00, 0x00, 0x00, 0x00, 0x00, 0x00, 0x00, 0x00, 0x00,
0x00, 0x00, 0x00, 0x00, 0x00, 0x00, 0x00, 0x00, 0x00, 0x00, 0x00, 0x00, 0x00, 0x00, 0x00, 0x00,
0x00, 0x00, 0x00, 0x00, 0x00, 0x00, 0x00, 0x00, 0x00, 0x00, 0x00, 0x00, 0x00, 0x00, 0x00, 0x00,
0x00, 0x00, 0x00, 0x00, 0x00, 0x00, 0x00, 0x00, 0x00, 0x00, 0x00, 0x00, 0x00, 0x00, 0x00, 0x00,
0x00, 0x00, 0x00, 0x00, 0x00, 0x00, 0x00, 0x00, 0x00, 0x00, 0x00, 0x00, 0x00, 0x00, 0x00, 0x00,
0x00, 0x00, 0x00, 0x00, 0x00, 0x00, 0x00, 0x00, 0x00, 0x00, 0x00, 0x00, 0x00, 0x00, 0x00, 0x00,
0x00, 0x00, 0x00, 0x00, 0x00, 0x00, 0x00, 0x00, 0x00, 0x00, 0x00, 0x00, 0x00, 0x00, 0x00, 0x00,
0x00, 0x00, 0x00, 0x00, 0x00, 0x00, 0x00, 0x00, 0x00, 0x00, 0x00, 0x00, 0x00, 0x00, 0x00, 0x00,
0x00, 0x00, 0x00, 0x00, 0x00, 0x00, 0x00, 0x00, 0x00, 0x00, 0x00, 0x00, 0x00, 0x00, 0x00, 0x00,
0x00, 0x00, 0x00, 0x00, 0x00, 0x00, 0x00, 0x00, 0x00, 0x00, 0x00, 0x00, 0x00, 0x00, 0x00, 0x00,
0x00, 0x00, 0x00, 0x00, 0x00, 0x00, 0x00, 0x00, 0x00, 0x00, 0x00, 0x00, 0x00, 0x00, 0x00, 0x00,
0x00, 0x00, 0x00, 0x00, 0x00, 0x00, 0x00, 0x00, 0x00, 0x00, 0x00, 0x00, 0x00, 0x00, 0x00, 0x00,
0x00, 0x00, 0x00, 0x00, 0x00, 0x00, 0x00, 0x00, 0x00, 0x00, 0x00, 0x00, 0x00, 0x00, 0x00, 0x00,
0x00, 0x00, 0x00, 0x00, 0x00, 0x00, 0x00, 0x00, 0x00, 0x00, 0x00, 0x00, 0x00, 0x00, 0x00, 0x00,
0x00, 0x00, 0x00, 0x00, 0x00, 0x00, 0x00, 0x00, 0x00, 0x00, 0x00, 0x00, 0x00, 0x00, 0x00, 0x00,
0x00, 0x00, 0x00, 0x00, 0x00, 0x00, 0x00, 0x00, 0x00, 0x00, 0x00, 0x00, 0x00, 0x00, 0x00, 0x00,
0x00, 0x00, 0x00, 0x00, 0x00, 0x00, 0x00, 0x00, 0x00, 0x00, 0x00, 0x00, 0x00, 0x00, 0x00, 0x00,
0x00, 0x00, 0x00, 0x00, 0x00, 0x00, 0x00, 0x00, 0x00, 0x00, 0x00, 0x00, 0x00, 0x00, 0x00, 0x00,
0x00, 0x00, 0x00, 0x00, 0x00, 0x00, 0x00, 0x00, 0x00, 0x00, 0x00, 0x00, 0x00, 0x00, 0x00, 0x00,
0x00, 0x00, 0x00, 0x00, 0x00, 0x00, 0x00, 0x00, 0x00, 0x00, 0x00, 0x00, 0x00, 0x00, 0x00, 0x00,
0x00, 0x00, 0x00, 0x00, 0x00, 0x00, 0x00, 0x00, 0x00, 0x00, 0x00, 0x00, 0x00, 0x00, 0x00, 0x00,
0x00, 0x00, 0x00, 0x00, 0x00, 0x00, 0x00, 0x00, 0x00, 0x00, 0x00, 0x00, 0x00, 0x00, 0x00, 0x00,
0x00, 0x00, 0x00, 0x00, 0x00, 0x00, 0x00, 0x00, 0x00, 0x00, 0x00, 0x00, 0x00, 0x00, 0x00, 0x00,
0x00, 0x00, 0x00, 0x00, 0x00, 0x00, 0x00, 0x00, 0x00, 0x00, 0x00, 0x00, 0x00, 0x00, 0x00, 0x00,
0x00, 0x00, 0x00, 0x00, 0x00, 0x00, 0x00, 0x00, 0x00, 0x00, 0x00, 0x00, 0x00, 0x00, 0x00, 0x00,
0x00, 0x00, 0x00, 0x00, 0x00, 0x00, 0x00, 0x00, 0x00, 0x00, 0x00, 0x00, 0x00, 0x00, 0x00, 0x00,
0x00, 0x00, 0x00, 0x00, 0x00, 0x00, 0x00, 0x00, 0x00, 0x00, 0x00, 0x00, 0x00, 0x00, 0x00, 0x00,
0x00, 0x00, 0x00, 0x00, 0x00, 0x00, 0x00, 0x00, 0x00, 0x00, 0x00, 0x00, 0x00, 0x00, 0x00, 0x00,
0x00, 0x00, 0x00, 0x00, 0x00, 0x00, 0x00, 0x00, 0x00, 0x00, 0x00, 0x00, 0x00, 0x00, 0x00, 0x00
};

extern const uint8_t app_lua_bin[9216] = {
0x00, 0x00, 0x00, 0x00, 0x00, 0x00, 0x00, 0x00, 0x00, 0x00, 0x00, 0x00, 0x00, 0x00, 0x00, 0x00,
0x00, 0x00, 0x00, 0x00, 0x00, 0x00, 0x00, 0x00, 0x00, 0x00, 0x00, 0x00, 0x00, 0x00, 0x00, 0x00,
0x00, 0x00, 0x00, 0x00, 0x00, 0x00, 0x00, 0x00, 0x00, 0x00, 0x00, 0x00, 0x00, 0x00, 0x00, 0x00,
0x00, 0x00, 0x00, 0x00, 0x00, 0x00, 0x00, 0x00, 0x00, 0x00, 0x00, 0x00, 0x00, 0x00, 0x00, 0x00,
0x00, 0x00, 0x00, 0x00, 0x00, 0x00, 0x00, 0x00, 0x00, 0x00, 0x00, 0x00, 0x00, 0x00, 0x00, 0x00,
0x00, 0x00, 0x00, 0x00, 0x00, 0x00, 0x00, 0x00, 0x00, 0x00, 0x00, 0x00, 0x00, 0x00, 0x00, 0x00,
0x00, 0x00, 0x00, 0x00, 0x00, 0x00, 0x00, 0x00, 0x00, 0x00, 0x00, 0x00, 0x00, 0x00, 0x00, 0x00,
0x00, 0x00, 0x00, 0x00, 0x00, 0x00, 0x00, 0x00, 0x00, 0x00, 0x00, 0x00, 0x00, 0x00, 0x00, 0x00,
0x00, 0x00, 0x00, 0x00, 0x00, 0x00, 0x00, 0x00, 0x00, 0x00, 0x00, 0x00, 0x00, 0x00, 0x00, 0x00,
0x00, 0x00, 0x00, 0x00, 0x00, 0x00, 0x00, 0x00, 0x00, 0x00, 0x00, 0x00, 0x00, 0x00, 0x00, 0x00,
0x00, 0x00, 0x00, 0x00, 0x00, 0x00, 0x00, 0x00, 0x00, 0x00, 0x00, 0x00, 0x00, 0x00, 0x00, 0x00,
0x00, 0x00, 0x00, 0x00, 0x00, 0x00, 0x00, 0x00, 0x00, 0x00, 0x00, 0x00, 0x00, 0x00, 0x00, 0x00,
0x00, 0x00, 0x00, 0x00, 0x00, 0x00, 0x00, 0x00, 0x00, 0x00, 0x00, 0x00, 0x00, 0x00, 0x00, 0x00,
0x00, 0x00, 0x00, 0x00, 0x00, 0x00, 0x00, 0x00, 0x00, 0x00, 0x00, 0x00, 0x00, 0x00, 0x00, 0x00,
0x00, 0x00, 0x00, 0x00, 0x00, 0x00, 0x00, 0x00, 0x00, 0x00, 0x00, 0x00, 0x00, 0x00, 0x00, 0x00,
0x00, 0x00, 0x00, 0x00, 0x00, 0x00, 0x00, 0x00, 0x00, 0x00, 0x00, 0x00, 0x00, 0x00, 0x00, 0x00,
0x00, 0x00, 0x00, 0x00, 0x00, 0x00, 0x00, 0x00, 0x00, 0x00, 0x00, 0x00, 0x00, 0x00, 0x00, 0x00,
0x00, 0x00, 0x00, 0x00, 0x00, 0x00, 0x00, 0x00, 0x00, 0x00, 0x00, 0x00, 0x00, 0x00, 0x00, 0x00,
0x00, 0x00, 0x00, 0x00, 0x00, 0x00, 0x00, 0x00, 0x00, 0x00, 0x00, 0x00, 0x00, 0x00, 0x00, 0x00,
0x00, 0x00, 0x00, 0x00, 0x00, 0x00, 0x00, 0x00, 0x00, 0x00, 0x00, 0x00, 0x00, 0x00, 0x00, 0x00,
0x00, 0x00, 0x00, 0x00, 0x00, 0x00, 0x00, 0x00, 0x00, 0x00, 0x00, 0x00, 0x00, 0x00, 0x00, 0x00,
0x00, 0x00, 0x00, 0x00, 0x00, 0x00, 0x00, 0x00, 0x00, 0x00, 0x00, 0x00, 0x00, 0x00, 0x00, 0x00,
0x00, 0x00, 0x00, 0x00, 0x00, 0x00, 0x00, 0x00, 0x00, 0x00, 0x00, 0x00, 0x00, 0x00, 0x00, 0x00,
0x00, 0x00, 0x00, 0x00, 0x00, 0x00, 0x00, 0x00, 0x00, 0x00, 0x00, 0x00, 0x00, 0x00, 0x00, 0x00,
0x00, 0x00, 0x00, 0x00, 0x00, 0x00, 0x00, 0x00, 0x00, 0x00, 0x00, 0x00, 0x00, 0x00, 0x00, 0x00,
0x00, 0x00, 0x00, 0x00, 0x00, 0x00, 0x00, 0x00, 0x00, 0x00, 0x00, 0x00, 0x00, 0x00, 0x00, 0x00,
0x00, 0x00, 0x00, 0x00, 0x00, 0x00, 0x00, 0x00, 0x00, 0x00, 0x00, 0x00, 0x00, 0x00, 0x00, 0x00,
0x00, 0x00, 0x00, 0x00, 0x00, 0x00, 0x00, 0x00, 0x00, 0x00, 0x00, 0x00, 0x00, 0x00, 0x00, 0x00,
0x00, 0x00, 0x00, 0x00, 0x00, 0x00, 0x00, 0x00, 0x00, 0x00, 0x00, 0x00, 0x00, 0x00, 0x00, 0x00,
0x00, 0x00, 0x00, 0x00, 0x00, 0x00, 0x00, 0x00, 0x00, 0x00, 0x00, 0x00, 0x00, 0x00, 0x00, 0x00,
0x00, 0x00, 0x00, 0x00, 0x00, 0x00, 0x00, 0x00, 0x00, 0x00, 0x00, 0x00, 0x00, 0x00, 0x00, 0x00,
0x00, 0x00, 0x00, 0x00, 0x00, 0x00, 0x00, 0x00, 0x00, 0x00, 0x00, 0x00, 0x00, 0x00, 0x00, 0x00,
0x00, 0x00, 0x00, 0x00, 0x00, 0x00, 0x00, 0x00, 0x00, 0x00, 0x00, 0x00, 0x00, 0x00, 0x00, 0x00,
0x00, 0x00, 0x00, 0x00, 0x00, 0x00, 0x00, 0x00, 0x00, 0x00, 0x00, 0x00, 0x00, 0x00, 0x00, 0x00,
0x00, 0x00, 0x00, 0x00, 0x00, 0x00, 0x00, 0x00, 0x00, 0x00, 0x00, 0x00, 0x00, 0x00, 0x00, 0x00,
0x00, 0x00, 0x00, 0x00, 0x00, 0x00, 0x00, 0x00, 0x00, 0x00, 0x00, 0x00, 0x00, 0x00, 0x00, 0x00,
0x00, 0x00, 0x00, 0x00, 0x00, 0x00, 0x00, 0x00, 0x00, 0x00, 0x00, 0x00, 0x00, 0x00, 0x00, 0x00,
0x00, 0x00, 0x00, 0x00, 0x00, 0x00, 0x00, 0x00, 0x00, 0x00, 0x00, 0x00, 0x00, 0x00, 0x00, 0x00,
0x00, 0x00, 0x00, 0x00, 0x00, 0x00, 0x00, 0x00, 0x00, 0x00, 0x00, 0x00, 0x00, 0x00, 0x00, 0x00,
0x00, 0x00, 0x00, 0x00, 0x00, 0x00, 0x00, 0x00, 0x00, 0x00, 0x00, 0x00, 0x00, 0x00, 0x00, 0x00,
0x00, 0x00, 0x00, 0x00, 0x00, 0x00, 0x00, 0x00, 0x00, 0x00, 0x00, 0x00, 0x00, 0x00, 0x00, 0x00,
0x00, 0x00, 0x00, 0x00, 0x00, 0x00, 0x00, 0x00, 0x00, 0x00, 0x00, 0x00, 0x00, 0x00, 0x00, 0x00,
0x00, 0x00, 0x00, 0x00, 0x00, 0x00, 0x00, 0x00, 0x00, 0x00, 0x00, 0x00, 0x00, 0x00, 0x00, 0x00,
0x00, 0x00, 0x00, 0x00, 0x00, 0x00, 0x00, 0x00, 0x00, 0x00, 0x00, 0x00, 0x00, 0x00, 0x00, 0x00,
0x00, 0x00, 0x00, 0x00, 0x00, 0x00, 0x00, 0x00, 0x00, 0x00, 0x00, 0x00, 0x00, 0x00, 0x00, 0x00,
0x00, 0x00, 0x00, 0x00, 0x00, 0x00, 0x00, 0x00, 0x00, 0x00, 0x00, 0x00, 0x00, 0x00, 0x00, 0x00,
0x00, 0x00, 0x00, 0x00, 0x00, 0x00, 0x00, 0x00, 0x00, 0x00, 0x00, 0x00, 0x00, 0x00, 0x00, 0x00,
0x00, 0x00, 0x00, 0x00, 0x00, 0x00, 0x00, 0x00, 0x00, 0x00, 0x00, 0x00, 0x00, 0x00, 0x00, 0x00,
0x00, 0x00, 0x00, 0x00, 0x00, 0x00, 0x00, 0x00, 0x00, 0x00, 0x00, 0x00, 0x00, 0x00, 0x00, 0x00,
0x00, 0x00, 0x00, 0x00, 0x00, 0x00, 0x00, 0x00, 0x00, 0x00, 0x00, 0x00, 0x00, 0x00, 0x00, 0x00,
0x00, 0x00, 0x00, 0x00, 0x00, 0x00, 0x00, 0x00, 0x00, 0x00, 0x00, 0x00, 0x00, 0x00, 0x00, 0x00,
0x00, 0x00, 0x00, 0x00, 0x00, 0x00, 0x00, 0x00, 0x00, 0x00, 0x00, 0x00, 0x00, 0x00, 0x00, 0x00,
0x00, 0x00, 0x00, 0x00, 0x00, 0x00, 0x00, 0x00, 0x00, 0x00, 0x00, 0x00, 0x00, 0x00, 0x00, 0x00,
0x00, 0x00, 0x00, 0x00, 0x00, 0x00, 0x00, 0x00, 0x00, 0x00, 0x00, 0x00, 0x00, 0x00, 0x00, 0x00,
0x00, 0x00, 0x00, 0x00, 0x00, 0x00, 0x00, 0x00, 0x00, 0x00, 0x00, 0x00, 0x00, 0x00, 0x00, 0x00,
0x00, 0x00, 0x00, 0x00, 0x00, 0x00, 0x00, 0x00, 0x00, 0x00, 0x00, 0x00, 0x00, 0x00, 0x00, 0x00,
0x00, 0x00, 0x00, 0x00, 0x00, 0x00, 0x00, 0x00, 0x00, 0x00, 0x00, 0x00, 0x00, 0x00, 0x00, 0x00,
0x00, 0x00, 0x00, 0x00, 0x00, 0x00, 0x00, 0x00, 0x00, 0x00, 0x00, 0x00, 0x00, 0x00, 0x00, 0x00,
0x00, 0x00, 0x00, 0x00, 0x00, 0x00, 0x00, 0x00, 0x00, 0x00, 0x00, 0x00, 0x00, 0x00, 0x00, 0x00,
0x00, 0x00, 0x00, 0x00, 0x00, 0x00, 0x00, 0x00, 0x00, 0x00, 0x00, 0x00, 0x00, 0x00, 0x00, 0x00,
0x00, 0x00, 0x00, 0x00, 0x00, 0x00, 0x00, 0x00, 0x00, 0x00, 0x00, 0x00, 0x00, 0x00, 0x00, 0x00,
0x00, 0x00, 0x00, 0x00, 0x00, 0x00, 0x00, 0x00, 0x00, 0x00, 0x00, 0x00, 0x00, 0x00, 0x00, 0x00,
0x00, 0x00, 0x00, 0x00, 0x00, 0x00, 0x00, 0x00, 0x00, 0x00, 0x00, 0x00, 0x00, 0x00, 0x00, 0x00,
0x00, 0x00, 0x00, 0x00, 0x00, 0x00, 0x00, 0x00, 0x00, 0x00, 0x00, 0x00, 0x00, 0x00, 0x00, 0x00,
0x00, 0x00, 0x00, 0x00, 0x00, 0x00, 0x00, 0x00, 0x00, 0x00, 0x00, 0x00, 0x00, 0x00, 0x00, 0x00,
0x00, 0x00, 0x00, 0x00, 0x00, 0x00, 0x00, 0x00, 0x00, 0x00, 0x00, 0x00, 0x00, 0x00, 0x00, 0x00,
0x00, 0x00, 0x00, 0x00, 0x00, 0x00, 0x00, 0x00, 0x00, 0x00, 0x00, 0x00, 0x00, 0x00, 0x00, 0x00,
0x00, 0x00, 0x00, 0x00, 0x00, 0x00, 0x00, 0x00, 0x00, 0x00, 0x00, 0x00, 0x00, 0x00, 0x00, 0x00,
0x00, 0x00, 0x00, 0x00, 0x00, 0x00, 0x00, 0x00, 0x00, 0x00, 0x00, 0x00, 0x00, 0x00, 0x00, 0x00,
0x00, 0x00, 0x00, 0x00, 0x00, 0x00, 0x00, 0x00, 0x00, 0x00, 0x00, 0x00, 0x00, 0x00, 0x00, 0x00,
0x00, 0x00, 0x00, 0x00, 0x00, 0x00, 0x00, 0x00, 0x00, 0x00, 0x00, 0x00, 0x00, 0x00, 0x00, 0x00,
0x00, 0x00, 0x00, 0x00, 0x00, 0x00, 0x00, 0x00, 0x00, 0x00, 0x00, 0x00, 0x00, 0x00, 0x00, 0x00,
0x00, 0x00, 0x00, 0x00, 0x00, 0x00, 0x00, 0x00, 0x00, 0x00, 0x00, 0x00, 0x00, 0x00, 0x00, 0x00,
0x00, 0x00, 0x00, 0x00, 0x00, 0x00, 0x00, 0x00, 0x00, 0x00, 0x00, 0x00, 0x00, 0x00, 0x00, 0x00,
0x00, 0x00, 0x00, 0x00, 0x00, 0x00, 0x00, 0x00, 0x00, 0x00, 0x00, 0x00, 0x00, 0x00, 0x00, 0x00,
0x00, 0x00, 0x00, 0x00, 0x00, 0x00, 0x00, 0x00, 0x00, 0x00, 0x00, 0x00, 0x00, 0x00, 0x00, 0x00,
0x00, 0x00, 0x00, 0x00, 0x00, 0x00, 0x00, 0x00, 0x00, 0x00, 0x00, 0x00, 0x00, 0x00, 0x00, 0x00,
0x00, 0x00, 0x00, 0x00, 0x00, 0x00, 0x00, 0x00, 0x00, 0x00, 0x00, 0x00, 0x00, 0x00, 0x00, 0x00,
0x00, 0x00, 0x00, 0x00, 0x00, 0x00, 0x00, 0x00, 0x00, 0x00, 0x00, 0x00, 0x00, 0x00, 0x00, 0x00,
0x00, 0x00, 0x00, 0x00, 0x00, 0x00, 0x00, 0x00, 0x00, 0x00, 0x00, 0x00, 0x00, 0x00, 0x00, 0x00,
0xff, 0xff, 0x80, 0x02, 0xff, 0xd1, 0x7c, 0x27, 0xfb, 0xd2, 0x7d, 0x39, 0xff, 0xd1, 0x7c, 0x27,
0xff, 0xff, 0x80, 0x02, 0x00, 0x00, 0x00, 0x00, 0x00, 0x00, 0x00, 0x00, 0x00, 0x00, 0x00, 0x00,
0x00, 0x00, 0x00, 0x00, 0x00, 0x00, 0x00, 0x00, 0x00, 0x00, 0x00, 0x00, 0x00, 0x00, 0x00, 0x00,
0x00, 0x00, 0x00, 0x00, 0x00, 0x00, 0x00, 0x00, 0x00, 0x00, 0x00, 0x00, 0x00, 0x00, 0x00, 0x00,
0x00, 0x00, 0x00, 0x00, 0x00, 0x00, 0x00, 0x00, 0x00, 0x00, 0x00, 0x00, 0x00, 0x00, 0x00, 0x00,
0x00, 0x00, 0x00, 0x00, 0x00, 0x00, 0x00, 0x00, 0x00, 0x00, 0x00, 0x00, 0x00, 0x00, 0x00, 0x00,
0x00, 0x00, 0x00, 0x00, 0x00, 0x00, 0x00, 0x00, 0x00, 0x00, 0x00, 0x00, 0x00, 0x00, 0x00, 0x00,
0x00, 0x00, 0x00, 0x00, 0x00, 0x00, 0x00, 0x00, 0x00, 0x00, 0x00, 0x00, 0x00, 0x00, 0x00, 0x00,
0x00, 0x00, 0x00, 0x00, 0x00, 0x00, 0x00, 0x00, 0x00, 0x00, 0x00, 0x00, 0x00, 0x00, 0x00, 0x00,
0x00, 0x00, 0x00, 0x00, 0x00, 0x00, 0x00, 0x00, 0x00, 0x00, 0x00, 0x00, 0x00, 0x00, 0x00, 0x00,
0x00, 0x00, 0x00, 0x00, 0x00, 0x00, 0x00, 0x00, 0x00, 0x00, 0x00, 0x00, 0x00, 0x00, 0x00, 0x00,
0x00, 0x00, 0x00, 0x00, 0x00, 0x00, 0x00, 0x00, 0xff, 0xdb, 0x80, 0x0e, 0xfb, 0xd3, 0x7e, 0x84,
0xfc, 0xd4, 0x7f, 0xeb, 0xfc, 0xd3, 0x7d, 0xff, 0xfc, 0xd3, 0x7d, 0xff, 0xfc, 0xd3, 0x7d, 0xff,
0xfc, 0xd4, 0x7f, 0xeb, 0xfb, 0xd3, 0x7e, 0x84, 0xff, 0xdb, 0x80, 0x0e, 0x00, 0x00, 0x00, 0x00,
0x00, 0x00, 0x00, 0x00, 0x00, 0x00, 0x00, 0x00, 0x00, 0x00, 0x00, 0x00, 0x00, 0x00, 0x00, 0x00,
0x00, 0x00, 0x00, 0x00, 0x00, 0x00, 0x00, 0x00, 0x00, 0x00, 0x00, 0x00, 0x00, 0x00, 0x00, 0x00,
0x00, 0x00, 0x00, 0x00, 0x00, 0x00, 0x00, 0x00, 0x00, 0x00, 0x00, 0x00, 0x00, 0x00, 0x00, 0x00,
0x00, 0x00, 0x00, 0x00, 0x00, 0x00, 0x00, 0x00, 0x00, 0x00, 0x00, 0x00, 0x00, 0x00, 0x00, 0x00,
0x00, 0x00, 0x00, 0x00, 0x00, 0x00, 0x00, 0x00, 0x00, 0x00, 0x00, 0x00, 0x00, 0x00, 0x00, 0x00,
0x00, 0x00, 0x00, 0x00, 0x00, 0x00, 0x00, 0x00, 0x00, 0x00, 0x00, 0x00, 0x00, 0x00, 0x00, 0x00,
0x00, 0x00, 0x00, 0x00, 0x00, 0x00, 0x00, 0x00, 0x00, 0x00, 0x00, 0x00, 0x00, 0x00, 0x00, 0x00,
0x00, 0x00, 0x00, 0x00, 0x00, 0x00, 0x00, 0x00, 0x00, 0x00, 0x00, 0x00, 0x00, 0x00, 0x00, 0x00,
0x00, 0x00, 0x00, 0x00, 0x00, 0x00, 0x00, 0x00, 0x00, 0x00, 0x00, 0x00, 0x00, 0x00, 0x00, 0x00,
0x00, 0x00, 0x00, 0x00, 0xff, 0xd3, 0x7c, 0x23, 0xfc, 0xd4, 0x7e, 0xdc, 0xfc, 0xd3, 0x7d, 0xfe,
0xfd, 0xdf, 0xa3, 0xff, 0xfe, 0xeb, 0xc6, 0xff, 0xfe, 0xef, 0xd1, 0xff, 0xfe, 0xeb, 0xc6, 0xff,
0xfd, 0xdf, 0xa3, 0xff, 0xfc, 0xd3, 0x7d, 0xfe, 0xfc, 0xd4, 0x7e, 0xdc, 0xff, 0xd3, 0x7c, 0x23,
0x00, 0x00, 0x00, 0x00, 0x00, 0x00, 0x00, 0x00, 0x00, 0x00, 0x00, 0x00, 0x00, 0x00, 0x00, 0x00,
0x00, 0x00, 0x00, 0x00, 0x00, 0x00, 0x00, 0x00, 0x00, 0x00, 0x00, 0x00, 0x00, 0x00, 0x00, 0x00,
0x00, 0x00, 0x00, 0x00, 0x00, 0x00, 0x00, 0x00, 0x00, 0x00, 0x00, 0x00, 0x00, 0x00, 0x00, 0x00,
0x00, 0x00, 0x00, 0x00, 0x00, 0x00, 0x00, 0x00, 0x00, 0x00, 0x00, 0x00, 0x00, 0x00, 0x00, 0x00,
0x00, 0x00, 0x00, 0x00, 0x00, 0x00, 0x00, 0x00, 0x00, 0x00, 0x00, 0x00, 0x00, 0x00, 0x00, 0x00,
0x00, 0x00, 0x00, 0x00, 0x00, 0x00, 0x00, 0x00, 0x00, 0x00, 0x00, 0x00, 0x00, 0x00, 0x00, 0x00,
0x00, 0x00, 0x00, 0x00, 0x00, 0x00, 0x00, 0x00, 0x00, 0x00, 0x00, 0x00, 0x00, 0x00, 0x00, 0x00,
0x00, 0x00, 0x00, 0x00, 0x00, 0x00, 0x00, 0x00, 0x00, 0x00, 0x00, 0x00, 0x00, 0x00, 0x00, 0x00,
0x00, 0x00, 0x00, 0x00, 0x00, 0x00, 0x00, 0x00, 0x00, 0x00, 0x00, 0x00, 0x00, 0x00, 0x00, 0x00,
0xff, 0xdb, 0x80, 0x0e, 0xfc, 0xd4, 0x7e, 0xdc, 0xfc, 0xd7, 0x86, 0xfc, 0xfe, 0xf0, 0xd5, 0xff,
0xff, 0xf9, 0xf0, 0xff, 0xff, 0xf9, 0xf0, 0xff, 0xff, 0xf9, 0xf0, 0xff, 0xff, 0xf9, 0xf0, 0xff,
0xff, 0xf9, 0xf0, 0xff, 0xfe, 0xf0, 0xd5, 0xff, 0xfc, 0xd7, 0x86, 0xfc, 0xfc, 0xd4, 0x7f, 0xdb,
0xff, 0xd8, 0x76, 0x0d, 0x00, 0x00, 0x00, 0x00, 0x00, 0x00, 0x00, 0x00, 0x00, 0x00, 0x00, 0x00,
0x00, 0x00, 0x00, 0x00, 0x00, 0x00, 0x00, 0x00, 0x00, 0x00, 0x00, 0x00, 0x00, 0x00, 0x00, 0x00,
0x00, 0x00, 0x00, 0x00, 0x00, 0x00, 0x00, 0x00, 0x00, 0x00, 0x00, 0x00, 0x00, 0x00, 0x00, 0x00,
0x00, 0x00, 0x00, 0x00, 0x00, 0x00, 0x00, 0x00, 0x00, 0x00, 0x00, 0x00, 0x00, 0x00, 0x00, 0x00,
0x00, 0x00, 0x00, 0x00, 0x00, 0x00, 0x00, 0x00, 0x00, 0x00, 0x00, 0x00, 0x00, 0x00, 0x00, 0x00,
0x00, 0x00, 0x00, 0x00, 0x00, 0x00, 0x00, 0x00, 0x00, 0x00, 0x00, 0x00, 0x00, 0x00, 0x00, 0x00,
0x00, 0x00, 0x00, 0x00, 0x00, 0x00, 0x00, 0x00, 0x00, 0x00, 0x00, 0x00, 0x00, 0x00, 0x00, 0x00,
0x00, 0x00, 0x00, 0x00, 0x00, 0x00, 0x00, 0x00, 0x00, 0x00, 0x00, 0x00, 0x00, 0x00, 0x00, 0x00,
0x00, 0x00, 0x00, 0x00, 0x00, 0x00, 0x00, 0x00, 0x00, 0x00, 0x00, 0x00, 0x00, 0x00, 0x00, 0x00,
0xfb, 0xd3, 0x7d, 0x85, 0xfc, 0xd3, 0x7d, 0xfe, 0xfe, 0xf0, 0xd5, 0xff, 0xff, 0xf9, 0xf0, 0xff,
0xff, 0xf9, 0xf0, 0xff, 0xff, 0xf9, 0xf0, 0xff, 0xff, 0xf9, 0xf0, 0xff, 0xff, 0xf9, 0xf0, 0xff,
0xff, 0xf9, 0xf0, 0xff, 0xff, 0xf9, 0xf0, 0xff, 0xfe, 0xf0, 0xd5, 0xff, 0xfc, 0xd3, 0x7d, 0xfe,
0xfb, 0xd2, 0x7d, 0x83, 0x00, 0x00, 0x00, 0x00, 0x00, 0x00, 0x00, 0x00, 0x00, 0x00, 0x00, 0x00,
0x00, 0x00, 0x00, 0x00, 0x00, 0x00, 0x00, 0x00, 0x00, 0x00, 0x00, 0x00, 0x00, 0x00, 0x00, 0x00,
0x00, 0x00, 0x00, 0x00, 0x00, 0x00, 0x00, 0x00, 0x00, 0x00, 0x00, 0x00, 0x00, 0x00, 0x00, 0x00,
0x00, 0x00, 0x00, 0x00, 0x00, 0x00, 0x00, 0x00, 0x00, 0x00, 0x00, 0x00, 0x00, 0x00, 0x00, 0x00,
0x00, 0x00, 0x00, 0x00, 0x00, 0x00, 0x00, 0x00, 0x00, 0x00, 0x00, 0x00, 0x00, 0x00, 0x00, 0x00,
0x00, 0x00, 0x00, 0x00, 0x00, 0x00, 0x00, 0x00, 0x00, 0x00, 0x00, 0x00, 0x00, 0x00, 0x00, 0x00,
0x00, 0x00, 0x00, 0x00, 0x00, 0x00, 0x00, 0x00, 0x00, 0x00, 0x00, 0x00, 0x00, 0x00, 0x00, 0x00,
0x00, 0x00, 0x00, 0x00, 0x00, 0x00, 0x00, 0x00, 0x00, 0x00, 0x00, 0x00, 0x00, 0x00, 0x00, 0x00,
0x00, 0x00, 0x00, 0x00, 0x00, 0x00, 0x00, 0x00, 0x00, 0x00, 0x00, 0x00, 0xff, 0xff, 0x80, 0x02,
0xfc, 0xd4, 0x7f, 0xeb, 0xfd, 0xdf, 0xa3, 0xff, 0xff, 0xf9, 0xf0, 0xff, 0xff, 0xf9, 0xf0, 0xff,
0xff, 0xf9, 0xf0, 0xff, 0xff, 0xf9, 0xf0, 0xff, 0xff, 0xf9, 0xf0, 0xff, 0xff, 0xf9, 0xf0, 0xff,
0xff, 0xf9, 0xf0, 0xff, 0xff, 0xf9, 0xf0, 0xff, 0xff, 0xf9, 0xf0, 0xff, 0xfd, 0xdf, 0xa2, 0xff,
0xfc, 0xd3, 0x7e, 0xea, 0xff, 0xff, 0x80, 0x02, 0x00, 0x00, 0x00, 0x00, 0x00, 0x00, 0x00, 0x00,
0x00, 0x00, 0x00, 0x00, 0x00, 0x00, 0x00, 0x00, 0x00, 0x00, 0x00, 0x00, 0x00, 0x00, 0x00, 0x00,
0x00, 0x00, 0x00, 0x00, 0x00, 0x00, 0x00, 0x00, 0x00, 0x00, 0x00, 0x00, 0x00, 0x00, 0x00, 0x00,
0x00, 0x00, 0x00, 0x00, 0x00, 0x00, 0x00, 0x00, 0x00, 0x00, 0x00, 0x00, 0x00, 0x00, 0x00, 0x00,
0x00, 0x00, 0x00, 0x00, 0x00, 0x00, 0x00, 0x00, 0x00, 0x00, 0x00, 0x00, 0x00, 0x00, 0x00, 0x00,
0x00, 0x00, 0x00, 0x00, 0x00, 0x00, 0x00, 0x00, 0x00, 0x00, 0x00, 0x00, 0x00, 0x00, 0x00, 0x00,
0x00, 0x00, 0x00, 0x00, 0xff, 0xaa, 0x2b, 0x06, 0xfa, 0xbe, 0x36, 0x2f, 0xf8, 0xbe, 0x36, 0x4b,
0xf7, 0xbe, 0x39, 0x62, 0xf7, 0xbe, 0x39, 0x62, 0xf8, 0xbe, 0x37, 0x4a, 0xfa, 0xbe, 0x36, 0x2f,
0xff, 0xaa, 0x2b, 0x06, 0x00, 0x00, 0x00, 0x00, 0x00, 0x00, 0x00, 0x00, 0xff, 0xd0, 0x80, 0x26,
0xfc, 0xd3, 0x7d, 0xff, 0xfe, 0xeb, 0xc6, 0xff, 0xff, 0xf9, 0xf0, 0xff, 0xff, 0xf9, 0xf0, 0xff,
0xff, 0xf9, 0xf0, 0xff, 0xff, 0xf9, 0xf0, 0xff, 0xff, 0xf9, 0xf0, 0xff, 0xff, 0xf9, 0xf0, 0xff,
0xff, 0xf9, 0xf0, 0xff, 0xff, 0xf9, 0xf0, 0xff, 0xff, 0xf9, 0xf0, 0xff, 0xfe, 0xeb, 0xc6, 0xff,
0xfc, 0xd3, 0x7d, 0xff, 0xff, 0xd6, 0x7c, 0x25, 0x00, 0x00, 0x00, 0x00, 0x00, 0x00, 0x00, 0x00,
0x00, 0x00, 0x00, 0x00, 0x00, 0x00, 0x00, 0x00, 0x00, 0x00, 0x00, 0x00, 0x00, 0x00, 0x00, 0x00,
0x00, 0x00, 0x00, 0x00, 0x00, 0x00, 0x00, 0x00, 0x00, 0x00, 0x00, 0x00, 0x00, 0x00, 0x00, 0x00,
0x00, 0x00, 0x00, 0x00, 0x00, 0x00, 0x00, 0x00, 0x00, 0x00, 0x00, 0x00, 0x00, 0x00, 0x00, 0x00,
0x00, 0x00, 0x00, 0x00, 0x00, 0x00, 0x00, 0x00, 0x00, 0x00, 0x00, 0x00, 0x00, 0x00, 0x00, 0x00,
0x00, 0x00, 0x00, 0x00, 0x00, 0x00, 0x00, 0x00, 0xff, 0x80, 0x00, 0x02, 0xf9, 0xbc, 0x37, 0x54,
0xf7, 0xbe, 0x38, 0xa8, 0xf7, 0xbc, 0x38, 0xf1, 0xf8, 0xbd, 0x38, 0xff, 0xf8, 0xbd, 0x38, 0xff,
0xf8, 0xbd, 0x38, 0xff, 0xf8, 0xbd, 0x38, 0xff, 0xf8, 0xbd, 0x38, 0xff, 0xf8, 0xbd, 0x38, 0xff,
0xf8, 0xbd, 0x38, 0xf0, 0xf7, 0xbd, 0x38, 0xa7, 0xf9, 0xbe, 0x37, 0x53, 0xfb, 0xd0, 0x77, 0x3c,
0xfc, 0xd3, 0x7d, 0xff, 0xfe, 0xef, 0xd0, 0xff, 0xff, 0xf9, 0xf0, 0xff, 0xff, 0xf9, 0xf0, 0xff,
0xff, 0xf9, 0xf0, 0xff, 0xff, 0xf9, 0xf0, 0xff, 0xff, 0xf9, 0xf0, 0xff, 0xff, 0xf9, 0xf0, 0xff,
0xff, 0xf9, 0xf0, 0xff, 0xff, 0xf9, 0xf0, 0xff, 0xff, 0xf9, 0xf0, 0xff, 0xfe, 0xef, 0xd0, 0xff,
0xfc, 0xd3, 0x7d, 0xff, 0xfb, 0xd2, 0x7d, 0x39, 0x00, 0x00, 0x00, 0x00, 0x00, 0x00, 0x00, 0x00,
0x00, 0x00, 0x00, 0x00, 0x00, 0x00, 0x00, 0x00, 0x00, 0x00, 0x00, 0x00, 0x00, 0x00, 0x00, 0x00,
0x00, 0x00, 0x00, 0x00, 0x00, 0x00, 0x00, 0x00, 0x00, 0x00, 0x00, 0x00, 0x00, 0x00, 0x00, 0x00,
0x00, 0x00, 0x00, 0x00, 0x00, 0x00, 0x00, 0x00, 0x00, 0x00, 0x00, 0x00, 0x00, 0x00, 0x00, 0x00,
0x00, 0x00, 0x00, 0x00, 0x00, 0x00, 0x00, 0x00, 0x00, 0x00, 0x00, 0x00, 0x00, 0x00, 0x00, 0x00,
0x00, 0x00, 0x00, 0x00, 0xf8, 0xbe, 0x36, 0x4b, 0xf8, 0xbd, 0x38, 0xd3, 0xf8, 0xbd, 0x38, 0xff,
0xf8, 0xbd, 0x38, 0xff, 0xf6, 0xbb, 0x35, 0xfe, 0xe7, 0xab, 0x29, 0xff, 0xe0, 0xa2, 0x21, 0xff,
0xda, 0x9d, 0x1c, 0xff, 0xda, 0x9c, 0x1c, 0xff, 0xdf, 0xa2, 0x21, 0xff, 0xe6, 0xaa, 0x29, 0xff,
0xf5, 0xba, 0x36, 0xff, 0xf8, 0xbd, 0x38, 0xff, 0xf8, 0xbd, 0x38, 0xff, 0xf9, 0xc0, 0x44, 0xd8,
0xfc, 0xd3, 0x7d, 0xff, 0xfe, 0xeb, 0xc6, 0xff, 0xff, 0xf9, 0xf0, 0xff, 0xff, 0xf9, 0xf0, 0xff,
0xff, 0xf9, 0xf0, 0xff, 0xff, 0xf9, 0xf0, 0xff, 0xff, 0xf9, 0xf0, 0xff, 0xff, 0xf9, 0xf0, 0xff,
0xff, 0xf9, 0xf0, 0xff, 0xff, 0xf9, 0xf0, 0xff, 0xff, 0xf9, 0xf0, 0xff, 0xfe, 0xeb, 0xc6, 0xff,
0xfc, 0xd3, 0x7d, 0xff, 0xff, 0xd6, 0x7c, 0x25, 0x00, 0x00, 0x00, 0x00, 0x00, 0x00, 0x00, 0x00,
0x00, 0x00, 0x00, 0x00, 0x00, 0x00, 0x00, 0x00, 0x00, 0x00, 0x00, 0x00, 0x00, 0x00, 0x00, 0x00,
0x00, 0x00, 0x00, 0x00, 0x00, 0x00, 0x00, 0x00, 0x00, 0x00, 0x00, 0x00, 0x00, 0x00, 0x00, 0x00,
0x00, 0x00, 0x00, 0x00, 0x00, 0x00, 0x00, 0x00, 0x00, 0x00, 0x00, 0x00, 0x00, 0x00, 0x00, 0x00,
0x00, 0x00, 0x00, 0x00, 0x00, 0x00, 0x00, 0x00, 0x00, 0x00, 0x00, 0x00, 0xff, 0xb6, 0x49, 0x07,
0xf9, 0xbc, 0x37, 0xa1, 0xf8, 0xbd, 0x38, 0xff, 0xf8, 0xbd, 0x38, 0xff, 0xea, 0xad, 0x2b, 0xff,
0xd0, 0x91, 0x11, 0xff, 0xc1, 0x80, 0x04, 0xff, 0xbe, 0x7d, 0x02, 0xff, 0xbd, 0x7d, 0x02, 0xff,
0xbc, 0x7c, 0x02, 0xff, 0xbc, 0x7c, 0x02, 0xff, 0xbb, 0x7b, 0x02, 0xff, 0xba, 0x7b, 0x02, 0xff,
0xbc, 0x7c, 0x04, 0xff, 0xcc, 0x8e, 0x12, 0xff, 0xe8, 0xac, 0x2a, 0xff, 0xf8, 0xbe, 0x39, 0xff,
0xfb, 0xd2, 0x79, 0xff, 0xfd, 0xdf, 0xa3, 0xff, 0xff, 0xf9, 0xf0, 0xff, 0xff, 0xf9, 0xf0, 0xff,
0xff, 0xf9, 0xf0, 0xff, 0xff, 0xf9, 0xf0, 0xff, 0xff, 0xf9, 0xf0, 0xff, 0xff, 0xf9, 0xf0, 0xff,
0xff, 0xf9, 0xf0, 0xff, 0xff, 0xf9, 0xf0, 0xff, 0xff, 0xf9, 0xf0, 0xff, 0xfd, 0xdf, 0xa2, 0xff,
0xfc, 0xd3, 0x7f, 0xe9, 0xff, 0xff, 0x80, 0x02, 0x00, 0x00, 0x00, 0x00, 0x00, 0x00, 0x00, 0x00,
0x00, 0x00, 0x00, 0x00, 0x00, 0x00, 0x00, 0x00, 0x00, 0x00, 0x00, 0x00, 0x00, 0x00, 0x00, 0x00,
0x00, 0x00, 0x00, 0x00, 0x00, 0x00, 0x00, 0x00, 0x00, 0x00, 0x00, 0x00, 0x00, 0x00, 0x00, 0x00,
0x00, 0x00, 0x00, 0x00, 0x00, 0x00, 0x00, 0x00, 0x00, 0x00, 0x00, 0x00, 0x00, 0x00, 0x00, 0x00,
0x00, 0x00, 0x00, 0x00, 0x00, 0x00, 0x00, 0x00, 0xf3, 0xc2, 0x3d, 0x15, 0xf9, 0xbd, 0x38, 0xc5,
0xf8, 0xbd, 0x38, 0xff, 0xf2, 0xb6, 0x31, 0xfe, 0xd0, 0x91, 0x11, 0xff, 0xbf, 0x7e, 0x02, 0xff,
0xbf, 0x7e, 0x02, 0xff, 0xbe, 0x7d, 0x02, 0xff, 0xbd, 0x7d, 0x02, 0xff, 0xbc, 0x7c, 0x02, 0xff,
0xbc, 0x7c, 0x02, 0xff, 0xbb, 0x7b, 0x02, 0xff, 0xba, 0x7b, 0x02, 0xff, 0xba, 0x7a, 0x02, 0xff,
0xb9, 0x7a, 0x02, 0xff, 0xb8, 0x79, 0x02, 0xff, 0xb8, 0x79, 0x02, 0xff, 0xca, 0x8c, 0x11, 0xff,
0xf6, 0xc4, 0x59, 0xff, 0xfc, 0xd3, 0x7d, 0xff, 0xfe, 0xf0, 0xd5, 0xff, 0xff, 0xf9, 0xf0, 0xff,
0xff, 0xf9, 0xf0, 0xff, 0xff, 0xf9, 0xf0, 0xff, 0xff, 0xf9, 0xf0, 0xff, 0xff, 0xf9, 0xf0, 0xff,
0xff, 0xf9, 0xf0, 0xff, 0xff, 0xf9, 0xf0, 0xff, 0xfe, 0xf0, 0xd5, 0xff, 0xfc, 0xd3, 0x7d, 0xfe,
0xfb, 0xd2, 0x7d, 0x83, 0x00, 0x00, 0x00, 0x00, 0x00, 0x00, 0x00, 0x00, 0x00, 0x00, 0x00, 0x00,
0x00, 0x00, 0x00, 0x00, 0x00, 0x00, 0x00, 0x00, 0x00, 0x00, 0x00, 0x00, 0x00, 0x00, 0x00, 0x00,
0x00, 0x00, 0x00, 0x00, 0x00, 0x00, 0x00, 0x00, 0x00, 0x00, 0x00, 0x00, 0x00, 0x00, 0x00, 0x00,
0x00, 0x00, 0x00, 0x00, 0x00, 0x00, 0x00, 0x00, 0x00, 0x00, 0x00, 0x00, 0x00, 0x00, 0x00, 0x00,
0x00, 0x00, 0x00, 0x00, 0xff, 0xaa, 0x2b, 0x06, 0xf8, 0xbd, 0x37, 0xc1, 0xf8, 0xbd, 0x38, 0xff,
0xec, 0xaf, 0x2b, 0xff, 0xc5, 0x85, 0x07, 0xff, 0xbf, 0x7e, 0x02, 0xff, 0xbf, 0x7e, 0x02, 0xff,
0xb4, 0x76, 0x03, 0xff, 0x92, 0x60, 0x05, 0xff, 0x91, 0x5f, 0x05, 0xff, 0xb2, 0x75, 0x03, 0xff,
0xbb, 0x7b, 0x02, 0xff, 0xba, 0x7b, 0x02, 0xff, 0xba, 0x7a, 0x02, 0xff, 0xb9, 0x7a, 0x02, 0xff,
0xb8, 0x79, 0x02, 0xff, 0xb8, 0x79, 0x02, 0xff, 0xb7, 0x78, 0x02, 0xff, 0xb6, 0x78, 0x02, 0xff,
0xbe, 0x82, 0x0d, 0xff, 0xf9, 0xce, 0x73, 0xff, 0xfc, 0xd6, 0x85, 0xff, 0xfe, 0xf0, 0xd5, 0xff,
0xff, 0xf9, 0xf0, 0xff, 0xff, 0xf9, 0xf0, 0xff, 0xff, 0xf9, 0xf0, 0xff, 0xff, 0xf9, 0xf0, 0xff,
0xff, 0xf9, 0xf0, 0xff, 0xfe, 0xf0, 0xd5, 0xff, 0xfc, 0xd7, 0x86, 0xfc, 0xfc, 0xd4, 0x7f, 0xdb,
0xff, 0xd8, 0x76, 0x0d, 0x00, 0x00, 0x00, 0x00, 0x00, 0x00, 0x00, 0x00, 0x00, 0x00, 0x00, 0x00,
0x00, 0x00, 0x00, 0x00, 0x00, 0x00, 0x00, 0x00, 0x00, 0x00, 0x00, 0x00, 0x00, 0x00, 0x00, 0x00,
0x00, 0x00, 0x00, 0x00, 0x00, 0x00, 0x00, 0x00, 0x00, 0x00, 0x00, 0x00, 0x00, 0x00, 0x00, 0x00,
0x00, 0x00, 0x00, 0x00, 0x00, 0x00, 0x00, 0x00, 0x00, 0x00, 0x00, 0x00, 0x00, 0x00, 0x00, 0x00,
0x00, 0x00, 0x00, 0x00, 0xf9, 0xbc, 0x37, 0xa1, 0xf8, 0xbd, 0x38, 0xff, 0xeb, 0xaf, 0x2b, 0xff,
0xc2, 0x81, 0x04, 0xff, 0xbf, 0x7e, 0x02, 0xff, 0xbf, 0x7e, 0x02, 0xff, 0x92, 0x5e, 0x06, 0xff,
0x34, 0x1d, 0x0e, 0xff, 0x2a, 0x17, 0x0f, 0xff, 0x2a, 0x17, 0x0f, 0xff, 0x33, 0x1d, 0x0e, 0xff,
0x8f, 0x5d, 0x06, 0xff, 0xba, 0x7a, 0x02, 0xff, 0xb9, 0x7a, 0x02, 0xff, 0xb8, 0x79, 0x02, 0xff,
0xb8, 0x79, 0x02, 0xff, 0xb7, 0x78, 0x02, 0xff, 0xb6, 0x78, 0x02, 0xff, 0xb5, 0x77, 0x02, 0xff,
0xb5, 0x77, 0x02, 0xff, 0xc0, 0x85, 0x15, 0xff, 0xf9, 0xcf, 0x73, 0xff, 0xfc, 0xd3, 0x7d, 0xff,
0xfd, 0xdf, 0xa2, 0xff, 0xfe, 0xeb, 0xc6, 0xff, 0xfe, 0xef, 0xd1, 0xff, 0xfe, 0xea, 0xc5, 0xff,
0xfd, 0xdf, 0xa2, 0xff, 0xfc, 0xd3, 0x7d, 0xfe, 0xfc, 0xd4, 0x7f, 0xdb, 0xff, 0xd2, 0x80, 0x22,
0x00, 0x00, 0x00, 0x00, 0x00, 0x00, 0x00, 0x00, 0x00, 0x00, 0x00, 0x00, 0x00, 0x00, 0x00, 0x00,
0x00, 0x00, 0x00, 0x00, 0x00, 0x00, 0x00, 0x00, 0x00, 0x00, 0x00, 0x00, 0x00, 0x00, 0x00, 0x00,
0x00, 0x00, 0x00, 0x00, 0x00, 0x00, 0x00, 0x00, 0x00, 0x00, 0x00, 0x00, 0x00, 0x00, 0x00, 0x00,
0x00, 0x00, 0x00, 0x00, 0x00, 0x00, 0x00, 0x00, 0x00, 0x00, 0x00, 0x00, 0x00, 0x00, 0x00, 0x00,
0xf8, 0xbc, 0x39, 0x4c, 0xf8, 0xbd, 0x38, 0xff, 0xf1, 0xb5, 0x31, 0xff, 0xc4, 0x84, 0x07, 0xff,
0xbf, 0x7e, 0x02, 0xff, 0xbf, 0x7e, 0x02, 0xff, 0xb1, 0x75, 0x03, 0xff, 0x33, 0x1d, 0x0e, 0xff,
0x2a, 0x17, 0x0f, 0xff, 0x2a, 0x17, 0x0f, 0xff, 0x2a, 0x17, 0x0f, 0xff, 0x2a, 0x17, 0x0f, 0xff,
0x33, 0x1d, 0x0e, 0xff, 0xad, 0x72, 0x03, 0xff, 0xb8, 0x79, 0x02, 0xff, 0xb8, 0x79, 0x02, 0xff,
0xb7, 0x78, 0x02, 0xff, 0xb6, 0x78, 0x02, 0xff, 0xb5, 0x77, 0x02, 0xff, 0xb5, 0x77, 0x02, 0xff,
0xb4, 0x77, 0x03, 0xff, 0xb3, 0x76, 0x03, 0xff, 0xbd, 0x81, 0x0f, 0xff, 0xf6, 0xc4, 0x58, 0xff,
0xfb, 0xd2, 0x79, 0xff, 0xfc, 0xd3, 0x7d, 0xff, 0xfc, 0xd3, 0x7d, 0xff, 0xfc, 0xd3, 0x7d, 0xff,
0xfc, 0xd3, 0x7e, 0xea, 0xfb, 0xd2, 0x7d, 0x83, 0xff, 0xd8, 0x76, 0x0d, 0x00, 0x00, 0x00, 0x00,
0x00, 0x00, 0x00, 0x00, 0x00, 0x00, 0x00, 0x00, 0x00, 0x00, 0x00, 0x00, 0x00, 0x00, 0x00, 0x00,
0x00, 0x00, 0x00, 0x00, 0x00, 0x00, 0x00, 0x00, 0x00, 0x00, 0x00, 0x00, 0x00, 0x00, 0x00, 0x00,
0x00, 0x00, 0x00, 0x00, 0x00, 0x00, 0x00, 0x00, 0x00, 0x00, 0x00, 0x00, 0x00, 0x00, 0x00, 0x00,
0x00, 0x00, 0x00, 0x00, 0x00, 0x00, 0x00, 0x00, 0x00, 0x00, 0x00, 0x00, 0xff, 0x80, 0x00, 0x02,
0xf8, 0xbc, 0x37, 0xcf, 0xf8, 0xbd, 0x38, 0xff, 0xd0, 0x90, 0x11, 0xff, 0xbf, 0x7e, 0x02, 0xff,
0xbf, 0x7e, 0x02, 0xff, 0xbe, 0x7d, 0x02, 0xff, 0x8d, 0x5b, 0x06, 0xff, 0x2a, 0x17, 0x0f, 0xff,
0x2a, 0x17, 0x0f, 0xff, 0x2a, 0x17, 0x0f, 0xff, 0x2a, 0x17, 0x0f, 0xff, 0x2a, 0x17, 0x0f, 0xff,
0x2a, 0x17, 0x0f, 0xff, 0x8b, 0x59, 0x06, 0xff, 0xb8, 0x79, 0x02, 0xff, 0xb7, 0x78, 0x02, 0xff,
0xb6, 0x78, 0x02, 0xff, 0xb5, 0x77, 0x02, 0xff, 0xb5, 0x77, 0x02, 0xff, 0xb4, 0x77, 0x03, 0xff,
0xb3, 0x76, 0x03, 0xff, 0xb3, 0x76, 0x03, 0xff, 0xb2, 0x75, 0x03, 0xff, 0xc7, 0x8b, 0x13, 0xff,
0xf8, 0xbe, 0x39, 0xff, 0xf8, 0xc1, 0x43, 0xd9, 0xfb, 0xcf, 0x77, 0x3a, 0xff, 0xd6, 0x7c, 0x25,
0xff, 0xff, 0x80, 0x02, 0x00, 0x00, 0x00, 0x00, 0x00, 0x00, 0x00, 0x00, 0x00, 0x00, 0x00, 0x00,
0x00, 0x00, 0x00, 0x00, 0x00, 0x00, 0x00, 0x00, 0x00, 0x00, 0x00, 0x00, 0x00, 0x00, 0x00, 0x00,
0x00, 0x00, 0x00, 0x00, 0x00, 0x00, 0x00, 0x00, 0x00, 0x00, 0x00, 0x00, 0x00, 0x00, 0x00, 0x00,
0x00, 0x00, 0x00, 0x00, 0x00, 0x00, 0x00, 0x00, 0x00, 0x00, 0x00, 0x00, 0x00, 0x00, 0x00, 0x00,
0x00, 0x00, 0x00, 0x00, 0x00, 0x00, 0x00, 0x00, 0x00, 0x00, 0x00, 0x00, 0xf9, 0xbc, 0x37, 0x54,
0xf8, 0xbd, 0x38, 0xff, 0xea, 0xad, 0x2b, 0xff, 0xbf, 0x7e, 0x02, 0xff, 0xbf, 0x7e, 0x02, 0xff,
0xbe, 0x7d, 0x02, 0xff, 0xbd, 0x7d, 0x02, 0xff, 0x8d, 0x5b, 0x06, 0xff, 0x2a, 0x17, 0x0f, 0xff,
0x2a, 0x17, 0x0f, 0xff, 0x2a, 0x17, 0x0f, 0xff, 0x2a, 0x17, 0x0f, 0xff, 0x2a, 0x17, 0x0f, 0xff,
0x2a, 0x17, 0x0f, 0xff, 0x8b, 0x59, 0x06, 0xff, 0xb7, 0x78, 0x02, 0xff, 0xb6, 0x78, 0x02, 0xff,
0xb5, 0x77, 0x02, 0xff, 0xb5, 0x77, 0x02, 0xff, 0xb4, 0x77, 0x03, 0xff, 0xb3, 0x76, 0x03, 0xff,
0xb3, 0x76, 0x03, 0xff, 0xb2, 0x75, 0x03, 0xff, 0xb1, 0x75, 0x03, 0xff, 0xb0, 0x74, 0x03, 0xff,
0xe6, 0xab, 0x2b, 0xff, 0xf8, 0xbd, 0x38, 0xff, 0xf9, 0xbe, 0x38, 0x52, 0x00, 0x00, 0x00, 0x00,
0x00, 0x00, 0x00, 0x00, 0x00, 0x00, 0x00, 0x00, 0x00, 0x00, 0x00, 0x00, 0x00, 0x00, 0x00, 0x00,
0x00, 0x00, 0x00, 0x00, 0x00, 0x00, 0x00, 0x00, 0x00, 0x00, 0x00, 0x00, 0x00, 0x00, 0x00, 0x00,
0x00, 0x00, 0x00, 0x00, 0x00, 0x00, 0x00, 0x00, 0x00, 0x00, 0x00, 0x00, 0x00, 0x00, 0x00, 0x00,
0x00, 0x00, 0x00, 0x00, 0x00, 0x00, 0x00, 0x00, 0x00, 0x00, 0x00, 0x00, 0x00, 0x00, 0x00, 0x00,
0x00, 0x00, 0x00, 0x00, 0x00, 0x00, 0x00, 0x00, 0x00, 0x00, 0x00, 0x00, 0xf7, 0xbe, 0x38, 0xa8,
0xf8, 0xbd, 0x38, 0xff, 0xd0, 0x91, 0x11, 0xff, 0xbf, 0x7e, 0x02, 0xff, 0xbe, 0x7d, 0x02, 0xff,
0xbd, 0x7d, 0x02, 0xff, 0xbc, 0x7c, 0x02, 0xff, 0xb0, 0x74, 0x03, 0xff, 0x33, 0x1d, 0x0e, 0xff,
0x2a, 0x17, 0x0f, 0xff, 0x2a, 0x17, 0x0f, 0xff, 0x2a, 0x17, 0x0f, 0xff, 0x2a, 0x17, 0x0f, 0xff,
0x33, 0x1d, 0x0e, 0xff, 0xac, 0x71, 0x03, 0xff, 0xb6, 0x78, 0x02, 0xff, 0xb5, 0x77, 0x02, 0xff,
0xb5, 0x77, 0x02, 0xff, 0xb4, 0x77, 0x03, 0xff, 0xb3, 0x76, 0x03, 0xff, 0xb3, 0x76, 0x03, 0xff,
0xb2, 0x75, 0x03, 0xff, 0xb1, 0x75, 0x03, 0xff, 0xb0, 0x74, 0x03, 0xff, 0xb0, 0x74, 0x03, 0xff,
0xc5, 0x89, 0x13, 0xff, 0xf8, 0xbd, 0x38, 0xff, 0xf7, 0xbd, 0x37, 0xa6, 0x00, 0x00, 0x00, 0x00,
0x00, 0x00, 0x00, 0x00, 0x00, 0x00, 0x00, 0x00, 0x00, 0x00, 0x00, 0x00, 0x00, 0x00, 0x00, 0x00,
0x00, 0x00, 0x00, 0x00, 0x00, 0x00, 0x00, 0x00, 0x00, 0x00, 0x00, 0x00, 0x00, 0x00, 0x00, 0x00,
0x00, 0x00, 0x00, 0x00, 0x00, 0x00, 0x00, 0x00, 0x00, 0x00, 0x00, 0x00, 0x00, 0x00, 0x00, 0x00,
0x00, 0x00, 0x00, 0x00, 0x00, 0x00, 0x00, 0x00, 0x00, 0x00, 0x00, 0x00, 0x00, 0x00, 0x00, 0x00,
0x00, 0x00, 0x00, 0x00, 0x00, 0x00, 0x00, 0x00, 0xff, 0xcc, 0x33, 0x05, 0xf7, 0xbc, 0x37, 0xf0,
0xf6, 0xbb, 0x35, 0xfe, 0xc1, 0x80, 0x04, 0xff, 0xbe, 0x7d, 0x02, 0xff, 0xbd, 0x7d, 0x02, 0xff,
0xbc, 0x7c, 0x02, 0xff, 0xbc, 0x7c, 0x02, 0xff, 0xbb, 0x7b, 0x02, 0xff, 0x8f, 0x5d, 0x06, 0xff,
0x33, 0x1d, 0x0e, 0xff, 0x2a, 0x17, 0x0f, 0xff, 0x2a, 0x17, 0x0f, 0xff, 0x33, 0x1d, 0x0e, 0xff,
0x8d, 0x5b, 0x06, 0xff, 0xb6, 0x78, 0x02, 0xff, 0xb5, 0x77, 0x02, 0xff, 0xb5, 0x77, 0x02, 0xff,
0xb4, 0x77, 0x03, 0xff, 0xb3, 0x76, 0x03, 0xff, 0xb3, 0x76, 0x03, 0xff, 0xb2, 0x75, 0x03, 0xff,
0xb1, 0x75, 0x03, 0xff, 0xb0, 0x74, 0x03, 0xff, 0xb0, 0x74, 0x03, 0xff, 0xaf, 0x73, 0x03, 0xff,
0xb1, 0x76, 0x05, 0xff, 0xf5, 0xbb, 0x36, 0xfe, 0xf8, 0xbd, 0x38, 0xf0, 0xff, 0xaa, 0x2b, 0x06,
0x00, 0x00, 0x00, 0x00, 0x00, 0x00, 0x00, 0x00, 0x00, 0x00, 0x00, 0x00, 0x00, 0x00, 0x00, 0x00,
0x00, 0x00, 0x00, 0x00, 0x00, 0x00, 0x00, 0x00, 0x00, 0x00, 0x00, 0x00, 0x00, 0x00, 0x00, 0x00,
0x00, 0x00, 0x00, 0x00, 0x00, 0x00, 0x00, 0x00, 0x00, 0x00, 0x00, 0x00, 0x00, 0x00, 0x00, 0x00,
0x00, 0x00, 0x00, 0x00, 0x00, 0x00, 0x00, 0x00, 0x00, 0x00, 0x00, 0x00, 0x00, 0x00, 0x00, 0x00,
0x00, 0x00, 0x00, 0x00, 0x00, 0x00, 0x00, 0x00, 0xfa, 0xbf, 0x3a, 0x30, 0xf8, 0xbd, 0x38, 0xff,
0xe7, 0xaa, 0x29, 0xff, 0xbe, 0x7d, 0x02, 0xff, 0xbd, 0x7d, 0x02, 0xff, 0xbc, 0x7c, 0x02, 0xff,
0xbc, 0x7c, 0x02, 0xff, 0xbb, 0x7b, 0x02, 0xff, 0xba, 0x7b, 0x02, 0xff, 0xba, 0x7a, 0x02, 0xff,
0xaf, 0x73, 0x03, 0xff, 0x8f, 0x5d, 0x05, 0xff, 0x8f, 0x5d, 0x05, 0xff, 0xad, 0x72, 0x03, 0xff,
0xb6, 0x78, 0x02, 0xff, 0xb5, 0x77, 0x02, 0xff, 0xb5, 0x77, 0x02, 0xff, 0xb4, 0x77, 0x03, 0xff,
0xb3, 0x76, 0x03, 0xff, 0xb3, 0x76, 0x03, 0xff, 0xb2, 0x75, 0x03, 0xff, 0xb1, 0x75, 0x03, 0xff,
0xb0, 0x74, 0x03, 0xff, 0xb0, 0x74, 0x03, 0xff, 0xaf, 0x73, 0x03, 0xff, 0xae, 0x73, 0x03, 0xff,
0xae, 0x72, 0x03, 0xff, 0xe3, 0xa8, 0x29, 0xff, 0xf8, 0xbd, 0x38, 0xff, 0xf9, 0xbc, 0x37, 0x2e,
0x00, 0x00, 0x00, 0x00, 0x00, 0x00, 0x00, 0x00, 0x00, 0x00, 0x00, 0x00, 0x00, 0x00, 0x00, 0x00,
0x00, 0x00, 0x00, 0x00, 0x00, 0x00, 0x00, 0x00, 0x00, 0x00, 0x00, 0x00, 0x00, 0x00, 0x00, 0x00,
0x00, 0x00, 0x00, 0x00, 0x00, 0x00, 0x00, 0x00, 0x00, 0x00, 0x00, 0x00, 0x00, 0x00, 0x00, 0x00,
0x00, 0x00, 0x00, 0x00, 0x00, 0x00, 0x00, 0x00, 0x00, 0x00, 0x00, 0x00, 0x00, 0x00, 0x00, 0x00,
0x00, 0x00, 0x00, 0x00, 0x00, 0x00, 0x00, 0x00, 0xf8, 0xbe, 0x36, 0x4b, 0xf8, 0xbd, 0x38, 0xff,
0xe0, 0xa2, 0x21, 0xff, 0xbd, 0x7d, 0x02, 0xff, 0xbc, 0x7c, 0x02, 0xff, 0xbc, 0x7c, 0x02, 0xff,
0xbb, 0x7b, 0x02, 0xff, 0xba, 0x7b, 0x02, 0xff, 0xba, 0x7a, 0x02, 0xff, 0xb9, 0x7a, 0x02, 0xff,
0xb8, 0x79, 0x02, 0xff, 0xb8, 0x79, 0x02, 0xff, 0xb7, 0x78, 0x02, 0xff, 0xb6, 0x78, 0x02, 0xff,
0xb5, 0x77, 0x02, 0xff, 0xb5, 0x77, 0x02, 0xff, 0xb4, 0x77, 0x03, 0xff, 0xb3, 0x76, 0x03, 0xff,
0xb3, 0x76, 0x03, 0xff, 0xb2, 0x75, 0x03, 0xff, 0xb1, 0x75, 0x03, 0xff, 0xb0, 0x74, 0x03, 0xff,
0xb0, 0x74, 0x03, 0xff, 0xaf, 0x73, 0x03, 0xff, 0xae, 0x73, 0x03, 0xff, 0xae, 0x72, 0x03, 0xff,
0xad, 0x72, 0x03, 0xff, 0xd9, 0x9e, 0x22, 0xff, 0xf8, 0xbd, 0x38, 0xff, 0xf8, 0xbd, 0x38, 0x49,
0x00, 0x00, 0x00, 0x00, 0x00, 0x00, 0x00, 0x00, 0x00, 0x00, 0x00, 0x00, 0x00, 0x00, 0x00, 0x00,
0x00, 0x00, 0x00, 0x00, 0x00, 0x00, 0x00, 0x00, 0x00, 0x00, 0x00, 0x00, 0x00, 0x00, 0x00, 0x00,
0x00, 0x00, 0x00, 0x00, 0x00, 0x00, 0x00, 0x00, 0x00, 0x00, 0x00, 0x00, 0x00, 0x00, 0x00, 0x00,
0x00, 0x00, 0x00, 0x00, 0x00, 0x00, 0x00, 0x00, 0x00, 0x00, 0x00, 0x00, 0x00, 0x00, 0x00, 0x00,
0x00, 0x00, 0x00, 0x00, 0x00, 0x00, 0x00, 0x00, 0xf7, 0xbd, 0x38, 0x64, 0xf8, 0xbd, 0x38, 0xff,
0xda, 0x9c, 0x1c, 0xff, 0xbc, 0x7c, 0x02, 0xff, 0xbc, 0x7c, 0x02, 0xff, 0xbb, 0x7b, 0x02, 0xff,
0xba, 0x7b, 0x02, 0xff, 0xba, 0x7a, 0x02, 0xff, 0xb9, 0x7a, 0x02, 0xff, 0xb8, 0x79, 0x02, 0xff,
0xb8, 0x79, 0x02, 0xff, 0xb7, 0x78, 0x02, 0xff, 0xb6, 0x78, 0x02, 0xff, 0xb5, 0x77, 0x02, 0xff,
0xb5, 0x77, 0x02, 0xff, 0xb4, 0x77, 0x03, 0xff, 0xb3, 0x76, 0x03, 0xff, 0xb3, 0x76, 0x03, 0xff,
0xb2, 0x75, 0x03, 0xff, 0xb1, 0x75, 0x03, 0xff, 0xb0, 0x74, 0x03, 0xff, 0xb0, 0x74, 0x03, 0xff,
0xaf, 0x73, 0x03, 0xff, 0xae, 0x73, 0x03, 0xff, 0xae, 0x72, 0x03, 0xff, 0xad, 0x72, 0x03, 0xff,
0xac, 0x71, 0x03, 0xff, 0xd2, 0x97, 0x1d, 0xff, 0xf8, 0xbd, 0x38, 0xff, 0xf7, 0xbc, 0x39, 0x63,
0x00, 0x00, 0x00, 0x00, 0x00, 0x00, 0x00, 0x00, 0x00, 0x00, 0x00, 0x00, 0x00, 0x00, 0x00, 0x00,
0x00, 0x00, 0x00, 0x00, 0x00, 0x00, 0x00, 0x00, 0x00, 0x00, 0x00, 0x00, 0x00, 0x00, 0x00, 0x00,
0x00, 0x00, 0x00, 0x00, 0x00, 0x00, 0x00, 0x00, 0x00, 0x00, 0x00, 0x00, 0x00, 0x00, 0x00, 0x00,
0x00, 0x00, 0x00, 0x00, 0x00, 0x00, 0x00, 0x00, 0x00, 0x00, 0x00, 0x00, 0x00, 0x00, 0x00, 0x00,
0x00, 0x00, 0x00, 0x00, 0x00, 0x00, 0x00, 0x00, 0xf7, 0xbc, 0x39, 0x63, 0xf8, 0xbd, 0x38, 0xff,
0xda, 0x9c, 0x1c, 0xff, 0xbc, 0x7c, 0x02, 0xff, 0xbb, 0x7b, 0x02, 0xff, 0xba, 0x7b, 0x02, 0xff,
0xba, 0x7a, 0x02, 0xff, 0xb9, 0x7a, 0x02, 0xff, 0xb8, 0x79, 0x02, 0xff, 0xb8, 0x79, 0x02, 0xff,
0xb7, 0x78, 0x02, 0xff, 0xb6, 0x78, 0x02, 0xff, 0xb5, 0x77, 0x02, 0xff, 0xb5, 0x77, 0x02, 0xff,
0xb4, 0x77, 0x03, 0xff, 0xb3, 0x76, 0x03, 0xff, 0xb3, 0x76, 0x03, 0xff, 0xb2, 0x75, 0x03, 0xff,
0xb1, 0x75, 0x03, 0xff, 0xb0, 0x74, 0x03, 0xff, 0xb0, 0x74, 0x03, 0xff, 0xaf, 0x73, 0x03, 0xff,
0xae, 0x73, 0x03, 0xff, 0xae, 0x72, 0x03, 0xff, 0xad, 0x72, 0x03, 0xff, 0xac, 0x71, 0x03, 0xff,
0xac, 0x71, 0x03, 0xff, 0xd2, 0x96, 0x1e, 0xff, 0xf8, 0xbd, 0x38, 0xff, 0xf7, 0xbe, 0x39, 0x62,
0x00, 0x00, 0x00, 0x00, 0x00, 0x00, 0x00, 0x00, 0x00, 0x00, 0x00, 0x00, 0x00, 0x00, 0x00, 0x00,
0x00, 0x00, 0x00, 0x00, 0x00, 0x00, 0x00, 0x00, 0x00, 0x00, 0x00, 0x00, 0x00, 0x00, 0x00, 0x00,
0x00, 0x00, 0x00, 0x00, 0x00, 0x00, 0x00, 0x00, 0x00, 0x00, 0x00, 0x00, 0x00, 0x00, 0x00, 0x00,
0x00, 0x00, 0x00, 0x00, 0x00, 0x00, 0x00, 0x00, 0x00, 0x00, 0x00, 0x00, 0x00, 0x00, 0x00, 0x00,
0x00, 0x00, 0x00, 0x00, 0x00, 0x00, 0x00, 0x00, 0xf8, 0xbd, 0x38, 0x49, 0xf8, 0xbd, 0x38, 0xff,
0xdf, 0xa2, 0x22, 0xff, 0xbb, 0x7b, 0x02, 0xff, 0xba, 0x7b, 0x02, 0xff, 0xba, 0x7a, 0x02, 0xff,
0xb9, 0x7a, 0x02, 0xff, 0xb8, 0x79, 0x02, 0xff, 0xb8, 0x79, 0x02, 0xff, 0xb7, 0x78, 0x02, 0xff,
0xb6, 0x78, 0x02, 0xff, 0xb5, 0x77, 0x02, 0xff, 0xb5, 0x77, 0x02, 0xff, 0xb4, 0x77, 0x03, 0xff,
0xb3, 0x76, 0x03, 0xff, 0xb3, 0x76, 0x03, 0xff, 0xb2, 0x75, 0x03, 0xff, 0xb1, 0x75, 0x03, 0xff,
0xb0, 0x74, 0x03, 0xff, 0xb0, 0x74, 0x03, 0xff, 0xaf, 0x73, 0x03, 0xff, 0xae, 0x73, 0x03, 0xff,
0xae, 0x72, 0x03, 0xff, 0xad, 0x72, 0x03, 0xff, 0xac, 0x71, 0x03, 0xff, 0xac, 0x71, 0x03, 0xff,
0xab, 0x70, 0x03, 0xff, 0xd8, 0x9e, 0x22, 0xff, 0xf8, 0xbd, 0x38, 0xff, 0xf8, 0xbc, 0x39, 0x48,
0x00, 0x00, 0x00, 0x00, 0x00, 0x00, 0x00, 0x00, 0x00, 0x00, 0x00, 0x00, 0x00, 0x00, 0x00, 0x00,
0x00, 0x00, 0x00, 0x00, 0x00, 0x00, 0x00, 0x00, 0x00, 0x00, 0x00, 0x00, 0x00, 0x00, 0x00, 0x00,
0x00, 0x00, 0x00, 0x00, 0x00, 0x00, 0x00, 0x00, 0x00, 0x00, 0x00, 0x00, 0x00, 0x00, 0x00, 0x00,
0x00, 0x00, 0x00, 0x00, 0x00, 0x00, 0x00, 0x00, 0x00, 0x00, 0x00, 0x00, 0x00, 0x00, 0x00, 0x00,
0x00, 0x00, 0x00, 0x00, 0x00, 0x00, 0x00, 0x00, 0xfa, 0xbf, 0x3a, 0x30, 0xf8, 0xbd, 0x38, 0xff,
0xe6, 0xa9, 0x29, 0xff, 0xba, 0x7b, 0x02, 0xff, 0xba, 0x7a, 0x02, 0xff, 0xb9, 0x7a, 0x02, 0xff,
0xb8, 0x79, 0x02, 0xff, 0xb8, 0x79, 0x02, 0xff, 0xb7, 0x78, 0x02, 0xff, 0xb6, 0x78, 0x02, 0xff,
0xb5, 0x77, 0x02, 0xff, 0xb5, 0x77, 0x02, 0xff, 0xb4, 0x77, 0x03, 0xff, 0xb3, 0x76, 0x03, 0xff,
0xb3, 0x76, 0x03, 0xff, 0xb2, 0x75, 0x03, 0xff, 0xb1, 0x75, 0x03, 0xff, 0xb0, 0x74, 0x03, 0xff,
0xb0, 0x74, 0x03, 0xff, 0xaf, 0x73, 0x03, 0xff, 0xae, 0x73, 0x03, 0xff, 0xae, 0x72, 0x03, 0xff,
0xad, 0x72, 0x03, 0xff, 0xac, 0x71, 0x03, 0xff, 0xac, 0x71, 0x03, 0xff, 0xab, 0x70, 0x03, 0xff,
0xaa, 0x70, 0x03, 0xff, 0xe2, 0xa7, 0x29, 0xff, 0xf8, 0xbd, 0x38, 0xff, 0xf9, 0xbc, 0x37, 0x2e,
0x00, 0x00, 0x00, 0x00, 0x00, 0x00, 0x00, 0x00, 0x00, 0x00, 0x00, 0x00, 0x00, 0x00, 0x00, 0x00,
0x00, 0x00, 0x00, 0x00, 0x00, 0x00, 0x00, 0x00, 0x00, 0x00, 0x00, 0x00, 0x00, 0x00, 0x00, 0x00,
0x00, 0x00, 0x00, 0x00, 0x00, 0x00, 0x00, 0x00, 0x00, 0x00, 0x00, 0x00, 0x00, 0x00, 0x00, 0x00,
0x00, 0x00, 0x00, 0x00, 0x00, 0x00, 0x00, 0x00, 0x00, 0x00, 0x00, 0x00, 0x00, 0x00, 0x00, 0x00,
0x00, 0x00, 0x00, 0x00, 0x00, 0x00, 0x00, 0x00, 0xff, 0xcc, 0x33, 0x05, 0xf8, 0xbd, 0x37, 0xef,
0xf6, 0xbc, 0x36, 0xfe, 0xbd, 0x7c, 0x04, 0xff, 0xb9, 0x7a, 0x02, 0xff, 0xb8, 0x79, 0x02, 0xff,
0xb8, 0x79, 0x02, 0xff, 0xb7, 0x78, 0x02, 0xff, 0xb6, 0x78, 0x02, 0xff, 0xb5, 0x77, 0x02, 0xff,
0xb5, 0x77, 0x02, 0xff, 0xb4, 0x77, 0x03, 0xff, 0xb3, 0x76, 0x03, 0xff, 0xb3, 0x76, 0x03, 0xff,
0xb2, 0x75, 0x03, 0xff, 0xb1, 0x75, 0x03, 0xff, 0xb0, 0x74, 0x03, 0xff, 0xb0, 0x74, 0x03, 0xff,
0xaf, 0x73, 0x03, 0xff, 0xae, 0x73, 0x03, 0xff, 0xae, 0x72, 0x03, 0xff, 0xad, 0x72, 0x03, 0xff,
0xac, 0x71, 0x03, 0xff, 0xac, 0x71, 0x03, 0xff, 0xab, 0x70, 0x03, 0xff, 0xaa, 0x70, 0x03, 0xff,
0xac, 0x72, 0x05, 0xff, 0xf4, 0xba, 0x36, 0xff, 0xf8, 0xbd, 0x37, 0xef, 0xff, 0xcc, 0x33, 0x05,
0x00, 0x00, 0x00, 0x00, 0x00, 0x00, 0x00, 0x00, 0x00, 0x00, 0x00, 0x00, 0x00, 0x00, 0x00, 0x00,
0x00, 0x00, 0x00, 0x00, 0x00, 0x00, 0x00, 0x00, 0x00, 0x00, 0x00, 0x00, 0x00, 0x00, 0x00, 0x00,
0x00, 0x00, 0x00, 0x00, 0x00, 0x00, 0x00, 0x00, 0x00, 0x00, 0x00, 0x00, 0x00, 0x00, 0x00, 0x00,
0x00, 0x00, 0x00, 0x00, 0x00, 0x00, 0x00, 0x00, 0x00, 0x00, 0x00, 0x00, 0x00, 0x00, 0x00, 0x00,
0x00, 0x00, 0x00, 0x00, 0x00, 0x00, 0x00, 0x00, 0x00, 0x00, 0x00, 0x00, 0xf7, 0xbd, 0x37, 0xa6,
0xf8, 0xbd, 0x38, 0xff, 0xcc, 0x8e, 0x12, 0xff, 0xb8, 0x79, 0x02, 0xff, 0xb8, 0x79, 0x02, 0xff,
0xb7, 0x78, 0x02, 0xff, 0xb6, 0x78, 0x02, 0xff, 0xb5, 0x77, 0x02, 0xff, 0xb5, 0x77, 0x02, 0xff,
0xb4, 0x77, 0x03, 0xff, 0xb3, 0x76, 0x03, 0xff, 0xb3, 0x76, 0x03, 0xff, 0xb2, 0x75, 0x03, 0xff,
0xb1, 0x75, 0x03, 0xff, 0xb0, 0x74, 0x03, 0xff, 0xb0, 0x74, 0x03, 0xff, 0xaf, 0x73, 0x03, 0xff,
0xae, 0x73, 0x03, 0xff, 0xae, 0x72, 0x03, 0xff, 0xad, 0x72, 0x03, 0xff, 0xac, 0x71, 0x03, 0xff,
0xac, 0x71, 0x03, 0xff, 0xab, 0x70, 0x03, 0xff, 0xaa, 0x70, 0x03, 0xff, 0xa9, 0x6f, 0x03, 0xff,
0xc2, 0x88, 0x13, 0xff, 0xf8, 0xbd, 0x38, 0xff, 0xf7, 0xbd, 0x38, 0xa5, 0x00, 0x00, 0x00, 0x00,
0x00, 0x00, 0x00, 0x00, 0x00, 0x00, 0x00, 0x00, 0x00, 0x00, 0x00, 0x00, 0x00, 0x00, 0x00, 0x00,
0x00, 0x00, 0x00, 0x00, 0x00, 0x00, 0x00, 0x00, 0x00, 0x00, 0x00, 0x00, 0x00, 0x00, 0x00, 0x00,
0x00, 0x00, 0x00, 0x00, 0x00, 0x00, 0x00, 0x00, 0x00, 0x00, 0x00, 0x00, 0x00, 0x00, 0x00, 0x00,
0x00, 0x00, 0x00, 0x00, 0x00, 0x00, 0x00, 0x00, 0x00, 0x00, 0x00, 0x00, 0x00, 0x00, 0x00, 0x00,
0x00, 0x00, 0x00, 0x00, 0x00, 0x00, 0x00, 0x00, 0x00, 0x00, 0x00, 0x00, 0xf9, 0xbe, 0x37, 0x53,
0xf8, 0xbd, 0x38, 0xff, 0xe8, 0xac, 0x2a, 0xff, 0xb8, 0x79, 0x02, 0xff, 0xb7, 0x78, 0x02, 0xff,
0xb6, 0x78, 0x02, 0xff, 0xb5, 0x77, 0x02, 0xff, 0xb5, 0x77, 0x02, 0xff, 0xb4, 0x77, 0x03, 0xff,
0xb3, 0x76, 0x03, 0xff, 0xb3, 0x76, 0x03, 0xff, 0xb2, 0x75, 0x03, 0xff, 0xb1, 0x75, 0x03, 0xff,
0xb0, 0x74, 0x03, 0xff, 0xb0, 0x74, 0x03, 0xff, 0xaf, 0x73, 0x03, 0xff, 0xae, 0x73, 0x03, 0xff,
0xae, 0x72, 0x03, 0xff, 0xad, 0x72, 0x03, 0xff, 0xac, 0x71, 0x03, 0xff, 0xac, 0x71, 0x03, 0xff,
0xab, 0x70, 0x03, 0xff, 0xaa, 0x70, 0x03, 0xff, 0xa9, 0x6f, 0x03, 0xff, 0xa9, 0x6f, 0x03, 0xff,
0xe5, 0xaa, 0x2c, 0xff, 0xf8, 0xbd, 0x38, 0xff, 0xf9, 0xbe, 0x38, 0x52, 0x00, 0x00, 0x00, 0x00,
0x00, 0x00, 0x00, 0x00, 0x00, 0x00, 0x00, 0x00, 0x00, 0x00, 0x00, 0x00, 0x00, 0x00, 0x00, 0x00,
0x00, 0x00, 0x00, 0x00, 0x00, 0x00, 0x00, 0x00, 0x00, 0x00, 0x00, 0x00, 0x00, 0x00, 0x00, 0x00,
0x00, 0x00, 0x00, 0x00, 0x00, 0x00, 0x00, 0x00, 0x00, 0x00, 0x00, 0x00, 0x00, 0x00, 0x00, 0x00,
0x00, 0x00, 0x00, 0x00, 0x00, 0x00, 0x00, 0x00, 0x00, 0x00, 0x00, 0x00, 0x00, 0x00, 0x00, 0x00,
0x00, 0x00, 0x00, 0x00, 0x00, 0x00, 0x00, 0x00, 0x00, 0x00, 0x00, 0x00, 0xff, 0x80, 0x00, 0x02,
0xf8, 0xbd, 0x38, 0xce, 0xf8, 0xbd, 0x38, 0xff, 0xca, 0x8d, 0x11, 0xff, 0xb6, 0x78, 0x02, 0xff,
0xb5, 0x77, 0x02, 0xff, 0xb5, 0x77, 0x02, 0xff, 0xb4, 0x77, 0x03, 0xff, 0xb3, 0x76, 0x03, 0xff,
0xb3, 0x76, 0x03, 0xff, 0xb2, 0x75, 0x03, 0xff, 0xb1, 0x75, 0x03, 0xff, 0xb0, 0x74, 0x03, 0xff,
0xb0, 0x74, 0x03, 0xff, 0xaf, 0x73, 0x03, 0xff, 0xae, 0x73, 0x03, 0xff, 0xae, 0x72, 0x03, 0xff,
0xad, 0x72, 0x03, 0xff, 0xac, 0x71, 0x03, 0xff, 0xac, 0x71, 0x03, 0xff, 0xab, 0x70, 0x03, 0xff,
0xaa, 0x70, 0x03, 0xff, 0xa9, 0x6f, 0x03, 0xff, 0xa9, 0x6f, 0x03, 0xff, 0xc1, 0x87, 0x13, 0xff,
0xf8, 0xbd, 0x38, 0xff, 0xf8, 0xbd, 0x38, 0xd0, 0xff, 0x80, 0x00, 0x02, 0x00, 0x00, 0x00, 0x00,
0x00, 0x00, 0x00, 0x00, 0x00, 0x00, 0x00, 0x00, 0x00, 0x00, 0x00, 0x00, 0x00, 0x00, 0x00, 0x00,
0x00, 0x00, 0x00, 0x00, 0x00, 0x00, 0x00, 0x00, 0x00, 0x00, 0x00, 0x00, 0x00, 0x00, 0x00, 0x00,
0x00, 0x00, 0x00, 0x00, 0x00, 0x00, 0x00, 0x00, 0x00, 0x00, 0x00, 0x00, 0x00, 0x00, 0x00, 0x00,
0x00, 0x00, 0x00, 0x00, 0x00, 0x00, 0x00, 0x00, 0x00, 0x00, 0x00, 0x00, 0x00, 0x00, 0x00, 0x00,
0x00, 0x00, 0x00, 0x00, 0x00, 0x00, 0x00, 0x00, 0x00, 0x00, 0x00, 0x00, 0x00, 0x00, 0x00, 0x00,
0xf8, 0xbd, 0x38, 0x49, 0xf8, 0xbd, 0x38, 0xff, 0xf1, 0xb6, 0x31, 0xfe, 0xbb, 0x7d, 0x07, 0xff,
0xb5, 0x77, 0x02, 0xff, 0xb4, 0x77, 0x03, 0xff, 0xb3, 0x76, 0x03, 0xff, 0xb3, 0x76, 0x03, 0xff,
0xb2, 0x75, 0x03, 0xff, 0xb1, 0x75, 0x03, 0xff, 0xb0, 0x74, 0x03, 0xff, 0xb0, 0x74, 0x03, 0xff,
0xaf, 0x73, 0x03, 0xff, 0xae, 0x73, 0x03, 0xff, 0xae, 0x72, 0x03, 0xff, 0xad, 0x72, 0x03, 0xff,
0xac, 0x71, 0x03, 0xff, 0xac, 0x71, 0x03, 0xff, 0xab, 0x70, 0x03, 0xff, 0xaa, 0x70, 0x03, 0xff,
0xa9, 0x6f, 0x03, 0xff, 0xa9, 0x6f, 0x03, 0xff, 0xaf, 0x76, 0x08, 0xff, 0xf0, 0xb5, 0x32, 0xfe,
0xf8, 0xbd, 0x38, 0xff, 0xf8, 0xbc, 0x37, 0x45, 0x00, 0x00, 0x00, 0x00, 0x00, 0x00, 0x00, 0x00,
0x00, 0x00, 0x00, 0x00, 0x00, 0x00, 0x00, 0x00, 0x00, 0x00, 0x00, 0x00, 0x00, 0x00, 0x00, 0x00,
0x00, 0x00, 0x00, 0x00, 0x00, 0x00, 0x00, 0x00, 0x00, 0x00, 0x00, 0x00, 0x00, 0x00, 0x00, 0x00,
0x00, 0x00, 0x00, 0x00, 0x00, 0x00, 0x00, 0x00, 0x00, 0x00, 0x00, 0x00, 0x00, 0x00, 0x00, 0x00,
0x00, 0x00, 0x00, 0x00, 0x00, 0x00, 0x00, 0x00, 0x00, 0x00, 0x00, 0x00, 0x00, 0x00, 0x00, 0x00,
0x00, 0x00, 0x00, 0x00, 0x00, 0x00, 0x00, 0x00, 0x00, 0x00, 0x00, 0x00, 0x00, 0x00, 0x00, 0x00,
0x00, 0x00, 0x00, 0x00, 0xf9, 0xbd, 0x38, 0x9f, 0xf8, 0xbd, 0x38, 0xff, 0xe9, 0xad, 0x2b, 0xff,
0xb6, 0x79, 0x05, 0xff, 0xb3, 0x76, 0x03, 0xff, 0xb3, 0x76, 0x03, 0xff, 0xb2, 0x75, 0x03, 0xff,
0xb1, 0x75, 0x03, 0xff, 0xb0, 0x74, 0x03, 0xff, 0xb0, 0x74, 0x03, 0xff, 0xaf, 0x73, 0x03, 0xff,
0xae, 0x73, 0x03, 0xff, 0xae, 0x72, 0x03, 0xff, 0xad, 0x72, 0x03, 0xff, 0xac, 0x71, 0x03, 0xff,
0xac, 0x71, 0x03, 0xff, 0xab, 0x70, 0x03, 0xff, 0xaa, 0x70, 0x03, 0xff, 0xa9, 0x6f, 0x03, 0xff,
0xa9, 0x6f, 0x03, 0xff, 0xab, 0x71, 0x05, 0xff, 0xe6, 0xac, 0x2c, 0xff, 0xf8, 0xbd, 0x38, 0xff,
0xf8, 0xbd, 0x38, 0x9b, 0x00, 0x00, 0x00, 0x00, 0x00, 0x00, 0x00, 0x00, 0x00, 0x00, 0x00, 0x00,
0x00, 0x00, 0x00, 0x00, 0x00, 0x00, 0x00, 0x00, 0x00, 0x00, 0x00, 0x00, 0x00, 0x00, 0x00, 0x00,
0x00, 0x00, 0x00, 0x00, 0x00, 0x00, 0x00, 0x00, 0x00, 0x00, 0x00, 0x00, 0x00, 0x00, 0x00, 0x00,
0x00, 0x00, 0x00, 0x00, 0x00, 0x00, 0x00, 0x00, 0x00, 0x00, 0x00, 0x00, 0x00, 0x00, 0x00, 0x00,
0x00, 0x00, 0x00, 0x00, 0x00, 0x00, 0x00, 0x00, 0x00, 0x00, 0x00, 0x00, 0x00, 0x00, 0x00, 0x00,
0x00, 0x00, 0x00, 0x00, 0x00, 0x00, 0x00, 0x00, 0x00, 0x00, 0x00, 0x00, 0x00, 0x00, 0x00, 0x00,
0x00, 0x00, 0x00, 0x00, 0xff, 0xcc, 0x33, 0x05, 0xf8, 0xbd, 0x38, 0xc0, 0xf8, 0xbd, 0x38, 0xff,
0xe9, 0xad, 0x2c, 0xff, 0xb9, 0x7d, 0x08, 0xff, 0xb2, 0x75, 0x03, 0xff, 0xb1, 0x75, 0x03, 0xff,
0xb0, 0x74, 0x03, 0xff, 0xb0, 0x74, 0x03, 0xff, 0xaf, 0x73, 0x03, 0xff, 0xae, 0x73, 0x03, 0xff,
0xae, 0x72, 0x03, 0xff, 0xad, 0x72, 0x03, 0xff, 0xac, 0x71, 0x03, 0xff, 0xac, 0x71, 0x03, 0xff,
0xab, 0x70, 0x03, 0xff, 0xaa, 0x70, 0x03, 0xff, 0xa9, 0x6f, 0x03, 0xff, 0xa9, 0x6f, 0x03, 0xff,
0xae, 0x75, 0x08, 0xff, 0xe5, 0xaa, 0x2b, 0xff, 0xf8, 0xbd, 0x38, 0xff, 0xf8, 0xbd, 0x38, 0xc4,
0xff, 0xb6, 0x49, 0x07, 0x00, 0x00, 0x00, 0x00, 0x00, 0x00, 0x00, 0x00, 0x00, 0x00, 0x00, 0x00,
0x00, 0x00, 0x00, 0x00, 0x00, 0x00, 0x00, 0x00, 0x00, 0x00, 0x00, 0x00, 0x00, 0x00, 0x00, 0x00,
0x00, 0x00, 0x00, 0x00, 0x00, 0x00, 0x00, 0x00, 0x00, 0x00, 0x00, 0x00, 0x00, 0x00, 0x00, 0x00,
0x00, 0x00, 0x00, 0x00, 0x00, 0x00, 0x00, 0x00, 0x00, 0x00, 0x00, 0x00, 0x00, 0x00, 0x00, 0x00,
0x00, 0x00, 0x00, 0x00, 0x00, 0x00, 0x00, 0x00, 0x00, 0x00, 0x00, 0x00, 0x00, 0x00, 0x00, 0x00,
0x00, 0x00, 0x00, 0x00, 0x00, 0x00, 0x00, 0x00, 0x00, 0x00, 0x00, 0x00, 0x00, 0x00, 0x00, 0x00,
0x00, 0x00, 0x00, 0x00, 0x00, 0x00, 0x00, 0x00, 0xf3, 0xc2, 0x3d, 0x15, 0xf8, 0xbd, 0x38, 0xc4,
0xf8, 0xbd, 0x38, 0xff, 0xf1, 0xb6, 0x32, 0xfe, 0xc7, 0x8b, 0x13, 0xff, 0xb0, 0x74, 0x03, 0xff,
0xb0, 0x74, 0x03, 0xff, 0xaf, 0x73, 0x03, 0xff, 0xae, 0x73, 0x03, 0xff, 0xae, 0x72, 0x03, 0xff,
0xad, 0x72, 0x03, 0xff, 0xac, 0x71, 0x03, 0xff, 0xac, 0x71, 0x03, 0xff, 0xab, 0x70, 0x03, 0xff,
0xaa, 0x70, 0x03, 0xff, 0xa9, 0x6f, 0x03, 0xff, 0xa9, 0x6f, 0x03, 0xff, 0xc1, 0x87, 0x13, 0xff,
0xef, 0xb4, 0x32, 0xff, 0xf8, 0xbd, 0x38, 0xff, 0xf8, 0xbe, 0x38, 0xc3, 0xf2, 0xbf, 0x33, 0x14,
0x00, 0x00, 0x00, 0x00, 0x00, 0x00, 0x00, 0x00, 0x00, 0x00, 0x00, 0x00, 0x00, 0x00, 0x00, 0x00,
0x00, 0x00, 0x00, 0x00, 0x00, 0x00, 0x00, 0x00, 0x00, 0x00, 0x00, 0x00, 0x00, 0x00, 0x00, 0x00,
0x00, 0x00, 0x00, 0x00, 0x00, 0x00, 0x00, 0x00, 0x00, 0x00, 0x00, 0x00, 0x00, 0x00, 0x00, 0x00,
0x00, 0x00, 0x00, 0x00, 0x00, 0x00, 0x00, 0x00, 0x00, 0x00, 0x00, 0x00, 0x00, 0x00, 0x00, 0x00,
0x00, 0x00, 0x00, 0x00, 0x00, 0x00, 0x00, 0x00, 0x00, 0x00, 0x00, 0x00, 0x00, 0x00, 0x00, 0x00,
0x00, 0x00, 0x00, 0x00, 0x00, 0x00, 0x00, 0x00, 0x00, 0x00, 0x00, 0x00, 0x00, 0x00, 0x00, 0x00,
0x00, 0x00, 0x00, 0x00, 0x00, 0x00, 0x00, 0x00, 0x00, 0x00, 0x00, 0x00, 0xff, 0xb6, 0x49, 0x07,
0xf9, 0xbc, 0x37, 0x9d, 0xf8, 0xbd, 0x38, 0xff, 0xf8, 0xbd, 0x38, 0xff, 0xe7, 0xab, 0x2b, 0xff,
0xc5, 0x8a, 0x13, 0xff, 0xb1, 0x76, 0x05, 0xff, 0xae, 0x72, 0x03, 0xff, 0xad, 0x72, 0x03, 0xff,
0xac, 0x71, 0x03, 0xff, 0xac, 0x71, 0x03, 0xff, 0xab, 0x70, 0x03, 0xff, 0xaa, 0x70, 0x03, 0xff,
0xac, 0x72, 0x05, 0xff, 0xc1, 0x87, 0x13, 0xff, 0xe5, 0xaa, 0x2c, 0xff, 0xf8, 0xbd, 0x38, 0xff,
0xf8, 0xbd, 0x38, 0xff, 0xf8, 0xbe, 0x38, 0x9c, 0xff, 0xaa, 0x2b, 0x06, 0x00, 0x00, 0x00, 0x00,
0x00, 0x00, 0x00, 0x00, 0x00, 0x00, 0x00, 0x00, 0x00, 0x00, 0x00, 0x00, 0x00, 0x00, 0x00, 0x00,
0x00, 0x00, 0x00, 0x00, 0x00, 0x00, 0x00, 0x00, 0x00, 0x00, 0x00, 0x00, 0x00, 0x00, 0x00, 0x00,
0x00, 0x00, 0x00, 0x00, 0x00, 0x00, 0x00, 0x00, 0x00, 0x00, 0x00, 0x00, 0x00, 0x00, 0x00, 0x00,
0x00, 0x00, 0x00, 0x00, 0x00, 0x00, 0x00, 0x00, 0x00, 0x00, 0x00, 0x00, 0x00, 0x00, 0x00, 0x00,
0x00, 0x00, 0x00, 0x00, 0x00, 0x00, 0x00, 0x00, 0x00, 0x00, 0x00, 0x00, 0x00, 0x00, 0x00, 0x00,
0x00, 0x00, 0x00, 0x00, 0x00, 0x00, 0x00, 0x00, 0x00, 0x00, 0x00, 0x00, 0x00, 0x00, 0x00, 0x00,
0x00, 0x00, 0x00, 0x00, 0x00, 0x00, 0x00, 0x00, 0x00, 0x00, 0x00, 0x00, 0x00, 0x00, 0x00, 0x00,
0x00, 0x00, 0x00, 0x00, 0xf8, 0xbe, 0x39, 0x47, 0xf8, 0xbd, 0x38, 0xd0, 0xf8, 0xbd, 0x38, 0xff,
0xf8, 0xbd, 0x38, 0xff, 0xf5, 0xba, 0x36, 0xff, 0xe3, 0xa8, 0x29, 0xff, 0xd9, 0x9e, 0x22, 0xff,
0xd2, 0x96, 0x1e, 0xff, 0xd2, 0x96, 0x1e, 0xff, 0xd8, 0x9d, 0x22, 0xff, 0xe1, 0xa7, 0x29, 0xff,
0xf4, 0xba, 0x36, 0xff, 0xf8, 0xbd, 0x38, 0xff, 0xf8, 0xbd, 0x38, 0xff, 0xf8, 0xbc, 0x37, 0xcf,
0xf8, 0xbd, 0x37, 0x46, 0x00, 0x00, 0x00, 0x00, 0x00, 0x00, 0x00, 0x00, 0x00, 0x00, 0x00, 0x00,
0x00, 0x00, 0x00, 0x00, 0x00, 0x00, 0x00, 0x00, 0x00, 0x00, 0x00, 0x00, 0x00, 0x00, 0x00, 0x00,
0x00, 0x00, 0x00, 0x00, 0x00, 0x00, 0x00, 0x00, 0x00, 0x00, 0x00, 0x00, 0x00, 0x00, 0x00, 0x00,
0x00, 0x00, 0x00, 0x00, 0x00, 0x00, 0x00, 0x00, 0x00, 0x00, 0x00, 0x00, 0x00, 0x00, 0x00, 0x00,
0x00, 0x00, 0x00, 0x00, 0x00, 0x00, 0x00, 0x00, 0x00, 0x00, 0x00, 0x00, 0x00, 0x00, 0x00, 0x00,
0x00, 0x00, 0x00, 0x00, 0x00, 0x00, 0x00, 0x00, 0x00, 0x00, 0x00, 0x00, 0x00, 0x00, 0x00, 0x00,
0x00, 0x00, 0x00, 0x00, 0x00, 0x00, 0x00, 0x00, 0x00, 0x00, 0x00, 0x00, 0x00, 0x00, 0x00, 0x00,
0x00, 0x00, 0x00, 0x00, 0x00, 0x00, 0x00, 0x00, 0x00, 0x00, 0x00, 0x00, 0x00, 0x00, 0x00, 0x00,
0x00, 0x00, 0x00, 0x00, 0x00, 0x00, 0x00, 0x00, 0xff, 0x80, 0x00, 0x02, 0xf9, 0xbe, 0x37, 0x53,
0xf7, 0xbd, 0x37, 0xa6, 0xf8, 0xbd, 0x37, 0xef, 0xf8, 0xbd, 0x38, 0xff, 0xf8, 0xbd, 0x38, 0xff,
0xf8, 0xbd, 0x38, 0xff, 0xf8, 0xbd, 0x38, 0xff, 0xf8, 0xbd, 0x38, 0xff, 0xf8, 0xbd, 0x38, 0xff,
0xf8, 0xbd, 0x37, 0xef, 0xf7, 0xbd, 0x38, 0xa5, 0xf9, 0xbd, 0x39, 0x51, 0xff, 0x80, 0x00, 0x02,
0x00, 0x00, 0x00, 0x00, 0x00, 0x00, 0x00, 0x00, 0x00, 0x00, 0x00, 0x00, 0x00, 0x00, 0x00, 0x00,
0x00, 0x00, 0x00, 0x00, 0x00, 0x00, 0x00, 0x00, 0x00, 0x00, 0x00, 0x00, 0x00, 0x00, 0x00, 0x00,
0x00, 0x00, 0x00, 0x00, 0x00, 0x00, 0x00, 0x00, 0x00, 0x00, 0x00, 0x00, 0x00, 0x00, 0x00, 0x00,
0x00, 0x00, 0x00, 0x00, 0x00, 0x00, 0x00, 0x00, 0x00, 0x00, 0x00, 0x00, 0x00, 0x00, 0x00, 0x00,
0x00, 0x00, 0x00, 0x00, 0x00, 0x00, 0x00, 0x00, 0x00, 0x00, 0x00, 0x00, 0x00, 0x00, 0x00, 0x00,
0x00, 0x00, 0x00, 0x00, 0x00, 0x00, 0x00, 0x00, 0x00, 0x00, 0x00, 0x00, 0x00, 0x00, 0x00, 0x00,
0x00, 0x00, 0x00, 0x00, 0x00, 0x00, 0x00, 0x00, 0x00, 0x00, 0x00, 0x00, 0x00, 0x00, 0x00, 0x00,
0x00, 0x00, 0x00, 0x00, 0x00, 0x00, 0x00, 0x00, 0x00, 0x00, 0x00, 0x00, 0x00, 0x00, 0x00, 0x00,
0x00, 0x00, 0x00, 0x00, 0x00, 0x00, 0x00, 0x00, 0x00, 0x00, 0x00, 0x00, 0x00, 0x00, 0x00, 0x00,
0x00, 0x00, 0x00, 0x00, 0xff, 0xcc, 0x33, 0x05, 0xf9, 0xbb, 0x39, 0x2d, 0xf8, 0xbe, 0x37, 0x4a,
0xf7, 0xbd, 0x37, 0x61, 0xf7, 0xbd, 0x37, 0x61, 0xf8, 0xbe, 0x37, 0x4a, 0xf9, 0xbb, 0x39, 0x2d,
0xff, 0xcc, 0x33, 0x05, 0x00, 0x00, 0x00, 0x00, 0x00, 0x00, 0x00, 0x00, 0x00, 0x00, 0x00, 0x00,
0x00, 0x00, 0x00, 0x00, 0x00, 0x00, 0x00, 0x00, 0x00, 0x00, 0x00, 0x00, 0x00, 0x00, 0x00, 0x00,
0x00, 0x00, 0x00, 0x00, 0x00, 0x00, 0x00, 0x00, 0x00, 0x00, 0x00, 0x00, 0x00, 0x00, 0x00, 0x00,
0x00, 0x00, 0x00, 0x00, 0x00, 0x00, 0x00, 0x00, 0x00, 0x00, 0x00, 0x00, 0x00, 0x00, 0x00, 0x00,
0x00, 0x00, 0x00, 0x00, 0x00, 0x00, 0x00, 0x00, 0x00, 0x00, 0x00, 0x00, 0x00, 0x00, 0x00, 0x00,
0x00, 0x00, 0x00, 0x00, 0x00, 0x00, 0x00, 0x00, 0x00, 0x00, 0x00, 0x00, 0x00, 0x00, 0x00, 0x00,
0x00, 0x00, 0x00, 0x00, 0x00, 0x00, 0x00, 0x00, 0x00, 0x00, 0x00, 0x00, 0x00, 0x00, 0x00, 0x00,
0x00, 0x00, 0x00, 0x00, 0x00, 0x00, 0x00, 0x00, 0x00, 0x00, 0x00, 0x00, 0x00, 0x00, 0x00, 0x00,
0x00, 0x00, 0x00, 0x00, 0x00, 0x00, 0x00, 0x00, 0x00, 0x00, 0x00, 0x00, 0x00, 0x00, 0x00, 0x00,
0x00, 0x00, 0x00, 0x00, 0x00, 0x00, 0x00, 0x00, 0x00, 0x00, 0x00, 0x00, 0x00, 0x00, 0x00, 0x00,
0x00, 0x00, 0x00, 0x00, 0x00, 0x00, 0x00, 0x00, 0x00, 0x00, 0x00, 0x00, 0x00, 0x00, 0x00, 0x00,
0x00, 0x00, 0x00, 0x00, 0x00, 0x00, 0x00, 0x00, 0x00, 0x00, 0x00, 0x00, 0x00, 0x00, 0x00, 0x00,
0x00, 0x00, 0x00, 0x00, 0x00, 0x00, 0x00, 0x00, 0x00, 0x00, 0x00, 0x00, 0x00, 0x00, 0x00, 0x00,
0x00, 0x00, 0x00, 0x00, 0x00, 0x00, 0x00, 0x00, 0x00, 0x00, 0x00, 0x00, 0x00, 0x00, 0x00, 0x00,
0x00, 0x00, 0x00, 0x00, 0x00, 0x00, 0x00, 0x00, 0x00, 0x00, 0x00, 0x00, 0x00, 0x00, 0x00, 0x00,
0x00, 0x00, 0x00, 0x00, 0x00, 0x00, 0x00, 0x00, 0x00, 0x00, 0x00, 0x00, 0x00, 0x00, 0x00, 0x00,
0x00, 0x00, 0x00, 0x00, 0x00, 0x00, 0x00, 0x00, 0x00, 0x00, 0x00, 0x00, 0x00, 0x00, 0x00, 0x00,
0x00, 0x00, 0x00, 0x00, 0x00, 0x00, 0x00, 0x00, 0x00, 0x00, 0x00, 0x00, 0x00, 0x00, 0x00, 0x00,
0x00, 0x00, 0x00, 0x00, 0x00, 0x00, 0x00, 0x00, 0x00, 0x00, 0x00, 0x00, 0x00, 0x00, 0x00, 0x00,
0x00, 0x00, 0x00, 0x00, 0x00, 0x00, 0x00, 0x00, 0x00, 0x00, 0x00, 0x00, 0x00, 0x00, 0x00, 0x00,
0x00, 0x00, 0x00, 0x00, 0x00, 0x00, 0x00, 0x00, 0x00, 0x00, 0x00, 0x00, 0x00, 0x00, 0x00, 0x00,
0x00, 0x00, 0x00, 0x00, 0x00, 0x00, 0x00, 0x00, 0x00, 0x00, 0x00, 0x00, 0x00, 0x00, 0x00, 0x00,
0x00, 0x00, 0x00, 0x00, 0x00, 0x00, 0x00, 0x00, 0x00, 0x00, 0x00, 0x00, 0x00, 0x00, 0x00, 0x00,
0x00, 0x00, 0x00, 0x00, 0x00, 0x00, 0x00, 0x00, 0x00, 0x00, 0x00, 0x00, 0x00, 0x00, 0x00, 0x00,
0x00, 0x00, 0x00, 0x00, 0x00, 0x00, 0x00, 0x00, 0x00, 0x00, 0x00, 0x00, 0x00, 0x00, 0x00, 0x00,
0x00, 0x00, 0x00, 0x00, 0x00, 0x00, 0x00, 0x00, 0x00, 0x00, 0x00, 0x00, 0x00, 0x00, 0x00, 0x00,
0x00, 0x00, 0x00, 0x00, 0x00, 0x00, 0x00, 0x00, 0x00, 0x00, 0x00, 0x00, 0x00, 0x00, 0x00, 0x00,
0x00, 0x00, 0x00, 0x00, 0x00, 0x00, 0x00, 0x00, 0x00, 0x00, 0x00, 0x00, 0x00, 0x00, 0x00, 0x00,
0x00, 0x00, 0x00, 0x00, 0x00, 0x00, 0x00, 0x00, 0x00, 0x00, 0x00, 0x00, 0x00, 0x00, 0x00, 0x00,
0x00, 0x00, 0x00, 0x00, 0x00, 0x00, 0x00, 0x00, 0x00, 0x00, 0x00, 0x00, 0x00, 0x00, 0x00, 0x00,
0x00, 0x00, 0x00, 0x00, 0x00, 0x00, 0x00, 0x00, 0x00, 0x00, 0x00, 0x00, 0x00, 0x00, 0x00, 0x00,
0x00, 0x00, 0x00, 0x00, 0x00, 0x00, 0x00, 0x00, 0x00, 0x00, 0x00, 0x00, 0x00, 0x00, 0x00, 0x00,
0x00, 0x00, 0x00, 0x00, 0x00, 0x00, 0x00, 0x00, 0x00, 0x00, 0x00, 0x00, 0x00, 0x00, 0x00, 0x00,
0x00, 0x00, 0x00, 0x00, 0x00, 0x00, 0x00, 0x00, 0x00, 0x00, 0x00, 0x00, 0x00, 0x00, 0x00, 0x00,
0x00, 0x00, 0x00, 0x00, 0x00, 0x00, 0x00, 0x00, 0x00, 0x00, 0x00, 0x00, 0x00, 0x00, 0x00, 0x00,
0x00, 0x00, 0x00, 0x00, 0x00, 0x00, 0x00, 0x00, 0x00, 0x00, 0x00, 0x00, 0x00, 0x00, 0x00, 0x00,
0x00, 0x00, 0x00, 0x00, 0x00, 0x00, 0x00, 0x00, 0x00, 0x00, 0x00, 0x00, 0x00, 0x00, 0x00, 0x00,
0x00, 0x00, 0x00, 0x00, 0x00, 0x00, 0x00, 0x00, 0x00, 0x00, 0x00, 0x00, 0x00, 0x00, 0x00, 0x00,
0x00, 0x00, 0x00, 0x00, 0x00, 0x00, 0x00, 0x00, 0x00, 0x00, 0x00, 0x00, 0x00, 0x00, 0x00, 0x00,
0x00, 0x00, 0x00, 0x00, 0x00, 0x00, 0x00, 0x00, 0x00, 0x00, 0x00, 0x00, 0x00, 0x00, 0x00, 0x00,
0x00, 0x00, 0x00, 0x00, 0x00, 0x00, 0x00, 0x00, 0x00, 0x00, 0x00, 0x00, 0x00, 0x00, 0x00, 0x00,
0x00, 0x00, 0x00, 0x00, 0x00, 0x00, 0x00, 0x00, 0x00, 0x00, 0x00, 0x00, 0x00, 0x00, 0x00, 0x00,
0x00, 0x00, 0x00, 0x00, 0x00, 0x00, 0x00, 0x00, 0x00, 0x00, 0x00, 0x00, 0x00, 0x00, 0x00, 0x00,
0x00, 0x00, 0x00, 0x00, 0x00, 0x00, 0x00, 0x00, 0x00, 0x00, 0x00, 0x00, 0x00, 0x00, 0x00, 0x00,
0x00, 0x00, 0x00, 0x00, 0x00, 0x00, 0x00, 0x00, 0x00, 0x00, 0x00, 0x00, 0x00, 0x00, 0x00, 0x00,
0x00, 0x00, 0x00, 0x00, 0x00, 0x00, 0x00, 0x00, 0x00, 0x00, 0x00, 0x00, 0x00, 0x00, 0x00, 0x00,
0x00, 0x00, 0x00, 0x00, 0x00, 0x00, 0x00, 0x00, 0x00, 0x00, 0x00, 0x00, 0x00, 0x00, 0x00, 0x00,
0x00, 0x00, 0x00, 0x00, 0x00, 0x00, 0x00, 0x00, 0x00, 0x00, 0x00, 0x00, 0x00, 0x00, 0x00, 0x00,
0x00, 0x00, 0x00, 0x00, 0x00, 0x00, 0x00, 0x00, 0x00, 0x00, 0x00, 0x00, 0x00, 0x00, 0x00, 0x00,
0x00, 0x00, 0x00, 0x00, 0x00, 0x00, 0x00, 0x00, 0x00, 0x00, 0x00, 0x00, 0x00, 0x00, 0x00, 0x00,
0x00, 0x00, 0x00, 0x00, 0x00, 0x00, 0x00, 0x00, 0x00, 0x00, 0x00, 0x00, 0x00, 0x00, 0x00, 0x00,
0x00, 0x00, 0x00, 0x00, 0x00, 0x00, 0x00, 0x00, 0x00, 0x00, 0x00, 0x00, 0x00, 0x00, 0x00, 0x00,
0x00, 0x00, 0x00, 0x00, 0x00, 0x00, 0x00, 0x00, 0x00, 0x00, 0x00, 0x00, 0x00, 0x00, 0x00, 0x00,
0x00, 0x00, 0x00, 0x00, 0x00, 0x00, 0x00, 0x00, 0x00, 0x00, 0x00, 0x00, 0x00, 0x00, 0x00, 0x00,
0x00, 0x00, 0x00, 0x00, 0x00, 0x00, 0x00, 0x00, 0x00, 0x00, 0x00, 0x00, 0x00, 0x00, 0x00, 0x00,
0x00, 0x00, 0x00, 0x00, 0x00, 0x00, 0x00, 0x00, 0x00, 0x00, 0x00, 0x00, 0x00, 0x00, 0x00, 0x00,
0x00, 0x00, 0x00, 0x00, 0x00, 0x00, 0x00, 0x00, 0x00, 0x00, 0x00, 0x00, 0x00, 0x00, 0x00, 0x00,
0x00, 0x00, 0x00, 0x00, 0x00, 0x00, 0x00, 0x00, 0x00, 0x00, 0x00, 0x00, 0x00, 0x00, 0x00, 0x00,
0x00, 0x00, 0x00, 0x00, 0x00, 0x00, 0x00, 0x00, 0x00, 0x00, 0x00, 0x00, 0x00, 0x00, 0x00, 0x00,
0x00, 0x00, 0x00, 0x00, 0x00, 0x00, 0x00, 0x00, 0x00, 0x00, 0x00, 0x00, 0x00, 0x00, 0x00, 0x00,
0x00, 0x00, 0x00, 0x00, 0x00, 0x00, 0x00, 0x00, 0x00, 0x00, 0x00, 0x00, 0x00, 0x00, 0x00, 0x00,
0x00, 0x00, 0x00, 0x00, 0x00, 0x00, 0x00, 0x00, 0x00, 0x00, 0x00, 0x00, 0x00, 0x00, 0x00, 0x00,
0x00, 0x00, 0x00, 0x00, 0x00, 0x00, 0x00, 0x00, 0x00, 0x00, 0x00, 0x00, 0x00, 0x00, 0x00, 0x00,
0x00, 0x00, 0x00, 0x00, 0x00, 0x00, 0x00, 0x00, 0x00, 0x00, 0x00, 0x00, 0x00, 0x00, 0x00, 0x00,
0x00, 0x00, 0x00, 0x00, 0x00, 0x00, 0x00, 0x00, 0x00, 0x00, 0x00, 0x00, 0x00, 0x00, 0x00, 0x00,
0x00, 0x00, 0x00, 0x00, 0x00, 0x00, 0x00, 0x00, 0x00, 0x00, 0x00, 0x00, 0x00, 0x00, 0x00, 0x00,
0x00, 0x00, 0x00, 0x00, 0x00, 0x00, 0x00, 0x00, 0x00, 0x00, 0x00, 0x00, 0x00, 0x00, 0x00, 0x00,
0x00, 0x00, 0x00, 0x00, 0x00, 0x00, 0x00, 0x00, 0x00, 0x00, 0x00, 0x00, 0x00, 0x00, 0x00, 0x00,
0x00, 0x00, 0x00, 0x00, 0x00, 0x00, 0x00, 0x00, 0x00, 0x00, 0x00, 0x00, 0x00, 0x00, 0x00, 0x00,
0x00, 0x00, 0x00, 0x00, 0x00, 0x00, 0x00, 0x00, 0x00, 0x00, 0x00, 0x00, 0x00, 0x00, 0x00, 0x00,
0x00, 0x00, 0x00, 0x00, 0x00, 0x00, 0x00, 0x00, 0x00, 0x00, 0x00, 0x00, 0x00, 0x00, 0x00, 0x00,
0x00, 0x00, 0x00, 0x00, 0x00, 0x00, 0x00, 0x00, 0x00, 0x00, 0x00, 0x00, 0x00, 0x00, 0x00, 0x00,
0x00, 0x00, 0x00, 0x00, 0x00, 0x00, 0x00, 0x00, 0x00, 0x00, 0x00, 0x00, 0x00, 0x00, 0x00, 0x00,
0x00, 0x00, 0x00, 0x00, 0x00, 0x00, 0x00, 0x00, 0x00, 0x00, 0x00, 0x00, 0x00, 0x00, 0x00, 0x00,
0x00, 0x00, 0x00, 0x00, 0x00, 0x00, 0x00, 0x00, 0x00, 0x00, 0x00, 0x00, 0x00, 0x00, 0x00, 0x00,
0x00, 0x00, 0x00, 0x00, 0x00, 0x00, 0x00, 0x00, 0x00, 0x00, 0x00, 0x00, 0x00, 0x00, 0x00, 0x00,
0x00, 0x00, 0x00, 0x00, 0x00, 0x00, 0x00, 0x00, 0x00, 0x00, 0x00, 0x00, 0x00, 0x00, 0x00, 0x00,
0x00, 0x00, 0x00, 0x00, 0x00, 0x00, 0x00, 0x00, 0x00, 0x00, 0x00, 0x00, 0x00, 0x00, 0x00, 0x00
};

extern const uint8_t app_editor_bin[9216] = {
0x00, 0x00, 0x00, 0x00, 0x00, 0x00, 0x00, 0x00, 0x00, 0x00, 0x00, 0x00, 0x00, 0x00, 0x00, 0x00,
0x00, 0x00, 0x00, 0x00, 0x00, 0x00, 0x00, 0x00, 0x00, 0x00, 0x00, 0x00, 0x00, 0x00, 0x00, 0x00,
0x00, 0x00, 0x00, 0x00, 0x00, 0x00, 0x00, 0x00, 0x00, 0x00, 0x00, 0x00, 0x00, 0x00, 0x00, 0x00,
0x00, 0x00, 0x00, 0x00, 0x00, 0x00, 0x00, 0x00, 0x00, 0x00, 0x00, 0x00, 0x00, 0x00, 0x00, 0x00,
0x00, 0x00, 0x00, 0x00, 0x00, 0x00, 0x00, 0x00, 0x00, 0x00, 0x00, 0x00, 0x00, 0x00, 0x00, 0x00,
0x00, 0x00, 0x00, 0x00, 0x00, 0x00, 0x00, 0x00, 0x00, 0x00, 0x00, 0x00, 0x00, 0x00, 0x00, 0x00,
0x00, 0x00, 0x00, 0x00, 0x00, 0x00, 0x00, 0x00, 0x00, 0x00, 0x00, 0x00, 0x00, 0x00, 0x00, 0x00,
0x00, 0x00, 0x00, 0x00, 0x00, 0x00, 0x00, 0x00, 0x00, 0x00, 0x00, 0x00, 0x00, 0x00, 0x00, 0x00,
0x00, 0x00, 0x00, 0x00, 0x00, 0x00, 0x00, 0x00, 0x00, 0x00, 0x00, 0x00, 0x00, 0x00, 0x00, 0x00,
0x00, 0x00, 0x00, 0x00, 0x00, 0x00, 0x00, 0x00, 0x00, 0x00, 0x00, 0x00, 0x00, 0x00, 0x00, 0x00,
0x00, 0x00, 0x00, 0x00, 0x00, 0x00, 0x00, 0x00, 0x00, 0x00, 0x00, 0x00, 0x00, 0x00, 0x00, 0x00,
0x00, 0x00, 0x00, 0x00, 0x00, 0x00, 0x00, 0x00, 0x00, 0x00, 0x00, 0x00, 0x00, 0x00, 0x00, 0x00,
0x00, 0x00, 0x00, 0x00, 0x00, 0x00, 0x00, 0x00, 0x00, 0x00, 0x00, 0x00, 0x00, 0x00, 0x00, 0x00,
0x00, 0x00, 0x00, 0x00, 0x00, 0x00, 0x00, 0x00, 0x00, 0x00, 0x00, 0x00, 0x00, 0x00, 0x00, 0x00,
0x00, 0x00, 0x00, 0x00, 0x00, 0x00, 0x00, 0x00, 0x00, 0x00, 0x00, 0x00, 0x00, 0x00, 0x00, 0x00,
0x00, 0x00, 0x00, 0x00, 0x00, 0x00, 0x00, 0x00, 0x00, 0x00, 0x00, 0x00, 0x00, 0x00, 0x00, 0x00,
0x00, 0x00, 0x00, 0x00, 0x00, 0x00, 0x00, 0x00, 0x00, 0x00, 0x00, 0x00, 0x00, 0x00, 0x00, 0x00,
0x00, 0x00, 0x00, 0x00, 0x00, 0x00, 0x00, 0x00, 0x00, 0x00, 0x00, 0x00, 0x00, 0x00, 0x00, 0x00,
0x00, 0x00, 0x00, 0x00, 0x00, 0x00, 0x00, 0x00, 0x00, 0x00, 0x00, 0x00, 0x00, 0x00, 0x00, 0x00,
0x00, 0x00, 0x00, 0x00, 0x00, 0x00, 0x00, 0x00, 0x00, 0x00, 0x00, 0x00, 0x00, 0x00, 0x00, 0x00,
0x00, 0x00, 0x00, 0x00, 0x00, 0x00, 0x00, 0x00, 0x00, 0x00, 0x00, 0x00, 0x00, 0x00, 0x00, 0x00,
0x00, 0x00, 0x00, 0x00, 0x00, 0x00, 0x00, 0x00, 0x00, 0x00, 0x00, 0x00, 0x00, 0x00, 0x00, 0x00,
0x00, 0x00, 0x00, 0x00, 0x00, 0x00, 0x00, 0x00, 0x00, 0x00, 0x00, 0x00, 0x00, 0x00, 0x00, 0x00,
0x00, 0x00, 0x00, 0x00, 0x00, 0x00, 0x00, 0x00, 0x00, 0x00, 0x00, 0x00, 0x00, 0x00, 0x00, 0x00,
0x00, 0x00, 0x00, 0x00, 0x00, 0x00, 0x00, 0x00, 0x00, 0x00, 0x00, 0x00, 0x00, 0x00, 0x00, 0x00,
0x00, 0x00, 0x00, 0x00, 0x00, 0x00, 0x00, 0x00, 0x00, 0x00, 0x00, 0x00, 0x00, 0x00, 0x00, 0x00,
0x00, 0x00, 0x00, 0x00, 0x00, 0x00, 0x00, 0x00, 0x00, 0x00, 0x00, 0x00, 0x00, 0x00, 0x00, 0x00,
0x00, 0x00, 0x00, 0x00, 0x00, 0x00, 0x00, 0x00, 0x00, 0x00, 0x00, 0x00, 0x00, 0x00, 0x00, 0x00,
0x00, 0x00, 0x00, 0x00, 0x00, 0x00, 0x00, 0x00, 0x00, 0x00, 0x00, 0x00, 0x00, 0x00, 0x00, 0x00,
0x00, 0x00, 0x00, 0x00, 0x00, 0x00, 0x00, 0x00, 0x00, 0x00, 0x00, 0x00, 0x00, 0x00, 0x00, 0x00,
0x00, 0x00, 0x00, 0x00, 0x00, 0x00, 0x00, 0x00, 0x00, 0x00, 0x00, 0x00, 0x00, 0x00, 0x00, 0x00,
0x00, 0x00, 0x00, 0x00, 0x00, 0x00, 0x00, 0x00, 0x00, 0x00, 0x00, 0x00, 0x00, 0x00, 0x00, 0x00,
0x00, 0x00, 0x00, 0x00, 0x00, 0x00, 0x00, 0x00, 0x00, 0x00, 0x00, 0x00, 0x00, 0x00, 0x00, 0x00,
0x00, 0x00, 0x00, 0x00, 0x00, 0x00, 0x00, 0x00, 0x00, 0x00, 0x00, 0x00, 0x00, 0x00, 0x00, 0x00,
0x00, 0x00, 0x00, 0x00, 0x00, 0x00, 0x00, 0x00, 0x00, 0x00, 0x00, 0x00, 0x00, 0x00, 0x00, 0x00,
0x00, 0x00, 0x00, 0x00, 0x00, 0x00, 0x00, 0x00, 0x00, 0x00, 0x00, 0x00, 0x00, 0x00, 0x00, 0x00,
0x00, 0x00, 0x00, 0x00, 0x00, 0x00, 0x00, 0x00, 0x00, 0x00, 0x00, 0x00, 0x00, 0x00, 0x00, 0x00,
0x00, 0x00, 0x00, 0x00, 0x00, 0x00, 0x00, 0x00, 0x00, 0x00, 0x00, 0x00, 0x00, 0x00, 0x00, 0x00,
0x00, 0x00, 0x00, 0x00, 0x00, 0x00, 0x00, 0x00, 0x00, 0x00, 0x00, 0x00, 0x00, 0x00, 0x00, 0x00,
0x00, 0x00, 0x00, 0x00, 0x00, 0x00, 0x00, 0x00, 0x00, 0x00, 0x00, 0x00, 0x00, 0x00, 0x00, 0x00,
0x00, 0x00, 0x00, 0x00, 0x00, 0x00, 0x00, 0x00, 0x00, 0x00, 0x00, 0x00, 0x00, 0x00, 0x00, 0x00,
0x00, 0x00, 0x00, 0x00, 0x00, 0x00, 0x00, 0x00, 0x00, 0x00, 0x00, 0x00, 0x00, 0x00, 0x00, 0x00,
0x00, 0x00, 0x00, 0x00, 0x00, 0x00, 0x00, 0x00, 0x00, 0x00, 0x00, 0x00, 0x00, 0x00, 0x00, 0x00,
0x00, 0x00, 0x00, 0x00, 0x00, 0x00, 0x00, 0x00, 0x00, 0x00, 0x00, 0x00, 0x00, 0x00, 0x00, 0x00,
0x00, 0x00, 0x00, 0x00, 0x00, 0x00, 0x00, 0x00, 0x00, 0x00, 0x00, 0x00, 0x00, 0x00, 0x00, 0x00,
0x00, 0x00, 0x00, 0x00, 0x00, 0x00, 0x00, 0x00, 0x00, 0x00, 0x00, 0x00, 0x00, 0x00, 0x00, 0x00,
0x00, 0x00, 0x00, 0x00, 0x00, 0x00, 0x00, 0x00, 0x00, 0x00, 0x00, 0x00, 0x00, 0x00, 0x00, 0x00,
0x00, 0x00, 0x00, 0x00, 0x00, 0x00, 0x00, 0x00, 0x00, 0x00, 0x00, 0x00, 0x00, 0x00, 0x00, 0x00,
0x00, 0x00, 0x00, 0x00, 0x00, 0x00, 0x00, 0x00, 0x00, 0x00, 0x00, 0x00, 0x00, 0x00, 0x00, 0x00,
0x00, 0x00, 0x00, 0x00, 0x00, 0x00, 0x00, 0x00, 0x00, 0x00, 0x00, 0x00, 0x00, 0x00, 0x00, 0x00,
0x00, 0x00, 0x00, 0x00, 0x00, 0x00, 0x00, 0x00, 0x00, 0x00, 0x00, 0x00, 0x00, 0x00, 0x00, 0x00,
0x00, 0x00, 0x00, 0x00, 0x00, 0x00, 0x00, 0x00, 0x00, 0x00, 0x00, 0x00, 0x00, 0x00, 0x00, 0x00,
0x00, 0x00, 0x00, 0x00, 0x00, 0x00, 0x00, 0x00, 0x00, 0x00, 0x00, 0x00, 0x00, 0x00, 0x00, 0x00,
0x00, 0x00, 0x00, 0x00, 0x00, 0x00, 0x00, 0x00, 0x00, 0x00, 0x00, 0x00, 0x00, 0x00, 0x00, 0x00,
0x00, 0x00, 0x00, 0x00, 0x00, 0x00, 0x00, 0x00, 0x00, 0x00, 0x00, 0x00, 0x00, 0x00, 0x00, 0x00,
0x00, 0x00, 0x00, 0x00, 0x00, 0x00, 0x00, 0x00, 0x00, 0x00, 0x00, 0x00, 0x00, 0x00, 0x00, 0x00,
0x00, 0x00, 0x00, 0x00, 0x00, 0x00, 0x00, 0x00, 0x00, 0x00, 0x00, 0x00, 0x00, 0x00, 0x00, 0x00,
0x00, 0x00, 0x00, 0x00, 0x00, 0x00, 0x00, 0x00, 0x00, 0x00, 0x00, 0x00, 0x00, 0x00, 0x00, 0x00,
0x00, 0x00, 0x00, 0x00, 0x00, 0x00, 0x00, 0x00, 0x00, 0x00, 0x00, 0x00, 0x00, 0x00, 0x00, 0x00,
0x00, 0x00, 0x00, 0x00, 0x00, 0x00, 0x00, 0x00, 0x00, 0x00, 0x00, 0x00, 0x00, 0x00, 0x00, 0x00,
0x00, 0x00, 0x00, 0x00, 0x00, 0x00, 0x00, 0x00, 0x00, 0x00, 0x00, 0x00, 0x00, 0x00, 0x00, 0x00,
0x00, 0x00, 0x00, 0x00, 0x00, 0x00, 0x00, 0x00, 0x00, 0x00, 0x00, 0x00, 0x00, 0x00, 0x00, 0x00,
0x00, 0x00, 0x00, 0x00, 0x00, 0x00, 0x00, 0x00, 0x00, 0x00, 0x00, 0x00, 0x00, 0x00, 0x00, 0x00,
0x00, 0x00, 0x00, 0x00, 0x00, 0x00, 0x00, 0x00, 0x00, 0x00, 0x00, 0x00, 0x00, 0x00, 0x00, 0x00,
0x00, 0x00, 0x00, 0x00, 0x00, 0x00, 0x00, 0x00, 0x00, 0x00, 0x00, 0x00, 0x00, 0x00, 0x00, 0x00,
0x00, 0x00, 0x00, 0x00, 0x00, 0x00, 0x00, 0x00, 0x00, 0x00, 0x00, 0x00, 0x00, 0x00, 0x00, 0x00,
0x00, 0x00, 0x00, 0x00, 0x00, 0x00, 0x00, 0x00, 0x00, 0x00, 0x00, 0x00, 0x00, 0x00, 0x00, 0x00,
0x00, 0x00, 0x00, 0x00, 0x00, 0x00, 0x00, 0x00, 0x00, 0x00, 0x00, 0x00, 0x00, 0x00, 0x00, 0x00,
0x00, 0x00, 0x00, 0x00, 0x00, 0x00, 0x00, 0x00, 0x00, 0x00, 0x00, 0x00, 0x00, 0x00, 0x00, 0x00,
0x00, 0x00, 0x00, 0x00, 0x00, 0x00, 0x00, 0x00, 0x00, 0x00, 0x00, 0x00, 0x00, 0x00, 0x00, 0x00,
0x00, 0x00, 0x00, 0x00, 0x00, 0x00, 0x00, 0x00, 0x00, 0x00, 0x00, 0x00, 0x00, 0x00, 0x00, 0x00,
0x00, 0x00, 0x00, 0x00, 0x00, 0x00, 0x00, 0x00, 0x00, 0x00, 0x00, 0x00, 0x00, 0x00, 0x00, 0x00,
0x00, 0x00, 0x00, 0x00, 0x00, 0x00, 0x00, 0x00, 0x00, 0x00, 0x00, 0x00, 0x00, 0x00, 0x00, 0x00,
0x00, 0x00, 0x00, 0x00, 0x00, 0x00, 0x00, 0x00, 0x00, 0x00, 0x00, 0x00, 0x00, 0x00, 0x00, 0x00,
0x00, 0x00, 0x00, 0x00, 0xff, 0xc6, 0x39, 0x09, 0xf6, 0xbd, 0x39, 0x3a, 0xf8, 0xbc, 0x38, 0x44,
0xf8, 0xbc, 0x38, 0x44, 0xf8, 0xbc, 0x38, 0x44, 0xf8, 0xbc, 0x38, 0x44, 0xf8, 0xbc, 0x38, 0x44,
0xf8, 0xbc, 0x38, 0x44, 0xf8, 0xbc, 0x38, 0x44, 0xf8, 0xbc, 0x38, 0x44, 0xf8, 0xbc, 0x38, 0x44,
0xf8, 0xbc, 0x38, 0x44, 0xf8, 0xbc, 0x38, 0x44, 0xf8, 0xbc, 0x38, 0x44, 0xf8, 0xbc, 0x38, 0x44,
0xf8, 0xbc, 0x38, 0x44, 0xf8, 0xbc, 0x38, 0x44, 0xf8, 0xbc, 0x38, 0x44, 0xf8, 0xbc, 0x38, 0x44,
0xf7, 0xbe, 0x39, 0x3f, 0x00, 0x00, 0x00, 0x00, 0x00, 0x00, 0x00, 0x00, 0x00, 0x00, 0x00, 0x00,
0x00, 0x00, 0x00, 0x00, 0x00, 0x00, 0x00, 0x00, 0x00, 0x00, 0x00, 0x00, 0x00, 0x00, 0x00, 0x00,
0x00, 0x00, 0x00, 0x00, 0x00, 0x00, 0x00, 0x00, 0x00, 0x00, 0x00, 0x00, 0x00, 0x00, 0x00, 0x00,
0x00, 0x00, 0x00, 0x00, 0x00, 0x00, 0x00, 0x00, 0x00, 0x00, 0x00, 0x00, 0x00, 0x00, 0x00, 0x00,
0x00, 0x00, 0x00, 0x00, 0x00, 0x00, 0x00, 0x00, 0x00, 0x00, 0x00, 0x00, 0x00, 0x00, 0x00, 0x00,
0x00, 0x00, 0x00, 0x00, 0x00, 0x00, 0x00, 0x00, 0x00, 0x00, 0x00, 0x00, 0x00, 0x00, 0x00, 0x00,
0x00, 0x00, 0x00, 0x00, 0x00, 0x00, 0x00, 0x00, 0x00, 0x00, 0x00, 0x00, 0x00, 0x00, 0x00, 0x00,
0xf8, 0xbc, 0x36, 0x26, 0xf6, 0xbb, 0x37, 0xe6, 0xf8, 0xbd, 0x38, 0xff, 0xf8, 0xbd, 0x38, 0xff,
0xf8, 0xbd, 0x38, 0xff, 0xf8, 0xbd, 0x38, 0xff, 0xf8, 0xbd, 0x38, 0xff, 0xf8, 0xbd, 0x38, 0xff,
0xf8, 0xbd, 0x38, 0xff, 0xf8, 0xbd, 0x38, 0xff, 0xf8, 0xbd, 0x38, 0xff, 0xf8, 0xbd, 0x38, 0xff,
0xf8, 0xbd, 0x38, 0xff, 0xf8, 0xbd, 0x38, 0xff, 0xf8, 0xbd, 0x38, 0xff, 0xf8, 0xbd, 0x38, 0xff,
0xf8, 0xbd, 0x38, 0xff, 0xf8, 0xbd, 0x38, 0xff, 0xf8, 0xbd, 0x38, 0xff, 0xf8, 0xbd, 0x38, 0xff,
0xf8, 0xbd, 0x38, 0xff, 0xf8, 0xbd, 0x37, 0x8f, 0x00, 0x00, 0x00, 0x00, 0x00, 0x00, 0x00, 0x00,
0x00, 0x00, 0x00, 0x00, 0x00, 0x00, 0x00, 0x00, 0x00, 0x00, 0x00, 0x00, 0x00, 0x00, 0x00, 0x00,
0x00, 0x00, 0x00, 0x00, 0x00, 0x00, 0x00, 0x00, 0x00, 0x00, 0x00, 0x00, 0x00, 0x00, 0x00, 0x00,
0x00, 0x00, 0x00, 0x00, 0x00, 0x00, 0x00, 0x00, 0x00, 0x00, 0x00, 0x00, 0x00, 0x00, 0x00, 0x00,
0x00, 0x00, 0x00, 0x00, 0x00, 0x00, 0x00, 0x00, 0x00, 0x00, 0x00, 0x00, 0x00, 0x00, 0x00, 0x00,
0x00, 0x00, 0x00, 0x00, 0x00, 0x00, 0x00, 0x00, 0x00, 0x00, 0x00, 0x00, 0x00, 0x00, 0x00, 0x00,
0x00, 0x00, 0x00, 0x00, 0x00, 0x00, 0x00, 0x00, 0x00, 0x00, 0x00, 0x00, 0x00, 0x00, 0x00, 0x00,
0xf9, 0xbc, 0x37, 0xa1, 0xec, 0xb3, 0x37, 0xfc, 0x75, 0x56, 0x26, 0xff, 0x6d, 0x50, 0x25, 0xff,
0x6d, 0x50, 0x25, 0xff, 0x6d, 0x50, 0x25, 0xff, 0x6d, 0x50, 0x25, 0xff, 0x6d, 0x50, 0x25, 0xff,
0x6d, 0x50, 0x25, 0xff, 0x6d, 0x50, 0x25, 0xff, 0x6d, 0x50, 0x25, 0xff, 0x6d, 0x50, 0x25, 0xff,
0x6d, 0x50, 0x25, 0xff, 0x6d, 0x50, 0x25, 0xff, 0x6d, 0x50, 0x25, 0xff, 0x6d, 0x50, 0x25, 0xff,
0x6d, 0x50, 0x25, 0xff, 0x6d, 0x50, 0x25, 0xff, 0x6d, 0x50, 0x25, 0xff, 0x6d, 0x50, 0x25, 0xff,
0xd0, 0x9e, 0x32, 0xff, 0xf8, 0xbd, 0x38, 0xff, 0xf8, 0xbd, 0x37, 0x8f, 0x00, 0x00, 0x00, 0x00,
0x00, 0x00, 0x00, 0x00, 0x00, 0x00, 0x00, 0x00, 0x00, 0x00, 0x00, 0x00, 0x00, 0x00, 0x00, 0x00,
0x00, 0x00, 0x00, 0x00, 0x00, 0x00, 0x00, 0x00, 0x00, 0x00, 0x00, 0x00, 0x00, 0x00, 0x00, 0x00,
0x00, 0x00, 0x00, 0x00, 0x00, 0x00, 0x00, 0x00, 0x00, 0x00, 0x00, 0x00, 0x00, 0x00, 0x00, 0x00,
0x00, 0x00, 0x00, 0x00, 0x00, 0x00, 0x00, 0x00, 0x00, 0x00, 0x00, 0x00, 0x00, 0x00, 0x00, 0x00,
0x00, 0x00, 0x00, 0x00, 0x00, 0x00, 0x00, 0x00, 0x00, 0x00, 0x00, 0x00, 0x00, 0x00, 0x00, 0x00,
0x00, 0x00, 0x00, 0x00, 0x00, 0x00, 0x00, 0x00, 0x00, 0x00, 0x00, 0x00, 0x00, 0x00, 0x00, 0x00,
0xf8, 0xbe, 0x38, 0xbf, 0xc9, 0x98, 0x32, 0xff, 0x3b, 0x29, 0x1e, 0xff, 0x3b, 0x29, 0x1e, 0xff,
0x3b, 0x29, 0x1e, 0xff, 0x3b, 0x29, 0x1e, 0xff, 0x3b, 0x29, 0x1e, 0xff, 0x3b, 0x29, 0x1e, 0xff,
0x3b, 0x29, 0x1e, 0xff, 0x3b, 0x29, 0x1e, 0xff, 0x3b, 0x29, 0x1e, 0xff, 0x3b, 0x29, 0x1e, 0xff,
0x3b, 0x29, 0x1e, 0xff, 0x3b, 0x29, 0x1e, 0xff, 0x3b, 0x29, 0x1e, 0xff, 0x3b, 0x29, 0x1e, 0xff,
0x3b, 0x29, 0x1e, 0xff, 0x3b, 0x29, 0x1e, 0xff, 0x3b, 0x29, 0x1e, 0xff, 0x3b, 0x29, 0x1e, 0xff,
0x99, 0x73, 0x2b, 0xff, 0xf8, 0xbd, 0x38, 0xff, 0xf8, 0xbd, 0x38, 0xff, 0xf8, 0xbd, 0x37, 0x8f,
0xff, 0xff, 0x00, 0x01, 0x00, 0x00, 0x00, 0x00, 0x00, 0x00, 0x00, 0x00, 0x00, 0x00, 0x00, 0x00,
0x00, 0x00, 0x00, 0x00, 0x00, 0x00, 0x00, 0x00, 0x00, 0x00, 0x00, 0x00, 0x00, 0x00, 0x00, 0x00,
0x00, 0x00, 0x00, 0x00, 0x00, 0x00, 0x00, 0x00, 0x00, 0x00, 0x00, 0x00, 0x00, 0x00, 0x00, 0x00,
0x00, 0x00, 0x00, 0x00, 0x00, 0x00, 0x00, 0x00, 0x00, 0x00, 0x00, 0x00, 0x00, 0x00, 0x00, 0x00,
0x00, 0x00, 0x00, 0x00, 0x00, 0x00, 0x00, 0x00, 0x00, 0x00, 0x00, 0x00, 0x00, 0x00, 0x00, 0x00,
0x00, 0x00, 0x00, 0x00, 0x00, 0x00, 0x00, 0x00, 0x00, 0x00, 0x00, 0x00, 0x00, 0x00, 0x00, 0x00,
0xf8, 0xbe, 0x38, 0xbf, 0xc9, 0x98, 0x32, 0xff, 0x3b, 0x29, 0x1e, 0xff, 0x3b, 0x29, 0x1e, 0xff,
0x3b, 0x29, 0x1e, 0xff, 0x3b, 0x29, 0x1e, 0xff, 0x3b, 0x29, 0x1e, 0xff, 0x3b, 0x29, 0x1e, 0xff,
0x3b, 0x29, 0x1e, 0xff, 0x3b, 0x29, 0x1e, 0xff, 0x3b, 0x29, 0x1e, 0xff, 0x3b, 0x29, 0x1e, 0xff,
0x3b, 0x29, 0x1e, 0xff, 0x3b, 0x29, 0x1e, 0xff, 0x3b, 0x29, 0x1e, 0xff, 0x3b, 0x29, 0x1e, 0xff,
0x3b, 0x29, 0x1e, 0xff, 0x3b, 0x29, 0x1e, 0xff, 0x3b, 0x29, 0x1e, 0xff, 0x3b, 0x29, 0x1e, 0xff,
0x99, 0x73, 0x2b, 0xff, 0xf8, 0xbd, 0x38, 0xff, 0xf8, 0xbd, 0x38, 0xff, 0xf8, 0xbd, 0x38, 0xff,
0xf8, 0xbd, 0x37, 0x8f, 0xff, 0xff, 0x00, 0x01, 0x00, 0x00, 0x00, 0x00, 0x00, 0x00, 0x00, 0x00,
0x00, 0x00, 0x00, 0x00, 0x00, 0x00, 0x00, 0x00, 0x00, 0x00, 0x00, 0x00, 0x00, 0x00, 0x00, 0x00,
0x00, 0x00, 0x00, 0x00, 0x00, 0x00, 0x00, 0x00, 0x00, 0x00, 0x00, 0x00, 0x00, 0x00, 0x00, 0x00,
0x00, 0x00, 0x00, 0x00, 0x00, 0x00, 0x00, 0x00, 0x00, 0x00, 0x00, 0x00, 0x00, 0x00, 0x00, 0x00,
0x00, 0x00, 0x00, 0x00, 0x00, 0x00, 0x00, 0x00, 0x00, 0x00, 0x00, 0x00, 0x00, 0x00, 0x00, 0x00,
0x00, 0x00, 0x00, 0x00, 0x00, 0x00, 0x00, 0x00, 0x00, 0x00, 0x00, 0x00, 0x00, 0x00, 0x00, 0x00,
0xf8, 0xbe, 0x38, 0xbf, 0xc9, 0x98, 0x32, 0xff, 0x3b, 0x29, 0x1e, 0xff, 0x3b, 0x29, 0x1e, 0xff,
0x3b, 0x29, 0x1e, 0xff, 0x3b, 0x29, 0x1e, 0xff, 0x3b, 0x29, 0x1e, 0xff, 0x3b, 0x29, 0x1e, 0xff,
0x3b, 0x29, 0x1e, 0xff, 0x3b, 0x29, 0x1e, 0xff, 0x3b, 0x29, 0x1e, 0xff, 0x3b, 0x29, 0x1e, 0xff,
0x3b, 0x29, 0x1e, 0xff, 0x3b, 0x29, 0x1e, 0xff, 0x3b, 0x29, 0x1e, 0xff, 0x3b, 0x29, 0x1e, 0xff,
0x3b, 0x29, 0x1e, 0xff, 0x3b, 0x29, 0x1e, 0xff, 0x3b, 0x29, 0x1e, 0xff, 0x3b, 0x29, 0x1e, 0xff,
0x99, 0x73, 0x2b, 0xff, 0xf8, 0xbd, 0x38, 0xff, 0xf8, 0xbd, 0x38, 0xff, 0xf8, 0xbd, 0x38, 0xff,
0xf8, 0xbd, 0x38, 0xff, 0xf8, 0xbd, 0x37, 0x8f, 0xff, 0xff, 0x00, 0x01, 0x00, 0x00, 0x00, 0x00,
0x00, 0x00, 0x00, 0x00, 0x00, 0x00, 0x00, 0x00, 0x00, 0x00, 0x00, 0x00, 0x00, 0x00, 0x00, 0x00,
0x00, 0x00, 0x00, 0x00, 0x00, 0x00, 0x00, 0x00, 0x00, 0x00, 0x00, 0x00, 0x00, 0x00, 0x00, 0x00,
0x00, 0x00, 0x00, 0x00, 0x00, 0x00, 0x00, 0x00, 0x00, 0x00, 0x00, 0x00, 0x00, 0x00, 0x00, 0x00,
0x00, 0x00, 0x00, 0x00, 0x00, 0x00, 0x00, 0x00, 0x00, 0x00, 0x00, 0x00, 0x00, 0x00, 0x00, 0x00,
0x00, 0x00, 0x00, 0x00, 0x00, 0x00, 0x00, 0x00, 0x00, 0x00, 0x00, 0x00, 0x00, 0x00, 0x00, 0x00,
0xf8, 0xbe, 0x38, 0xbf, 0xc9, 0x98, 0x32, 0xff, 0x3b, 0x29, 0x1e, 0xff, 0x3b, 0x29, 0x1e, 0xff,
0x3b, 0x29, 0x1e, 0xff, 0x3b, 0x29, 0x1e, 0xff, 0x3b, 0x29, 0x1e, 0xff, 0x3b, 0x29, 0x1e, 0xff,
0x3b, 0x29, 0x1e, 0xff, 0x3b, 0x29, 0x1e, 0xff, 0x3b, 0x29, 0x1e, 0xff, 0x3b, 0x29, 0x1e, 0xff,
0x3b, 0x29, 0x1e, 0xff, 0x3b, 0x29, 0x1e, 0xff, 0x3b, 0x29, 0x1e, 0xff, 0x3b, 0x29, 0x1e, 0xff,
0x3b, 0x29, 0x1e, 0xff, 0x3b, 0x29, 0x1e, 0xff, 0x3b, 0x29, 0x1e, 0xff, 0x3b, 0x29, 0x1e, 0xff,
0x99, 0x73, 0x2b, 0xff, 0xf8, 0xbd, 0x38, 0xff, 0xf8, 0xbd, 0x38, 0xff, 0xf8, 0xbd, 0x38, 0xff,
0xf8, 0xbd, 0x38, 0xff, 0xf8, 0xbd, 0x38, 0xff, 0xf8, 0xbd, 0x37, 0x8f, 0xff, 0xff, 0x00, 0x01,
0x00, 0x00, 0x00, 0x00, 0x00, 0x00, 0x00, 0x00, 0x00, 0x00, 0x00, 0x00, 0x00, 0x00, 0x00, 0x00,
0x00, 0x00, 0x00, 0x00, 0x00, 0x00, 0x00, 0x00, 0x00, 0x00, 0x00, 0x00, 0x00, 0x00, 0x00, 0x00,
0x00, 0x00, 0x00, 0x00, 0x00, 0x00, 0x00, 0x00, 0x00, 0x00, 0x00, 0x00, 0x00, 0x00, 0x00, 0x00,
0x00, 0x00, 0x00, 0x00, 0x00, 0x00, 0x00, 0x00, 0x00, 0x00, 0x00, 0x00, 0x00, 0x00, 0x00, 0x00,
0x00, 0x00, 0x00, 0x00, 0x00, 0x00, 0x00, 0x00, 0x00, 0x00, 0x00, 0x00, 0x00, 0x00, 0x00, 0x00,
0xf8, 0xbe, 0x38, 0xbf, 0xc9, 0x98, 0x32, 0xff, 0x3b, 0x29, 0x1e, 0xff, 0x3b, 0x29, 0x1e, 0xff,
0x3b, 0x29, 0x1e, 0xff, 0x3b, 0x29, 0x1e, 0xff, 0x3b, 0x29, 0x1e, 0xff, 0x3b, 0x29, 0x1e, 0xff,
0x3b, 0x29, 0x1e, 0xff, 0x3b, 0x29, 0x1e, 0xff, 0x3b, 0x29, 0x1e, 0xff, 0x3b, 0x29, 0x1e, 0xff,
0x3b, 0x29, 0x1e, 0xff, 0x3b, 0x29, 0x1e, 0xff, 0x3b, 0x29, 0x1e, 0xff, 0x3b, 0x29, 0x1e, 0xff,
0x3b, 0x29, 0x1e, 0xff, 0x3b, 0x29, 0x1e, 0xff, 0x3b, 0x29, 0x1e, 0xff, 0x3b, 0x29, 0x1e, 0xff,
0x99, 0x73, 0x2b, 0xff, 0xf8, 0xbd, 0x38, 0xff, 0xf8, 0xbd, 0x38, 0xff, 0xf8, 0xbd, 0x38, 0xff,
0xf8, 0xbd, 0x38, 0xff, 0xf8, 0xbd, 0x38, 0xff, 0xf8, 0xbd, 0x38, 0xff, 0xf8, 0xbd, 0x37, 0x8f,
0xff, 0xff, 0x00, 0x01, 0x00, 0x00, 0x00, 0x00, 0x00, 0x00, 0x00, 0x00, 0x00, 0x00, 0x00, 0x00,
0x00, 0x00, 0x00, 0x00, 0x00, 0x00, 0x00, 0x00, 0x00, 0x00, 0x00, 0x00, 0x00, 0x00, 0x00, 0x00,
0x00, 0x00, 0x00, 0x00, 0x00, 0x00, 0x00, 0x00, 0x00, 0x00, 0x00, 0x00, 0x00, 0x00, 0x00, 0x00,
0x00, 0x00, 0x00, 0x00, 0x00, 0x00, 0x00, 0x00, 0x00, 0x00, 0x00, 0x00, 0x00, 0x00, 0x00, 0x00,
0x00, 0x00, 0x00, 0x00, 0x00, 0x00, 0x00, 0x00, 0x00, 0x00, 0x00, 0x00, 0x00, 0x00, 0x00, 0x00,
0xf8, 0xbe, 0x38, 0xbf, 0xc9, 0x98, 0x32, 0xff, 0x3b, 0x29, 0x1e, 0xff, 0x3b, 0x29, 0x1e, 0xff,
0x3b, 0x29, 0x1e, 0xff, 0x3b, 0x29, 0x1e, 0xff, 0x3b, 0x29, 0x1e, 0xff, 0x3b, 0x29, 0x1e, 0xff,
0x3b, 0x29, 0x1e, 0xff, 0x3b, 0x29, 0x1e, 0xff, 0x3b, 0x29, 0x1e, 0xff, 0x3b, 0x29, 0x1e, 0xff,
0x3b, 0x29, 0x1e, 0xff, 0x3b, 0x29, 0x1e, 0xff, 0x3b, 0x29, 0x1e, 0xff, 0x3b, 0x29, 0x1e, 0xff,
0x3b, 0x29, 0x1e, 0xff, 0x3b, 0x29, 0x1e, 0xff, 0x3b, 0x29, 0x1e, 0xff, 0x3b, 0x29, 0x1e, 0xff,
0x99, 0x73, 0x2b, 0xff, 0xf8, 0xbd, 0x38, 0xff, 0xf8, 0xbd, 0x38, 0xff, 0xf8, 0xbd, 0x38, 0xff,
0xf8, 0xbd, 0x38, 0xff, 0xf8, 0xbd, 0x38, 0xff, 0xf8, 0xbd, 0x38, 0xff, 0xf8, 0xbd, 0x38, 0xff,
0xf7, 0xbd, 0x38, 0x83, 0x00, 0x00, 0x00, 0x00, 0x00, 0x00, 0x00, 0x00, 0x00, 0x00, 0x00, 0x00,
0x00, 0x00, 0x00, 0x00, 0x00, 0x00, 0x00, 0x00, 0x00, 0x00, 0x00, 0x00, 0x00, 0x00, 0x00, 0x00,
0x00, 0x00, 0x00, 0x00, 0x00, 0x00, 0x00, 0x00, 0x00, 0x00, 0x00, 0x00, 0x00, 0x00, 0x00, 0x00,
0x00, 0x00, 0x00, 0x00, 0x00, 0x00, 0x00, 0x00, 0x00, 0x00, 0x00, 0x00, 0x00, 0x00, 0x00, 0x00,
0x00, 0x00, 0x00, 0x00, 0x00, 0x00, 0x00, 0x00, 0x00, 0x00, 0x00, 0x00, 0x00, 0x00, 0x00, 0x00,
0xf8, 0xbe, 0x38, 0xbf, 0xc9, 0x98, 0x32, 0xff, 0x3b, 0x29, 0x1e, 0xff, 0x3b, 0x29, 0x1e, 0xff,
0x3b, 0x29, 0x1e, 0xff, 0x3b, 0x29, 0x1e, 0xff, 0x3b, 0x29, 0x1e, 0xff, 0x3b, 0x29, 0x1e, 0xff,
0x3b, 0x29, 0x1e, 0xff, 0x3b, 0x29, 0x1e, 0xff, 0x3b, 0x29, 0x1e, 0xff, 0x3b, 0x29, 0x1e, 0xff,
0x3b, 0x29, 0x1e, 0xff, 0x3b, 0x29, 0x1e, 0xff, 0x3b, 0x29, 0x1e, 0xff, 0x3b, 0x29, 0x1e, 0xff,
0x3b, 0x29, 0x1e, 0xff, 0x3b, 0x29, 0x1e, 0xff, 0x3b, 0x29, 0x1e, 0xff, 0x3b, 0x29, 0x1e, 0xff,
0x3b, 0x29, 0x1e, 0xff, 0x3b, 0x29, 0x1e, 0xff, 0x3b, 0x29, 0x1e, 0xff, 0x3b, 0x29, 0x1e, 0xff,
0x3b, 0x29, 0x1e, 0xff, 0x3b, 0x29, 0x1e, 0xff, 0x3b, 0x29, 0x1e, 0xff, 0xd1, 0x9e, 0x33, 0xff,
0xf8, 0xbe, 0x38, 0xbf, 0x00, 0x00, 0x00, 0x00, 0x00, 0x00, 0x00, 0x00, 0x00, 0x00, 0x00, 0x00,
0x00, 0x00, 0x00, 0x00, 0x00, 0x00, 0x00, 0x00, 0x00, 0x00, 0x00, 0x00, 0x00, 0x00, 0x00, 0x00,
0x00, 0x00, 0x00, 0x00, 0x00, 0x00, 0x00, 0x00, 0x00, 0x00, 0x00, 0x00, 0x00, 0x00, 0x00, 0x00,
0x00, 0x00, 0x00, 0x00, 0x00, 0x00, 0x00, 0x00, 0x00, 0x00, 0x00, 0x00, 0x00, 0x00, 0x00, 0x00,
0x00, 0x00, 0x00, 0x00, 0x00, 0x00, 0x00, 0x00, 0x00, 0x00, 0x00, 0x00, 0x00, 0x00, 0x00, 0x00,
0xf8, 0xbe, 0x38, 0xbf, 0xc9, 0x98, 0x32, 0xff, 0x3b, 0x29, 0x1e, 0xff, 0x3b, 0x29, 0x1e, 0xff,
0x3b, 0x29, 0x1e, 0xff, 0x3b, 0x29, 0x1e, 0xff, 0x3b, 0x29, 0x1e, 0xff, 0x3b, 0x29, 0x1e, 0xff,
0x3b, 0x29, 0x1e, 0xff, 0x3b, 0x29, 0x1e, 0xff, 0x3b, 0x29, 0x1e, 0xff, 0x3b, 0x29, 0x1e, 0xff,
0x3b, 0x29, 0x1e, 0xff, 0x3b, 0x29, 0x1e, 0xff, 0x3b, 0x29, 0x1e, 0xff, 0x3b, 0x29, 0x1e, 0xff,
0x3b, 0x29, 0x1e, 0xff, 0x3b, 0x29, 0x1e, 0xff, 0x3b, 0x29, 0x1e, 0xff, 0x3b, 0x29, 0x1e, 0xff,
0x3b, 0x29, 0x1e, 0xff, 0x3b, 0x29, 0x1e, 0xff, 0x3b, 0x29, 0x1e, 0xff, 0x3b, 0x29, 0x1e, 0xff,
0x3b, 0x29, 0x1e, 0xff, 0x3b, 0x29, 0x1e, 0xff, 0x3b, 0x29, 0x1e, 0xff, 0xc9, 0x98, 0x32, 0xff,
0xf8, 0xbe, 0x38, 0xbf, 0x00, 0x00, 0x00, 0x00, 0x00, 0x00, 0x00, 0x00, 0x00, 0x00, 0x00, 0x00,
0x00, 0x00, 0x00, 0x00, 0x00, 0x00, 0x00, 0x00, 0x00, 0x00, 0x00, 0x00, 0x00, 0x00, 0x00, 0x00,
0x00, 0x00, 0x00, 0x00, 0x00, 0x00, 0x00, 0x00, 0x00, 0x00, 0x00, 0x00, 0x00, 0x00, 0x00, 0x00,
0x00, 0x00, 0x00, 0x00, 0x00, 0x00, 0x00, 0x00, 0x00, 0x00, 0x00, 0x00, 0x00, 0x00, 0x00, 0x00,
0x00, 0x00, 0x00, 0x00, 0x00, 0x00, 0x00, 0x00, 0x00, 0x00, 0x00, 0x00, 0x00, 0x00, 0x00, 0x00,
0xf8, 0xbe, 0x38, 0xbf, 0xc9, 0x98, 0x32, 0xff, 0x3b, 0x29, 0x1e, 0xff, 0x3b, 0x29, 0x1e, 0xff,
0x66, 0x34, 0x3e, 0xff, 0xe6, 0x51, 0x9b, 0xff, 0xeb, 0x52, 0x9f, 0xff, 0xeb, 0x52, 0x9f, 0xff,
0xeb, 0x52, 0x9f, 0xff, 0xeb, 0x52, 0x9f, 0xff, 0xeb, 0x52, 0x9f, 0xff, 0xeb, 0x52, 0x9f, 0xff,
0xeb, 0x52, 0x9f, 0xff, 0xeb, 0x52, 0x9f, 0xff, 0xe6, 0x51, 0x9b, 0xff, 0x66, 0x34, 0x3e, 0xff,
0x3b, 0x29, 0x1e, 0xff, 0x3b, 0x29, 0x1e, 0xff, 0x3b, 0x29, 0x1e, 0xff, 0x3b, 0x29, 0x1e, 0xff,
0x3b, 0x29, 0x1e, 0xff, 0x3b, 0x29, 0x1e, 0xff, 0x3b, 0x29, 0x1e, 0xff, 0x3b, 0x29, 0x1e, 0xff,
0x3b, 0x29, 0x1e, 0xff, 0x3b, 0x29, 0x1e, 0xff, 0x3b, 0x29, 0x1e, 0xff, 0xc9, 0x98, 0x32, 0xff,
0xf8, 0xbe, 0x38, 0xbf, 0x00, 0x00, 0x00, 0x00, 0x00, 0x00, 0x00, 0x00, 0x00, 0x00, 0x00, 0x00,
0x00, 0x00, 0x00, 0x00, 0x00, 0x00, 0x00, 0x00, 0x00, 0x00, 0x00, 0x00, 0x00, 0x00, 0x00, 0x00,
0x00, 0x00, 0x00, 0x00, 0x00, 0x00, 0x00, 0x00, 0x00, 0x00, 0x00, 0x00, 0x00, 0x00, 0x00, 0x00,
0x00, 0x00, 0x00, 0x00, 0x00, 0x00, 0x00, 0x00, 0x00, 0x00, 0x00, 0x00, 0x00, 0x00, 0x00, 0x00,
0x00, 0x00, 0x00, 0x00, 0x00, 0x00, 0x00, 0x00, 0x00, 0x00, 0x00, 0x00, 0x00, 0x00, 0x00, 0x00,
0xf8, 0xbe, 0x38, 0xbf, 0xc9, 0x98, 0x32, 0xff, 0x3b, 0x29, 0x1e, 0xff, 0x3b, 0x29, 0x1e, 0xff,
0x66, 0x34, 0x3e, 0xff, 0xe6, 0x51, 0x9b, 0xff, 0xeb, 0x52, 0x9f, 0xff, 0xeb, 0x52, 0x9f, 0xff,
0xeb, 0x52, 0x9f, 0xff, 0xeb, 0x52, 0x9f, 0xff, 0xeb, 0x52, 0x9f, 0xff, 0xeb, 0x52, 0x9f, 0xff,
0xeb, 0x52, 0x9f, 0xff, 0xeb, 0x52, 0x9f, 0xff, 0xe6, 0x51, 0x9b, 0xff, 0x66, 0x34, 0x3e, 0xff,
0x3b, 0x29, 0x1e, 0xff, 0x3b, 0x29, 0x1e, 0xff, 0x3b, 0x29, 0x1e, 0xff, 0x3b, 0x29, 0x1e, 0xff,
0x3b, 0x29, 0x1e, 0xff, 0x3b, 0x29, 0x1e, 0xff, 0x3b, 0x29, 0x1e, 0xff, 0x3b, 0x29, 0x1e, 0xff,
0x3b, 0x29, 0x1e, 0xff, 0x3b, 0x29, 0x1e, 0xff, 0x3b, 0x29, 0x1e, 0xff, 0xc9, 0x98, 0x32, 0xff,
0xf8, 0xbe, 0x38, 0xbf, 0x00, 0x00, 0x00, 0x00, 0x00, 0x00, 0x00, 0x00, 0x00, 0x00, 0x00, 0x00,
0x00, 0x00, 0x00, 0x00, 0x00, 0x00, 0x00, 0x00, 0x00, 0x00, 0x00, 0x00, 0x00, 0x00, 0x00, 0x00,
0x00, 0x00, 0x00, 0x00, 0x00, 0x00, 0x00, 0x00, 0x00, 0x00, 0x00, 0x00, 0x00, 0x00, 0x00, 0x00,
0x00, 0x00, 0x00, 0x00, 0x00, 0x00, 0x00, 0x00, 0x00, 0x00, 0x00, 0x00, 0x00, 0x00, 0x00, 0x00,
0x00, 0x00, 0x00, 0x00, 0x00, 0x00, 0x00, 0x00, 0x00, 0x00, 0x00, 0x00, 0x00, 0x00, 0x00, 0x00,
0xf8, 0xbe, 0x38, 0xbf, 0xc9, 0x98, 0x32, 0xff, 0x3b, 0x29, 0x1e, 0xff, 0x3b, 0x29, 0x1e, 0xff,
0x3b, 0x29, 0x1e, 0xff, 0x3b, 0x29, 0x1e, 0xff, 0x3b, 0x29, 0x1e, 0xff, 0x3b, 0x29, 0x1e, 0xff,
0x3b, 0x29, 0x1e, 0xff, 0x3b, 0x29, 0x1e, 0xff, 0x3b, 0x29, 0x1e, 0xff, 0x3b, 0x29, 0x1e, 0xff,
0x3b, 0x29, 0x1e, 0xff, 0x3b, 0x29, 0x1e, 0xff, 0x3b, 0x29, 0x1e, 0xff, 0x3b, 0x29, 0x1e, 0xff,
0x3b, 0x29, 0x1e, 0xff, 0x3b, 0x29, 0x1e, 0xff, 0x42, 0x3b, 0x32, 0xff, 0x60, 0x8c, 0x90, 0xff,
0x5d, 0x82, 0x85, 0xff, 0x3e, 0x30, 0x26, 0xff, 0x3b, 0x29, 0x1e, 0xff, 0x3b, 0x29, 0x1e, 0xff,
0x3b, 0x29, 0x1e, 0xff, 0x3b, 0x29, 0x1e, 0xff, 0x3b, 0x29, 0x1e, 0xff, 0xc9, 0x98, 0x32, 0xff,
0xf8, 0xbe, 0x38, 0xbf, 0x00, 0x00, 0x00, 0x00, 0x00, 0x00, 0x00, 0x00, 0x00, 0x00, 0x00, 0x00,
0x00, 0x00, 0x00, 0x00, 0x00, 0x00, 0x00, 0x00, 0x00, 0x00, 0x00, 0x00, 0x00, 0x00, 0x00, 0x00,
0x00, 0x00, 0x00, 0x00, 0x00, 0x00, 0x00, 0x00, 0x00, 0x00, 0x00, 0x00, 0x00, 0x00, 0x00, 0x00,
0x00, 0x00, 0x00, 0x00, 0x00, 0x00, 0x00, 0x00, 0x00, 0x00, 0x00, 0x00, 0x00, 0x00, 0x00, 0x00,
0x00, 0x00, 0x00, 0x00, 0x00, 0x00, 0x00, 0x00, 0x00, 0x00, 0x00, 0x00, 0x00, 0x00, 0x00, 0x00,
0xf8, 0xbe, 0x38, 0xbf, 0xc9, 0x98, 0x32, 0xff, 0x3b, 0x29, 0x1e, 0xff, 0x3b, 0x29, 0x1e, 0xff,
0x3b, 0x29, 0x1e, 0xff, 0x3b, 0x29, 0x1e, 0xff, 0x3b, 0x29, 0x1e, 0xff, 0x3b, 0x29, 0x1e, 0xff,
0x3b, 0x29, 0x1e, 0xff, 0x3b, 0x29, 0x1e, 0xff, 0x3b, 0x29, 0x1e, 0xff, 0x3b, 0x29, 0x1e, 0xff,
0x3b, 0x29, 0x1e, 0xff, 0x3b, 0x29, 0x1e, 0xff, 0x3b, 0x29, 0x1e, 0xff, 0x3b, 0x29, 0x1e, 0xff,
0x3b, 0x29, 0x1e, 0xff, 0x4b, 0x51, 0x4b, 0xff, 0x7c, 0xda, 0xea, 0xff, 0x45, 0xb9, 0xf0, 0xff,
0x51, 0xc0, 0xed, 0xff, 0x73, 0xc3, 0xd0, 0xff, 0x3d, 0x2e, 0x23, 0xff, 0x3b, 0x29, 0x1e, 0xff,
0x3b, 0x29, 0x1e, 0xff, 0x3b, 0x29, 0x1e, 0xff, 0x3b, 0x29, 0x1e, 0xff, 0xc9, 0x98, 0x32, 0xff,
0xf8, 0xbe, 0x38, 0xbf, 0x00, 0x00, 0x00, 0x00, 0x00, 0x00, 0x00, 0x00, 0x00, 0x00, 0x00, 0x00,
0x00, 0x00, 0x00, 0x00, 0x00, 0x00, 0x00, 0x00, 0x00, 0x00, 0x00, 0x00, 0x00, 0x00, 0x00, 0x00,
0x00, 0x00, 0x00, 0x00, 0x00, 0x00, 0x00, 0x00, 0x00, 0x00, 0x00, 0x00, 0x00, 0x00, 0x00, 0x00,
0x00, 0x00, 0x00, 0x00, 0x00, 0x00, 0x00, 0x00, 0x00, 0x00, 0x00, 0x00, 0x00, 0x00, 0x00, 0x00,
0x00, 0x00, 0x00, 0x00, 0x00, 0x00, 0x00, 0x00, 0x00, 0x00, 0x00, 0x00, 0x00, 0x00, 0x00, 0x00,
0xf8, 0xbe, 0x38, 0xbf, 0xc9, 0x98, 0x32, 0xff, 0x3b, 0x29, 0x1e, 0xff, 0x3b, 0x29, 0x1e, 0xff,
0x3b, 0x29, 0x1e, 0xff, 0x3b, 0x29, 0x1e, 0xff, 0x3b, 0x29, 0x1e, 0xff, 0x3b, 0x29, 0x1e, 0xff,
0x3b, 0x29, 0x1e, 0xff, 0x3b, 0x29, 0x1e, 0xff, 0x3b, 0x29, 0x1e, 0xff, 0x3b, 0x29, 0x1e, 0xff,
0x3b, 0x29, 0x1e, 0xff, 0x3b, 0x29, 0x1e, 0xff, 0x3b, 0x29, 0x1e, 0xff, 0x3b, 0x29, 0x1e, 0xff,
0x54, 0x69, 0x68, 0xff, 0x7c, 0xdd, 0xee, 0xff, 0x25, 0xa6, 0xf1, 0xff, 0x09, 0x8f, 0xea, 0xff,
0x09, 0x8c, 0xe8, 0xff, 0x52, 0xc0, 0xeb, 0xff, 0x69, 0xa7, 0xb0, 0xff, 0x3b, 0x29, 0x1e, 0xff,
0x3b, 0x29, 0x1e, 0xff, 0x3b, 0x29, 0x1e, 0xff, 0x3b, 0x29, 0x1e, 0xff, 0xc9, 0x98, 0x32, 0xff,
0xf8, 0xbe, 0x38, 0xbf, 0x00, 0x00, 0x00, 0x00, 0x00, 0x00, 0x00, 0x00, 0x00, 0x00, 0x00, 0x00,
0x00, 0x00, 0x00, 0x00, 0x00, 0x00, 0x00, 0x00, 0x00, 0x00, 0x00, 0x00, 0x00, 0x00, 0x00, 0x00,
0x00, 0x00, 0x00, 0x00, 0x00, 0x00, 0x00, 0x00, 0x00, 0x00, 0x00, 0x00, 0x00, 0x00, 0x00, 0x00,
0x00, 0x00, 0x00, 0x00, 0x00, 0x00, 0x00, 0x00, 0x00, 0x00, 0x00, 0x00, 0x00, 0x00, 0x00, 0x00,
0x00, 0x00, 0x00, 0x00, 0x00, 0x00, 0x00, 0x00, 0x00, 0x00, 0x00, 0x00, 0x00, 0x00, 0x00, 0x00,
0xf8, 0xbe, 0x38, 0xbf, 0xc9, 0x98, 0x32, 0xff, 0x3b, 0x29, 0x1e, 0xff, 0x3b, 0x29, 0x1e, 0xff,
0x3b, 0x29, 0x1e, 0xff, 0x3b, 0x29, 0x1e, 0xff, 0x3b, 0x29, 0x1e, 0xff, 0x3b, 0x29, 0x1e, 0xff,
0x3b, 0x29, 0x1e, 0xff, 0x3b, 0x29, 0x1e, 0xff, 0x3b, 0x29, 0x1e, 0xff, 0x3b, 0x29, 0x1e, 0xff,
0x3b, 0x29, 0x1e, 0xff, 0x3b, 0x29, 0x1e, 0xff, 0x3b, 0x29, 0x1e, 0xff, 0x45, 0x42, 0x3a, 0xff,
0x79, 0xdc, 0xef, 0xff, 0x18, 0xa0, 0xf2, 0xff, 0x0a, 0x94, 0xee, 0xff, 0x09, 0x90, 0xeb, 0xff,
0x09, 0x8d, 0xe9, 0xff, 0x0a, 0x8b, 0xe7, 0xff, 0x67, 0xcc, 0xec, 0xff, 0x5d, 0x85, 0x89, 0xff,
0x3b, 0x29, 0x1e, 0xff, 0x3b, 0x29, 0x1e, 0xff, 0x3b, 0x29, 0x1e, 0xff, 0xc9, 0x98, 0x32, 0xff,
0xf8, 0xbe, 0x38, 0xbf, 0x00, 0x00, 0x00, 0x00, 0x00, 0x00, 0x00, 0x00, 0x00, 0x00, 0x00, 0x00,
0x00, 0x00, 0x00, 0x00, 0x00, 0x00, 0x00, 0x00, 0x00, 0x00, 0x00, 0x00, 0x00, 0x00, 0x00, 0x00,
0x00, 0x00, 0x00, 0x00, 0x00, 0x00, 0x00, 0x00, 0x00, 0x00, 0x00, 0x00, 0x00, 0x00, 0x00, 0x00,
0x00, 0x00, 0x00, 0x00, 0x00, 0x00, 0x00, 0x00, 0x00, 0x00, 0x00, 0x00, 0x00, 0x00, 0x00, 0x00,
0x00, 0x00, 0x00, 0x00, 0x00, 0x00, 0x00, 0x00, 0x00, 0x00, 0x00, 0x00, 0x00, 0x00, 0x00, 0x00,
0xf8, 0xbe, 0x38, 0xbf, 0xc9, 0x98, 0x32, 0xff, 0x3b, 0x29, 0x1e, 0xff, 0x3b, 0x29, 0x1e, 0xff,
0x66, 0x4c, 0x24, 0xff, 0xe7, 0xaf, 0x36, 0xff, 0xeb, 0xb3, 0x36, 0xff, 0xeb, 0xb3, 0x36, 0xff,
0xeb, 0xb3, 0x36, 0xff, 0xeb, 0xb3, 0x36, 0xff, 0xeb, 0xb3, 0x36, 0xff, 0xeb, 0xb3, 0x36, 0xff,
0xeb, 0xb3, 0x36, 0xff, 0xeb, 0xb3, 0x36, 0xff, 0xeb, 0xb3, 0x36, 0xff, 0xd2, 0xc3, 0x6a, 0xff,
0x6f, 0xd5, 0xed, 0xff, 0x0a, 0x98, 0xf1, 0xff, 0x0a, 0x95, 0xee, 0xff, 0x09, 0x92, 0xec, 0xff,
0x09, 0x8e, 0xea, 0xff, 0x09, 0x8b, 0xe7, 0xff, 0x10, 0x8e, 0xe6, 0xff, 0x7f, 0xdf, 0xf0, 0xff,
0x70, 0x7d, 0x68, 0xff, 0x3b, 0x29, 0x1e, 0xff, 0x3b, 0x29, 0x1e, 0xff, 0xc9, 0x98, 0x32, 0xff,
0xf8, 0xbe, 0x38, 0xbf, 0x00, 0x00, 0x00, 0x00, 0x00, 0x00, 0x00, 0x00, 0x00, 0x00, 0x00, 0x00,
0x00, 0x00, 0x00, 0x00, 0x00, 0x00, 0x00, 0x00, 0x00, 0x00, 0x00, 0x00, 0x00, 0x00, 0x00, 0x00,
0x00, 0x00, 0x00, 0x00, 0x00, 0x00, 0x00, 0x00, 0x00, 0x00, 0x00, 0x00, 0x00, 0x00, 0x00, 0x00,
0x00, 0x00, 0x00, 0x00, 0x00, 0x00, 0x00, 0x00, 0x00, 0x00, 0x00, 0x00, 0x00, 0x00, 0x00, 0x00,
0x00, 0x00, 0x00, 0x00, 0x00, 0x00, 0x00, 0x00, 0x00, 0x00, 0x00, 0x00, 0x00, 0x00, 0x00, 0x00,
0xf8, 0xbe, 0x38, 0xbf, 0xc9, 0x98, 0x32, 0xff, 0x3b, 0x29, 0x1e, 0xff, 0x3b, 0x29, 0x1e, 0xff,
0x66, 0x4c, 0x24, 0xff, 0xe7, 0xaf, 0x36, 0xff, 0xeb, 0xb3, 0x36, 0xff, 0xeb, 0xb3, 0x36, 0xff,
0xeb, 0xb3, 0x36, 0xff, 0xeb, 0xb3, 0x36, 0xff, 0xeb, 0xb3, 0x36, 0xff, 0xeb, 0xb3, 0x36, 0xff,
0xeb, 0xb3, 0x36, 0xff, 0xeb, 0xb3, 0x36, 0xff, 0xeb, 0xb3, 0x36, 0xff, 0xe9, 0xb4, 0x3a, 0xff,
0x90, 0xe3, 0xe2, 0xff, 0x33, 0xb3, 0xf5, 0xff, 0x0a, 0x96, 0xef, 0xff, 0x0a, 0x93, 0xed, 0xff,
0x09, 0x90, 0xeb, 0xff, 0x09, 0x8c, 0xe8, 0xff, 0x08, 0x89, 0xe6, 0xff, 0x18, 0x93, 0xe7, 0xff,
0x7f, 0xde, 0xef, 0xff, 0x49, 0x4d, 0x47, 0xff, 0x3b, 0x29, 0x1e, 0xff, 0xc9, 0x98, 0x32, 0xff,
0xf8, 0xbe, 0x38, 0xbf, 0x00, 0x00, 0x00, 0x00, 0x00, 0x00, 0x00, 0x00, 0x00, 0x00, 0x00, 0x00,
0x00, 0x00, 0x00, 0x00, 0x00, 0x00, 0x00, 0x00, 0x00, 0x00, 0x00, 0x00, 0x00, 0x00, 0x00, 0x00,
0x00, 0x00, 0x00, 0x00, 0x00, 0x00, 0x00, 0x00, 0x00, 0x00, 0x00, 0x00, 0x00, 0x00, 0x00, 0x00,
0x00, 0x00, 0x00, 0x00, 0x00, 0x00, 0x00, 0x00, 0x00, 0x00, 0x00, 0x00, 0x00, 0x00, 0x00, 0x00,
0x00, 0x00, 0x00, 0x00, 0x00, 0x00, 0x00, 0x00, 0x00, 0x00, 0x00, 0x00, 0x00, 0x00, 0x00, 0x00,
0xf8, 0xbe, 0x38, 0xbf, 0xc9, 0x98, 0x32, 0xff, 0x3b, 0x29, 0x1e, 0xff, 0x3b, 0x29, 0x1e, 0xff,
0x3b, 0x29, 0x1e, 0xff, 0x3b, 0x29, 0x1e, 0xff, 0x3b, 0x29, 0x1e, 0xff, 0x3b, 0x29, 0x1e, 0xff,
0x3b, 0x29, 0x1e, 0xff, 0x3b, 0x29, 0x1e, 0xff, 0x3b, 0x29, 0x1e, 0xff, 0x3b, 0x29, 0x1e, 0xff,
0x3b, 0x29, 0x1e, 0xff, 0x3b, 0x29, 0x1e, 0xff, 0x3b, 0x29, 0x1e, 0xff, 0x3b, 0x29, 0x1e, 0xff,
0x45, 0x41, 0x39, 0xff, 0x7c, 0xdc, 0xec, 0xff, 0x21, 0xa7, 0xf3, 0xff, 0x0a, 0x94, 0xee, 0xff,
0x09, 0x91, 0xeb, 0xff, 0x09, 0x8d, 0xe9, 0xff, 0x08, 0x8a, 0xe7, 0xff, 0x08, 0x87, 0xe4, 0xff,
0x25, 0x9d, 0xe9, 0xff, 0x7b, 0xd7, 0xe8, 0xff, 0x42, 0x3b, 0x32, 0xff, 0xc9, 0x98, 0x32, 0xff,
0xf8, 0xbe, 0x38, 0xbf, 0x00, 0x00, 0x00, 0x00, 0x00, 0x00, 0x00, 0x00, 0x00, 0x00, 0x00, 0x00,
0x00, 0x00, 0x00, 0x00, 0x00, 0x00, 0x00, 0x00, 0x00, 0x00, 0x00, 0x00, 0x00, 0x00, 0x00, 0x00,
0x00, 0x00, 0x00, 0x00, 0x00, 0x00, 0x00, 0x00, 0x00, 0x00, 0x00, 0x00, 0x00, 0x00, 0x00, 0x00,
0x00, 0x00, 0x00, 0x00, 0x00, 0x00, 0x00, 0x00, 0x00, 0x00, 0x00, 0x00, 0x00, 0x00, 0x00, 0x00,
0x00, 0x00, 0x00, 0x00, 0x00, 0x00, 0x00, 0x00, 0x00, 0x00, 0x00, 0x00, 0x00, 0x00, 0x00, 0x00,
0xf8, 0xbe, 0x38, 0xbf, 0xc9, 0x98, 0x32, 0xff, 0x3b, 0x29, 0x1e, 0xff, 0x3b, 0x29, 0x1e, 0xff,
0x3b, 0x29, 0x1e, 0xff, 0x3b, 0x29, 0x1e, 0xff, 0x3b, 0x29, 0x1e, 0xff, 0x3b, 0x29, 0x1e, 0xff,
0x3b, 0x29, 0x1e, 0xff, 0x3b, 0x29, 0x1e, 0xff, 0x3b, 0x29, 0x1e, 0xff, 0x3b, 0x29, 0x1e, 0xff,
0x3b, 0x29, 0x1e, 0xff, 0x3b, 0x29, 0x1e, 0xff, 0x3b, 0x29, 0x1e, 0xff, 0x3b, 0x29, 0x1e, 0xff,
0x3b, 0x29, 0x1e, 0xff, 0x4d, 0x57, 0x51, 0xff, 0x7c, 0xde, 0xf1, 0xff, 0x18, 0x9e, 0xf1, 0xff,
0x09, 0x92, 0xec, 0xff, 0x09, 0x8f, 0xea, 0xff, 0x09, 0x8b, 0xe8, 0xff, 0x08, 0x88, 0xe5, 0xff,
0x08, 0x85, 0xe3, 0xff, 0x37, 0xa9, 0xea, 0xff, 0x77, 0xcb, 0xd9, 0xff, 0xc6, 0x9b, 0x3a, 0xff,
0xf8, 0xbe, 0x38, 0xbf, 0x00, 0x00, 0x00, 0x00, 0x00, 0x00, 0x00, 0x00, 0x00, 0x00, 0x00, 0x00,
0x00, 0x00, 0x00, 0x00, 0x00, 0x00, 0x00, 0x00, 0x00, 0x00, 0x00, 0x00, 0x00, 0x00, 0x00, 0x00,
0x00, 0x00, 0x00, 0x00, 0x00, 0x00, 0x00, 0x00, 0x00, 0x00, 0x00, 0x00, 0x00, 0x00, 0x00, 0x00,
0x00, 0x00, 0x00, 0x00, 0x00, 0x00, 0x00, 0x00, 0x00, 0x00, 0x00, 0x00, 0x00, 0x00, 0x00, 0x00,
0x00, 0x00, 0x00, 0x00, 0x00, 0x00, 0x00, 0x00, 0x00, 0x00, 0x00, 0x00, 0x00, 0x00, 0x00, 0x00,
0xf8, 0xbe, 0x38, 0xbf, 0xc9, 0x98, 0x32, 0xff, 0x3b, 0x29, 0x1e, 0xff, 0x3b, 0x29, 0x1e, 0xff,
0x3b, 0x29, 0x1e, 0xff, 0x3b, 0x29, 0x1e, 0xff, 0x3b, 0x29, 0x1e, 0xff, 0x3b, 0x29, 0x1e, 0xff,
0x3b, 0x29, 0x1e, 0xff, 0x3b, 0x29, 0x1e, 0xff, 0x3b, 0x29, 0x1e, 0xff, 0x3b, 0x29, 0x1e, 0xff,
0x3b, 0x29, 0x1e, 0xff, 0x3b, 0x29, 0x1e, 0xff, 0x3b, 0x29, 0x1e, 0xff, 0x3b, 0x29, 0x1e, 0xff,
0x3b, 0x29, 0x1e, 0xff, 0x3b, 0x29, 0x1e, 0xff, 0x55, 0x6d, 0x6d, 0xff, 0x72, 0xd8, 0xf0, 0xff,
0x0f, 0x96, 0xee, 0xff, 0x09, 0x90, 0xeb, 0xff, 0x09, 0x8d, 0xe8, 0xff, 0x08, 0x89, 0xe6, 0xff,
0x08, 0x86, 0xe4, 0xff, 0x08, 0x83, 0xe1, 0xff, 0x4e, 0xb8, 0xe8, 0xff, 0x96, 0xd2, 0xc2, 0xff,
0xf8, 0xbe, 0x39, 0xbf, 0x00, 0x00, 0x00, 0x00, 0x00, 0x00, 0x00, 0x00, 0x00, 0x00, 0x00, 0x00,
0x00, 0x00, 0x00, 0x00, 0x00, 0x00, 0x00, 0x00, 0x00, 0x00, 0x00, 0x00, 0x00, 0x00, 0x00, 0x00,
0x00, 0x00, 0x00, 0x00, 0x00, 0x00, 0x00, 0x00, 0x00, 0x00, 0x00, 0x00, 0x00, 0x00, 0x00, 0x00,
0x00, 0x00, 0x00, 0x00, 0x00, 0x00, 0x00, 0x00, 0x00, 0x00, 0x00, 0x00, 0x00, 0x00, 0x00, 0x00,
0x00, 0x00, 0x00, 0x00, 0x00, 0x00, 0x00, 0x00, 0x00, 0x00, 0x00, 0x00, 0x00, 0x00, 0x00, 0x00,
0xf8, 0xbe, 0x38, 0xbf, 0xc9, 0x98, 0x32, 0xff, 0x3b, 0x29, 0x1e, 0xff, 0x3b, 0x29, 0x1e, 0xff,
0x3b, 0x29, 0x1e, 0xff, 0x3b, 0x29, 0x1e, 0xff, 0x3b, 0x29, 0x1e, 0xff, 0x3b, 0x29, 0x1e, 0xff,
0x3b, 0x29, 0x1e, 0xff, 0x3b, 0x29, 0x1e, 0xff, 0x3b, 0x29, 0x1e, 0xff, 0x3b, 0x29, 0x1e, 0xff,
0x3b, 0x29, 0x1e, 0xff, 0x3b, 0x29, 0x1e, 0xff, 0x3b, 0x29, 0x1e, 0xff, 0x3b, 0x29, 0x1e, 0xff,
0x3b, 0x29, 0x1e, 0xff, 0x3b, 0x29, 0x1e, 0xff, 0x3b, 0x29, 0x1e, 0xff, 0x63, 0x94, 0x9a, 0xff,
0x62, 0xcc, 0xee, 0xff, 0x0a, 0x91, 0xec, 0xff, 0x09, 0x8e, 0xe9, 0xff, 0x08, 0x8a, 0xe7, 0xff,
0x08, 0x87, 0xe5, 0xff, 0x08, 0x84, 0xe2, 0xff, 0x08, 0x81, 0xe0, 0xff, 0x68, 0xca, 0xea, 0xff,
0xb3, 0xd7, 0xab, 0xe0, 0x00, 0x00, 0x00, 0x00, 0x00, 0x00, 0x00, 0x00, 0x00, 0x00, 0x00, 0x00,
0x00, 0x00, 0x00, 0x00, 0x00, 0x00, 0x00, 0x00, 0x00, 0x00, 0x00, 0x00, 0x00, 0x00, 0x00, 0x00,
0x00, 0x00, 0x00, 0x00, 0x00, 0x00, 0x00, 0x00, 0x00, 0x00, 0x00, 0x00, 0x00, 0x00, 0x00, 0x00,
0x00, 0x00, 0x00, 0x00, 0x00, 0x00, 0x00, 0x00, 0x00, 0x00, 0x00, 0x00, 0x00, 0x00, 0x00, 0x00,
0x00, 0x00, 0x00, 0x00, 0x00, 0x00, 0x00, 0x00, 0x00, 0x00, 0x00, 0x00, 0x00, 0x00, 0x00, 0x00,
0xf8, 0xbe, 0x38, 0xbf, 0xc9, 0x98, 0x32, 0xff, 0x3b, 0x29, 0x1e, 0xff, 0x3b, 0x29, 0x1e, 0xff,
0x43, 0x4e, 0x1f, 0xff, 0x5b, 0xb6, 0x22, 0xff, 0x5c, 0xbb, 0x22, 0xff, 0x5c, 0xbb, 0x22, 0xff,
0x5c, 0xbb, 0x22, 0xff, 0x5c, 0xbb, 0x22, 0xff, 0x5c, 0xbb, 0x22, 0xff, 0x5c, 0xbb, 0x22, 0xff,
0x5c, 0xbb, 0x22, 0xff, 0x5c, 0xbb, 0x22, 0xff, 0x5c, 0xbb, 0x22, 0xff, 0x5c, 0xbb, 0x22, 0xff,
0x5c, 0xbb, 0x22, 0xff, 0x5b, 0xb6, 0x22, 0xff, 0x43, 0x4e, 0x1f, 0xff, 0x3c, 0x2a, 0x1f, 0xff,
0x6c, 0xb1, 0xbb, 0xff, 0x4a, 0xbd, 0xef, 0xff, 0x09, 0x8f, 0xea, 0xff, 0x09, 0x8c, 0xe8, 0xff,
0x08, 0x88, 0xe6, 0xff, 0x08, 0x85, 0xe3, 0xff, 0x07, 0x82, 0xe1, 0xff, 0x0c, 0x83, 0xe0, 0xff,
0x7b, 0xdb, 0xf0, 0xfb, 0x87, 0xeb, 0xfc, 0x5b, 0x00, 0x00, 0x00, 0x00, 0x00, 0x00, 0x00, 0x00,
0x00, 0x00, 0x00, 0x00, 0x00, 0x00, 0x00, 0x00, 0x00, 0x00, 0x00, 0x00, 0x00, 0x00, 0x00, 0x00,
0x00, 0x00, 0x00, 0x00, 0x00, 0x00, 0x00, 0x00, 0x00, 0x00, 0x00, 0x00, 0x00, 0x00, 0x00, 0x00,
0x00, 0x00, 0x00, 0x00, 0x00, 0x00, 0x00, 0x00, 0x00, 0x00, 0x00, 0x00, 0x00, 0x00, 0x00, 0x00,
0x00, 0x00, 0x00, 0x00, 0x00, 0x00, 0x00, 0x00, 0x00, 0x00, 0x00, 0x00, 0x00, 0x00, 0x00, 0x00,
0xf8, 0xbe, 0x38, 0xbf, 0xc9, 0x98, 0x32, 0xff, 0x3b, 0x29, 0x1e, 0xff, 0x3b, 0x29, 0x1e, 0xff,
0x43, 0x4e, 0x1f, 0xff, 0x5b, 0xb6, 0x22, 0xff, 0x5c, 0xbb, 0x22, 0xff, 0x5c, 0xbb, 0x22, 0xff,
0x5c, 0xbb, 0x22, 0xff, 0x5c, 0xbb, 0x22, 0xff, 0x5c, 0xbb, 0x22, 0xff, 0x5c, 0xbb, 0x22, 0xff,
0x5c, 0xbb, 0x22, 0xff, 0x5c, 0xbb, 0x22, 0xff, 0x5c, 0xbb, 0x22, 0xff, 0x5c, 0xbb, 0x22, 0xff,
0x5c, 0xbb, 0x22, 0xff, 0x5b, 0xb6, 0x22, 0xff, 0x43, 0x4e, 0x1f, 0xff, 0x3b, 0x29, 0x1e, 0xff,
0x3e, 0x30, 0x27, 0xff, 0x77, 0xcd, 0xdc, 0xff, 0x36, 0xb0, 0xef, 0xff, 0x09, 0x8d, 0xe9, 0xff,
0x08, 0x8a, 0xe6, 0xff, 0x08, 0x86, 0xe4, 0xff, 0x08, 0x83, 0xe2, 0xff, 0x07, 0x80, 0xdf, 0xff,
0x15, 0x89, 0xe1, 0xff, 0x7e, 0xe6, 0xfb, 0xf0, 0x89, 0xf2, 0xff, 0x27, 0x00, 0x00, 0x00, 0x00,
0x00, 0x00, 0x00, 0x00, 0x00, 0x00, 0x00, 0x00, 0x00, 0x00, 0x00, 0x00, 0x00, 0x00, 0x00, 0x00,
0x00, 0x00, 0x00, 0x00, 0x00, 0x00, 0x00, 0x00, 0x00, 0x00, 0x00, 0x00, 0x00, 0x00, 0x00, 0x00,
0x00, 0x00, 0x00, 0x00, 0x00, 0x00, 0x00, 0x00, 0x00, 0x00, 0x00, 0x00, 0x00, 0x00, 0x00, 0x00,
0x00, 0x00, 0x00, 0x00, 0x00, 0x00, 0x00, 0x00, 0x00, 0x00, 0x00, 0x00, 0x00, 0x00, 0x00, 0x00,
0xf8, 0xbe, 0x38, 0xbf, 0xc9, 0x98, 0x32, 0xff, 0x3b, 0x29, 0x1e, 0xff, 0x3b, 0x29, 0x1e, 0xff,
0x3b, 0x29, 0x1e, 0xff, 0x3b, 0x29, 0x1e, 0xff, 0x3b, 0x29, 0x1e, 0xff, 0x3b, 0x29, 0x1e, 0xff,
0x3b, 0x29, 0x1e, 0xff, 0x3b, 0x29, 0x1e, 0xff, 0x3b, 0x29, 0x1e, 0xff, 0x3b, 0x29, 0x1e, 0xff,
0x3b, 0x29, 0x1e, 0xff, 0x3b, 0x29, 0x1e, 0xff, 0x3b, 0x29, 0x1e, 0xff, 0x3b, 0x29, 0x1e, 0xff,
0x3b, 0x29, 0x1e, 0xff, 0x3b, 0x29, 0x1e, 0xff, 0x3b, 0x29, 0x1e, 0xff, 0x3b, 0x29, 0x1e, 0xff,
0x3b, 0x29, 0x1e, 0xff, 0x44, 0x3e, 0x36, 0xff, 0x7c, 0xda, 0xea, 0xff, 0x24, 0xa2, 0xee, 0xff,
0x09, 0x8b, 0xe7, 0xff, 0x08, 0x88, 0xe5, 0xff, 0x08, 0x84, 0xe3, 0xff, 0x07, 0x81, 0xe0, 0xff,
0x07, 0x7e, 0xde, 0xff, 0x3d, 0xac, 0xea, 0xfe, 0x86, 0xeb, 0xfb, 0x89, 0x00, 0x00, 0x00, 0x00,
0x00, 0x00, 0x00, 0x00, 0x00, 0x00, 0x00, 0x00, 0x00, 0x00, 0x00, 0x00, 0x00, 0x00, 0x00, 0x00,
0x00, 0x00, 0x00, 0x00, 0x00, 0x00, 0x00, 0x00, 0x00, 0x00, 0x00, 0x00, 0x00, 0x00, 0x00, 0x00,
0x00, 0x00, 0x00, 0x00, 0x00, 0x00, 0x00, 0x00, 0x00, 0x00, 0x00, 0x00, 0x00, 0x00, 0x00, 0x00,
0x00, 0x00, 0x00, 0x00, 0x00, 0x00, 0x00, 0x00, 0x00, 0x00, 0x00, 0x00, 0x00, 0x00, 0x00, 0x00,
0xf8, 0xbe, 0x38, 0xbf, 0xc9, 0x98, 0x32, 0xff, 0x3b, 0x29, 0x1e, 0xff, 0x3b, 0x29, 0x1e, 0xff,
0x3b, 0x29, 0x1e, 0xff, 0x3b, 0x29, 0x1e, 0xff, 0x3b, 0x29, 0x1e, 0xff, 0x3b, 0x29, 0x1e, 0xff,
0x3b, 0x29, 0x1e, 0xff, 0x3b, 0x29, 0x1e, 0xff, 0x3b, 0x29, 0x1e, 0xff, 0x3b, 0x29, 0x1e, 0xff,
0x3b, 0x29, 0x1e, 0xff, 0x3b, 0x29, 0x1e, 0xff, 0x3b, 0x29, 0x1e, 0xff, 0x3b, 0x29, 0x1e, 0xff,
0x3b, 0x29, 0x1e, 0xff, 0x3b, 0x29, 0x1e, 0xff, 0x3b, 0x29, 0x1e, 0xff, 0x3b, 0x29, 0x1e, 0xff,
0x3b, 0x29, 0x1e, 0xff, 0x3b, 0x29, 0x1e, 0xff, 0x4b, 0x51, 0x4b, 0xff, 0x7b, 0xdd, 0xef, 0xff,
0x17, 0x97, 0xeb, 0xff, 0x08, 0x89, 0xe6, 0xff, 0x08, 0x85, 0xe3, 0xff, 0x07, 0x82, 0xe1, 0xff,
0x0d, 0x84, 0xe1, 0xff, 0x82, 0xda, 0xf3, 0xf3, 0xe5, 0xe9, 0xe5, 0xce, 0x00, 0x00, 0x00, 0x00,
0x00, 0x00, 0x00, 0x00, 0x00, 0x00, 0x00, 0x00, 0x00, 0x00, 0x00, 0x00, 0x00, 0x00, 0x00, 0x00,
0x00, 0x00, 0x00, 0x00, 0x00, 0x00, 0x00, 0x00, 0x00, 0x00, 0x00, 0x00, 0x00, 0x00, 0x00, 0x00,
0x00, 0x00, 0x00, 0x00, 0x00, 0x00, 0x00, 0x00, 0x00, 0x00, 0x00, 0x00, 0x00, 0x00, 0x00, 0x00,
0x00, 0x00, 0x00, 0x00, 0x00, 0x00, 0x00, 0x00, 0x00, 0x00, 0x00, 0x00, 0x00, 0x00, 0x00, 0x00,
0xf8, 0xbe, 0x38, 0xbf, 0xc9, 0x98, 0x32, 0xff, 0x3b, 0x29, 0x1e, 0xff, 0x3b, 0x29, 0x1e, 0xff,
0x3b, 0x29, 0x1e, 0xff, 0x3b, 0x29, 0x1e, 0xff, 0x3b, 0x29, 0x1e, 0xff, 0x3b, 0x29, 0x1e, 0xff,
0x3b, 0x29, 0x1e, 0xff, 0x3b, 0x29, 0x1e, 0xff, 0x3b, 0x29, 0x1e, 0xff, 0x3b, 0x29, 0x1e, 0xff,
0x3b, 0x29, 0x1e, 0xff, 0x3b, 0x29, 0x1e, 0xff, 0x3b, 0x29, 0x1e, 0xff, 0x3b, 0x29, 0x1e, 0xff,
0x3b, 0x29, 0x1e, 0xff, 0x3b, 0x29, 0x1e, 0xff, 0x3b, 0x29, 0x1e, 0xff, 0x3b, 0x29, 0x1e, 0xff,
0x3b, 0x29, 0x1e, 0xff, 0x3b, 0x29, 0x1e, 0xff, 0x3b, 0x29, 0x1e, 0xff, 0x54, 0x6c, 0x6a, 0xff,
0x73, 0xd6, 0xee, 0xff, 0x0e, 0x8e, 0xe8, 0xff, 0x08, 0x87, 0xe4, 0xff, 0x17, 0x8f, 0xe5, 0xff,
0x9c, 0xe2, 0xee, 0xfc, 0xec, 0xe7, 0xe3, 0xf7, 0xf0, 0xe8, 0xe2, 0xff, 0xee, 0xe6, 0xe6, 0x1e,
0x00, 0x00, 0x00, 0x00, 0x00, 0x00, 0x00, 0x00, 0x00, 0x00, 0x00, 0x00, 0x00, 0x00, 0x00, 0x00,
0x00, 0x00, 0x00, 0x00, 0x00, 0x00, 0x00, 0x00, 0x00, 0x00, 0x00, 0x00, 0x00, 0x00, 0x00, 0x00,
0x00, 0x00, 0x00, 0x00, 0x00, 0x00, 0x00, 0x00, 0x00, 0x00, 0x00, 0x00, 0x00, 0x00, 0x00, 0x00,
0x00, 0x00, 0x00, 0x00, 0x00, 0x00, 0x00, 0x00, 0x00, 0x00, 0x00, 0x00, 0x00, 0x00, 0x00, 0x00,
0xf8, 0xbe, 0x38, 0xbf, 0xc9, 0x98, 0x32, 0xff, 0x3b, 0x29, 0x1e, 0xff, 0x3b, 0x29, 0x1e, 0xff,
0x3b, 0x29, 0x1e, 0xff, 0x3b, 0x29, 0x1e, 0xff, 0x3b, 0x29, 0x1e, 0xff, 0x3b, 0x29, 0x1e, 0xff,
0x3b, 0x29, 0x1e, 0xff, 0x3b, 0x29, 0x1e, 0xff, 0x3b, 0x29, 0x1e, 0xff, 0x3b, 0x29, 0x1e, 0xff,
0x3b, 0x29, 0x1e, 0xff, 0x3b, 0x29, 0x1e, 0xff, 0x3b, 0x29, 0x1e, 0xff, 0x3b, 0x29, 0x1e, 0xff,
0x3b, 0x29, 0x1e, 0xff, 0x3b, 0x29, 0x1e, 0xff, 0x3b, 0x29, 0x1e, 0xff, 0x3b, 0x29, 0x1e, 0xff,
0x3b, 0x29, 0x1e, 0xff, 0x3b, 0x29, 0x1e, 0xff, 0x3b, 0x29, 0x1e, 0xff, 0x3b, 0x29, 0x1e, 0xff,
0x60, 0x8c, 0x90, 0xff, 0x6c, 0xd2, 0xed, 0xff, 0x42, 0xb5, 0xef, 0xff, 0xaf, 0xe5, 0xe9, 0xff,
0xef, 0xe7, 0xe1, 0xfe, 0xf0, 0xe8, 0xe2, 0xff, 0xf0, 0xe8, 0xe2, 0xff, 0xf1, 0xe8, 0xe3, 0x5a,
0x00, 0x00, 0x00, 0x00, 0x00, 0x00, 0x00, 0x00, 0x00, 0x00, 0x00, 0x00, 0x00, 0x00, 0x00, 0x00,
0x00, 0x00, 0x00, 0x00, 0x00, 0x00, 0x00, 0x00, 0x00, 0x00, 0x00, 0x00, 0x00, 0x00, 0x00, 0x00,
0x00, 0x00, 0x00, 0x00, 0x00, 0x00, 0x00, 0x00, 0x00, 0x00, 0x00, 0x00, 0x00, 0x00, 0x00, 0x00,
0x00, 0x00, 0x00, 0x00, 0x00, 0x00, 0x00, 0x00, 0x00, 0x00, 0x00, 0x00, 0x00, 0x00, 0x00, 0x00,
0xf8, 0xbe, 0x38, 0xbf, 0xc9, 0x98, 0x32, 0xff, 0x3b, 0x29, 0x1e, 0xff, 0x3b, 0x29, 0x1e, 0xff,
0x43, 0x2f, 0x4f, 0xff, 0x5b, 0x3d, 0xe0, 0xff, 0x5c, 0x3e, 0xe6, 0xff, 0x5c, 0x3e, 0xe6, 0xff,
0x5c, 0x3e, 0xe6, 0xff, 0x5c, 0x3e, 0xe6, 0xff, 0x5c, 0x3e, 0xe6, 0xff, 0x5c, 0x3e, 0xe6, 0xff,
0x5c, 0x3e, 0xe6, 0xff, 0x52, 0x38, 0xae, 0xff, 0x3b, 0x29, 0x1e, 0xff, 0x3b, 0x29, 0x1e, 0xff,
0x3b, 0x29, 0x1e, 0xff, 0x3b, 0x29, 0x1e, 0xff, 0x3b, 0x29, 0x1e, 0xff, 0x3b, 0x29, 0x1e, 0xff,
0x3b, 0x29, 0x1e, 0xff, 0x3b, 0x29, 0x1e, 0xff, 0x3b, 0x29, 0x1e, 0xff, 0x3b, 0x29, 0x1e, 0xff,
0x3b, 0x29, 0x1e, 0xff, 0x53, 0x64, 0x60, 0xff, 0xa3, 0xb4, 0xb2, 0xff, 0xf0, 0xe8, 0xe2, 0xff,
0xf0, 0xe8, 0xe2, 0xff, 0xf0, 0xe8, 0xe2, 0xff, 0xf0, 0xe8, 0xe2, 0xff, 0xf0, 0xe7, 0xe2, 0x97,
0x00, 0x00, 0x00, 0x00, 0x00, 0x00, 0x00, 0x00, 0x00, 0x00, 0x00, 0x00, 0x00, 0x00, 0x00, 0x00,
0x00, 0x00, 0x00, 0x00, 0x00, 0x00, 0x00, 0x00, 0x00, 0x00, 0x00, 0x00, 0x00, 0x00, 0x00, 0x00,
0x00, 0x00, 0x00, 0x00, 0x00, 0x00, 0x00, 0x00, 0x00, 0x00, 0x00, 0x00, 0x00, 0x00, 0x00, 0x00,
0x00, 0x00, 0x00, 0x00, 0x00, 0x00, 0x00, 0x00, 0x00, 0x00, 0x00, 0x00, 0x00, 0x00, 0x00, 0x00,
0xf8, 0xbe, 0x38, 0xbf, 0xc9, 0x98, 0x32, 0xff, 0x3b, 0x29, 0x1e, 0xff, 0x3b, 0x29, 0x1e, 0xff,
0x43, 0x2f, 0x4f, 0xff, 0x5b, 0x3d, 0xe0, 0xff, 0x5c, 0x3e, 0xe6, 0xff, 0x5c, 0x3e, 0xe6, 0xff,
0x5c, 0x3e, 0xe6, 0xff, 0x5c, 0x3e, 0xe6, 0xff, 0x5c, 0x3e, 0xe6, 0xff, 0x5c, 0x3e, 0xe6, 0xff,
0x5c, 0x3e, 0xe6, 0xff, 0x52, 0x38, 0xae, 0xff, 0x3b, 0x29, 0x1e, 0xff, 0x3b, 0x29, 0x1e, 0xff,
0x3b, 0x29, 0x1e, 0xff, 0x3b, 0x29, 0x1e, 0xff, 0x3b, 0x29, 0x1e, 0xff, 0x3b, 0x29, 0x1e, 0xff,
0x3b, 0x29, 0x1e, 0xff, 0x3b, 0x29, 0x1e, 0xff, 0x3b, 0x29, 0x1e, 0xff, 0x3b, 0x29, 0x1e, 0xff,
0x3b, 0x29, 0x1e, 0xff, 0x3b, 0x29, 0x1e, 0xff, 0x3d, 0x2b, 0x20, 0xff, 0xd4, 0xb0, 0x67, 0xff,
0xf2, 0xdf, 0xbe, 0xee, 0xf0, 0xe8, 0xe2, 0xfe, 0xf0, 0xe8, 0xe2, 0xff, 0xf1, 0xe8, 0xe2, 0xd4,
0x00, 0x00, 0x00, 0x00, 0x00, 0x00, 0x00, 0x00, 0x00, 0x00, 0x00, 0x00, 0x00, 0x00, 0x00, 0x00,
0x00, 0x00, 0x00, 0x00, 0x00, 0x00, 0x00, 0x00, 0x00, 0x00, 0x00, 0x00, 0x00, 0x00, 0x00, 0x00,
0x00, 0x00, 0x00, 0x00, 0x00, 0x00, 0x00, 0x00, 0x00, 0x00, 0x00, 0x00, 0x00, 0x00, 0x00, 0x00,
0x00, 0x00, 0x00, 0x00, 0x00, 0x00, 0x00, 0x00, 0x00, 0x00, 0x00, 0x00, 0x00, 0x00, 0x00, 0x00,
0xf8, 0xbe, 0x38, 0xbf, 0xc9, 0x98, 0x32, 0xff, 0x3b, 0x29, 0x1e, 0xff, 0x3b, 0x29, 0x1e, 0xff,
0x3b, 0x29, 0x1e, 0xff, 0x3b, 0x29, 0x1e, 0xff, 0x3b, 0x29, 0x1e, 0xff, 0x3b, 0x29, 0x1e, 0xff,
0x3b, 0x29, 0x1e, 0xff, 0x3b, 0x29, 0x1e, 0xff, 0x3b, 0x29, 0x1e, 0xff, 0x3b, 0x29, 0x1e, 0xff,
0x3b, 0x29, 0x1e, 0xff, 0x3b, 0x29, 0x1e, 0xff, 0x3b, 0x29, 0x1e, 0xff, 0x3b, 0x29, 0x1e, 0xff,
0x3b, 0x29, 0x1e, 0xff, 0x3b, 0x29, 0x1e, 0xff, 0x3b, 0x29, 0x1e, 0xff, 0x3b, 0x29, 0x1e, 0xff,
0x3b, 0x29, 0x1e, 0xff, 0x3b, 0x29, 0x1e, 0xff, 0x3b, 0x29, 0x1e, 0xff, 0x3b, 0x29, 0x1e, 0xff,
0x3b, 0x29, 0x1e, 0xff, 0x3b, 0x29, 0x1e, 0xff, 0x3b, 0x29, 0x1e, 0xff, 0xc9, 0x98, 0x32, 0xff,
0xf8, 0xbe, 0x38, 0xbf, 0xef, 0xea, 0xe4, 0x30, 0xf0, 0xe8, 0xe3, 0x99, 0xf0, 0xe8, 0xe2, 0xf4,
0xf2, 0xe4, 0xe4, 0x13, 0x00, 0x00, 0x00, 0x00, 0x00, 0x00, 0x00, 0x00, 0x00, 0x00, 0x00, 0x00,
0x00, 0x00, 0x00, 0x00, 0x00, 0x00, 0x00, 0x00, 0x00, 0x00, 0x00, 0x00, 0x00, 0x00, 0x00, 0x00,
0x00, 0x00, 0x00, 0x00, 0x00, 0x00, 0x00, 0x00, 0x00, 0x00, 0x00, 0x00, 0x00, 0x00, 0x00, 0x00,
0x00, 0x00, 0x00, 0x00, 0x00, 0x00, 0x00, 0x00, 0x00, 0x00, 0x00, 0x00, 0x00, 0x00, 0x00, 0x00,
0xf8, 0xbe, 0x38, 0xbf, 0xc9, 0x98, 0x32, 0xff, 0x3b, 0x29, 0x1e, 0xff, 0x3b, 0x29, 0x1e, 0xff,
0x3b, 0x29, 0x1e, 0xff, 0x3b, 0x29, 0x1e, 0xff, 0x3b, 0x29, 0x1e, 0xff, 0x3b, 0x29, 0x1e, 0xff,
0x3b, 0x29, 0x1e, 0xff, 0x3b, 0x29, 0x1e, 0xff, 0x3b, 0x29, 0x1e, 0xff, 0x3b, 0x29, 0x1e, 0xff,
0x3b, 0x29, 0x1e, 0xff, 0x3b, 0x29, 0x1e, 0xff, 0x3b, 0x29, 0x1e, 0xff, 0x3b, 0x29, 0x1e, 0xff,
0x3b, 0x29, 0x1e, 0xff, 0x3b, 0x29, 0x1e, 0xff, 0x3b, 0x29, 0x1e, 0xff, 0x3b, 0x29, 0x1e, 0xff,
0x3b, 0x29, 0x1e, 0xff, 0x3b, 0x29, 0x1e, 0xff, 0x3b, 0x29, 0x1e, 0xff, 0x3b, 0x29, 0x1e, 0xff,
0x3b, 0x29, 0x1e, 0xff, 0x3b, 0x29, 0x1e, 0xff, 0x3b, 0x29, 0x1e, 0xff, 0xc9, 0x98, 0x32, 0xff,
0xf8, 0xbe, 0x38, 0xbf, 0x00, 0x00, 0x00, 0x00, 0x00, 0x00, 0x00, 0x00, 0xf3, 0xe8, 0xdc, 0x16,
0xf2, 0xe4, 0xe4, 0x13, 0x00, 0x00, 0x00, 0x00, 0x00, 0x00, 0x00, 0x00, 0x00, 0x00, 0x00, 0x00,
0x00, 0x00, 0x00, 0x00, 0x00, 0x00, 0x00, 0x00, 0x00, 0x00, 0x00, 0x00, 0x00, 0x00, 0x00, 0x00,
0x00, 0x00, 0x00, 0x00, 0x00, 0x00, 0x00, 0x00, 0x00, 0x00, 0x00, 0x00, 0x00, 0x00, 0x00, 0x00,
0x00, 0x00, 0x00, 0x00, 0x00, 0x00, 0x00, 0x00, 0x00, 0x00, 0x00, 0x00, 0x00, 0x00, 0x00, 0x00,
0xf8, 0xbe, 0x38, 0xbf, 0xc9, 0x98, 0x32, 0xff, 0x3b, 0x29, 0x1e, 0xff, 0x3b, 0x29, 0x1e, 0xff,
0x3b, 0x29, 0x1e, 0xff, 0x3b, 0x29, 0x1e, 0xff, 0x3b, 0x29, 0x1e, 0xff, 0x3b, 0x29, 0x1e, 0xff,
0x3b, 0x29, 0x1e, 0xff, 0x3b, 0x29, 0x1e, 0xff, 0x3b, 0x29, 0x1e, 0xff, 0x3b, 0x29, 0x1e, 0xff,
0x3b, 0x29, 0x1e, 0xff, 0x3b, 0x29, 0x1e, 0xff, 0x3b, 0x29, 0x1e, 0xff, 0x3b, 0x29, 0x1e, 0xff,
0x3b, 0x29, 0x1e, 0xff, 0x3b, 0x29, 0x1e, 0xff, 0x3b, 0x29, 0x1e, 0xff, 0x3b, 0x29, 0x1e, 0xff,
0x3b, 0x29, 0x1e, 0xff, 0x3b, 0x29, 0x1e, 0xff, 0x3b, 0x29, 0x1e, 0xff, 0x3b, 0x29, 0x1e, 0xff,
0x3b, 0x29, 0x1e, 0xff, 0x3b, 0x29, 0x1e, 0xff, 0x3b, 0x29, 0x1e, 0xff, 0xc9, 0x98, 0x32, 0xff,
0xf8, 0xbe, 0x38, 0xbf, 0x00, 0x00, 0x00, 0x00, 0x00, 0x00, 0x00, 0x00, 0x00, 0x00, 0x00, 0x00,
0x00, 0x00, 0x00, 0x00, 0x00, 0x00, 0x00, 0x00, 0x00, 0x00, 0x00, 0x00, 0x00, 0x00, 0x00, 0x00,
0x00, 0x00, 0x00, 0x00, 0x00, 0x00, 0x00, 0x00, 0x00, 0x00, 0x00, 0x00, 0x00, 0x00, 0x00, 0x00,
0x00, 0x00, 0x00, 0x00, 0x00, 0x00, 0x00, 0x00, 0x00, 0x00, 0x00, 0x00, 0x00, 0x00, 0x00, 0x00,
0x00, 0x00, 0x00, 0x00, 0x00, 0x00, 0x00, 0x00, 0x00, 0x00, 0x00, 0x00, 0x00, 0x00, 0x00, 0x00,
0xf8, 0xbc, 0x37, 0xb8, 0xd2, 0x9f, 0x33, 0xfe, 0x3b, 0x29, 0x1e, 0xff, 0x3b, 0x29, 0x1e, 0xff,
0x3b, 0x29, 0x1e, 0xff, 0x3b, 0x29, 0x1e, 0xff, 0x3b, 0x29, 0x1e, 0xff, 0x3b, 0x29, 0x1e, 0xff,
0x3b, 0x29, 0x1e, 0xff, 0x3b, 0x29, 0x1e, 0xff, 0x3b, 0x29, 0x1e, 0xff, 0x3b, 0x29, 0x1e, 0xff,
0x3b, 0x29, 0x1e, 0xff, 0x3b, 0x29, 0x1e, 0xff, 0x3b, 0x29, 0x1e, 0xff, 0x3b, 0x29, 0x1e, 0xff,
0x3b, 0x29, 0x1e, 0xff, 0x3b, 0x29, 0x1e, 0xff, 0x3b, 0x29, 0x1e, 0xff, 0x3b, 0x29, 0x1e, 0xff,
0x3b, 0x29, 0x1e, 0xff, 0x3b, 0x29, 0x1e, 0xff, 0x3b, 0x29, 0x1e, 0xff, 0x3b, 0x29, 0x1e, 0xff,
0x3b, 0x29, 0x1e, 0xff, 0x3b, 0x29, 0x1e, 0xff, 0x3b, 0x29, 0x1e, 0xff, 0xd2, 0x9f, 0x33, 0xfe,
0xf8, 0xbc, 0x37, 0xb8, 0x00, 0x00, 0x00, 0x00, 0x00, 0x00, 0x00, 0x00, 0x00, 0x00, 0x00, 0x00,
0x00, 0x00, 0x00, 0x00, 0x00, 0x00, 0x00, 0x00, 0x00, 0x00, 0x00, 0x00, 0x00, 0x00, 0x00, 0x00,
0x00, 0x00, 0x00, 0x00, 0x00, 0x00, 0x00, 0x00, 0x00, 0x00, 0x00, 0x00, 0x00, 0x00, 0x00, 0x00,
0x00, 0x00, 0x00, 0x00, 0x00, 0x00, 0x00, 0x00, 0x00, 0x00, 0x00, 0x00, 0x00, 0x00, 0x00, 0x00,
0x00, 0x00, 0x00, 0x00, 0x00, 0x00, 0x00, 0x00, 0x00, 0x00, 0x00, 0x00, 0x00, 0x00, 0x00, 0x00,
0xf8, 0xbd, 0x38, 0x6d, 0xf8, 0xbd, 0x38, 0xff, 0xd0, 0x9e, 0x32, 0xfe, 0xc6, 0x96, 0x31, 0xff,
0xc6, 0x96, 0x31, 0xff, 0xc6, 0x96, 0x31, 0xff, 0xc6, 0x96, 0x31, 0xff, 0xc6, 0x96, 0x31, 0xff,
0xc6, 0x96, 0x31, 0xff, 0xc6, 0x96, 0x31, 0xff, 0xc6, 0x96, 0x31, 0xff, 0xc6, 0x96, 0x31, 0xff,
0xc6, 0x96, 0x31, 0xff, 0xc6, 0x96, 0x31, 0xff, 0xc6, 0x96, 0x31, 0xff, 0xc6, 0x96, 0x31, 0xff,
0xc6, 0x96, 0x31, 0xff, 0xc6, 0x96, 0x31, 0xff, 0xc6, 0x96, 0x31, 0xff, 0xc6, 0x96, 0x31, 0xff,
0xc6, 0x96, 0x31, 0xff, 0xc6, 0x96, 0x31, 0xff, 0xc6, 0x96, 0x31, 0xff, 0xc6, 0x96, 0x31, 0xff,
0xc6, 0x96, 0x31, 0xff, 0xc6, 0x96, 0x31, 0xff, 0xd0, 0x9e, 0x32, 0xfe, 0xf8, 0xbd, 0x38, 0xff,
0xf8, 0xbd, 0x38, 0x6d, 0x00, 0x00, 0x00, 0x00, 0x00, 0x00, 0x00, 0x00, 0x00, 0x00, 0x00, 0x00,
0x00, 0x00, 0x00, 0x00, 0x00, 0x00, 0x00, 0x00, 0x00, 0x00, 0x00, 0x00, 0x00, 0x00, 0x00, 0x00,
0x00, 0x00, 0x00, 0x00, 0x00, 0x00, 0x00, 0x00, 0x00, 0x00, 0x00, 0x00, 0x00, 0x00, 0x00, 0x00,
0x00, 0x00, 0x00, 0x00, 0x00, 0x00, 0x00, 0x00, 0x00, 0x00, 0x00, 0x00, 0x00, 0x00, 0x00, 0x00,
0x00, 0x00, 0x00, 0x00, 0x00, 0x00, 0x00, 0x00, 0x00, 0x00, 0x00, 0x00, 0x00, 0x00, 0x00, 0x00,
0xff, 0x80, 0x00, 0x02, 0xf8, 0xbd, 0x39, 0x6c, 0xf8, 0xbd, 0x38, 0xb6, 0xf8, 0xbe, 0x38, 0xbb,
0xf8, 0xbe, 0x38, 0xbb, 0xf8, 0xbe, 0x38, 0xbb, 0xf8, 0xbe, 0x38, 0xbb, 0xf8, 0xbe, 0x38, 0xbb,
0xf8, 0xbe, 0x38, 0xbb, 0xf8, 0xbe, 0x38, 0xbb, 0xf8, 0xbe, 0x38, 0xbb, 0xf8, 0xbe, 0x38, 0xbb,
0xf8, 0xbe, 0x38, 0xbb, 0xf8, 0xbe, 0x38, 0xbb, 0xf8, 0xbe, 0x38, 0xbb, 0xf8, 0xbe, 0x38, 0xbb,
0xf8, 0xbe, 0x38, 0xbb, 0xf8, 0xbe, 0x38, 0xbb, 0xf8, 0xbe, 0x38, 0xbb, 0xf8, 0xbe, 0x38, 0xbb,
0xf8, 0xbe, 0x38, 0xbb, 0xf8, 0xbe, 0x38, 0xbb, 0xf8, 0xbe, 0x38, 0xbb, 0xf8, 0xbe, 0x38, 0xbb,
0xf8, 0xbe, 0x38, 0xbb, 0xf8, 0xbe, 0x38, 0xbb, 0xf8, 0xbd, 0x38, 0xb6, 0xf8, 0xbd, 0x39, 0x6c,
0xff, 0x80, 0x00, 0x02, 0x00, 0x00, 0x00, 0x00, 0x00, 0x00, 0x00, 0x00, 0x00, 0x00, 0x00, 0x00,
0x00, 0x00, 0x00, 0x00, 0x00, 0x00, 0x00, 0x00, 0x00, 0x00, 0x00, 0x00, 0x00, 0x00, 0x00, 0x00,
0x00, 0x00, 0x00, 0x00, 0x00, 0x00, 0x00, 0x00, 0x00, 0x00, 0x00, 0x00, 0x00, 0x00, 0x00, 0x00,
0x00, 0x00, 0x00, 0x00, 0x00, 0x00, 0x00, 0x00, 0x00, 0x00, 0x00, 0x00, 0x00, 0x00, 0x00, 0x00,
0x00, 0x00, 0x00, 0x00, 0x00, 0x00, 0x00, 0x00, 0x00, 0x00, 0x00, 0x00, 0x00, 0x00, 0x00, 0x00,
0x00, 0x00, 0x00, 0x00, 0x00, 0x00, 0x00, 0x00, 0x00, 0x00, 0x00, 0x00, 0x00, 0x00, 0x00, 0x00,
0x00, 0x00, 0x00, 0x00, 0x00, 0x00, 0x00, 0x00, 0x00, 0x00, 0x00, 0x00, 0x00, 0x00, 0x00, 0x00,
0x00, 0x00, 0x00, 0x00, 0x00, 0x00, 0x00, 0x00, 0x00, 0x00, 0x00, 0x00, 0x00, 0x00, 0x00, 0x00,
0x00, 0x00, 0x00, 0x00, 0x00, 0x00, 0x00, 0x00, 0x00, 0x00, 0x00, 0x00, 0x00, 0x00, 0x00, 0x00,
0x00, 0x00, 0x00, 0x00, 0x00, 0x00, 0x00, 0x00, 0x00, 0x00, 0x00, 0x00, 0x00, 0x00, 0x00, 0x00,
0x00, 0x00, 0x00, 0x00, 0x00, 0x00, 0x00, 0x00, 0x00, 0x00, 0x00, 0x00, 0x00, 0x00, 0x00, 0x00,
0x00, 0x00, 0x00, 0x00, 0x00, 0x00, 0x00, 0x00, 0x00, 0x00, 0x00, 0x00, 0x00, 0x00, 0x00, 0x00,
0x00, 0x00, 0x00, 0x00, 0x00, 0x00, 0x00, 0x00, 0x00, 0x00, 0x00, 0x00, 0x00, 0x00, 0x00, 0x00,
0x00, 0x00, 0x00, 0x00, 0x00, 0x00, 0x00, 0x00, 0x00, 0x00, 0x00, 0x00, 0x00, 0x00, 0x00, 0x00,
0x00, 0x00, 0x00, 0x00, 0x00, 0x00, 0x00, 0x00, 0x00, 0x00, 0x00, 0x00, 0x00, 0x00, 0x00, 0x00,
0x00, 0x00, 0x00, 0x00, 0x00, 0x00, 0x00, 0x00, 0x00, 0x00, 0x00, 0x00, 0x00, 0x00, 0x00, 0x00,
0x00, 0x00, 0x00, 0x00, 0x00, 0x00, 0x00, 0x00, 0x00, 0x00, 0x00, 0x00, 0x00, 0x00, 0x00, 0x00,
0x00, 0x00, 0x00, 0x00, 0x00, 0x00, 0x00, 0x00, 0x00, 0x00, 0x00, 0x00, 0x00, 0x00, 0x00, 0x00,
0x00, 0x00, 0x00, 0x00, 0x00, 0x00, 0x00, 0x00, 0x00, 0x00, 0x00, 0x00, 0x00, 0x00, 0x00, 0x00,
0x00, 0x00, 0x00, 0x00, 0x00, 0x00, 0x00, 0x00, 0x00, 0x00, 0x00, 0x00, 0x00, 0x00, 0x00, 0x00,
0x00, 0x00, 0x00, 0x00, 0x00, 0x00, 0x00, 0x00, 0x00, 0x00, 0x00, 0x00, 0x00, 0x00, 0x00, 0x00,
0x00, 0x00, 0x00, 0x00, 0x00, 0x00, 0x00, 0x00, 0x00, 0x00, 0x00, 0x00, 0x00, 0x00, 0x00, 0x00,
0x00, 0x00, 0x00, 0x00, 0x00, 0x00, 0x00, 0x00, 0x00, 0x00, 0x00, 0x00, 0x00, 0x00, 0x00, 0x00,
0x00, 0x00, 0x00, 0x00, 0x00, 0x00, 0x00, 0x00, 0x00, 0x00, 0x00, 0x00, 0x00, 0x00, 0x00, 0x00,
0x00, 0x00, 0x00, 0x00, 0x00, 0x00, 0x00, 0x00, 0x00, 0x00, 0x00, 0x00, 0x00, 0x00, 0x00, 0x00,
0x00, 0x00, 0x00, 0x00, 0x00, 0x00, 0x00, 0x00, 0x00, 0x00, 0x00, 0x00, 0x00, 0x00, 0x00, 0x00,
0x00, 0x00, 0x00, 0x00, 0x00, 0x00, 0x00, 0x00, 0x00, 0x00, 0x00, 0x00, 0x00, 0x00, 0x00, 0x00,
0x00, 0x00, 0x00, 0x00, 0x00, 0x00, 0x00, 0x00, 0x00, 0x00, 0x00, 0x00, 0x00, 0x00, 0x00, 0x00,
0x00, 0x00, 0x00, 0x00, 0x00, 0x00, 0x00, 0x00, 0x00, 0x00, 0x00, 0x00, 0x00, 0x00, 0x00, 0x00,
0x00, 0x00, 0x00, 0x00, 0x00, 0x00, 0x00, 0x00, 0x00, 0x00, 0x00, 0x00, 0x00, 0x00, 0x00, 0x00,
0x00, 0x00, 0x00, 0x00, 0x00, 0x00, 0x00, 0x00, 0x00, 0x00, 0x00, 0x00, 0x00, 0x00, 0x00, 0x00,
0x00, 0x00, 0x00, 0x00, 0x00, 0x00, 0x00, 0x00, 0x00, 0x00, 0x00, 0x00, 0x00, 0x00, 0x00, 0x00,
0x00, 0x00, 0x00, 0x00, 0x00, 0x00, 0x00, 0x00, 0x00, 0x00, 0x00, 0x00, 0x00, 0x00, 0x00, 0x00,
0x00, 0x00, 0x00, 0x00, 0x00, 0x00, 0x00, 0x00, 0x00, 0x00, 0x00, 0x00, 0x00, 0x00, 0x00, 0x00,
0x00, 0x00, 0x00, 0x00, 0x00, 0x00, 0x00, 0x00, 0x00, 0x00, 0x00, 0x00, 0x00, 0x00, 0x00, 0x00,
0x00, 0x00, 0x00, 0x00, 0x00, 0x00, 0x00, 0x00, 0x00, 0x00, 0x00, 0x00, 0x00, 0x00, 0x00, 0x00,
0x00, 0x00, 0x00, 0x00, 0x00, 0x00, 0x00, 0x00, 0x00, 0x00, 0x00, 0x00, 0x00, 0x00, 0x00, 0x00,
0x00, 0x00, 0x00, 0x00, 0x00, 0x00, 0x00, 0x00, 0x00, 0x00, 0x00, 0x00, 0x00, 0x00, 0x00, 0x00,
0x00, 0x00, 0x00, 0x00, 0x00, 0x00, 0x00, 0x00, 0x00, 0x00, 0x00, 0x00, 0x00, 0x00, 0x00, 0x00,
0x00, 0x00, 0x00, 0x00, 0x00, 0x00, 0x00, 0x00, 0x00, 0x00, 0x00, 0x00, 0x00, 0x00, 0x00, 0x00,
0x00, 0x00, 0x00, 0x00, 0x00, 0x00, 0x00, 0x00, 0x00, 0x00, 0x00, 0x00, 0x00, 0x00, 0x00, 0x00,
0x00, 0x00, 0x00, 0x00, 0x00, 0x00, 0x00, 0x00, 0x00, 0x00, 0x00, 0x00, 0x00, 0x00, 0x00, 0x00,
0x00, 0x00, 0x00, 0x00, 0x00, 0x00, 0x00, 0x00, 0x00, 0x00, 0x00, 0x00, 0x00, 0x00, 0x00, 0x00,
0x00, 0x00, 0x00, 0x00, 0x00, 0x00, 0x00, 0x00, 0x00, 0x00, 0x00, 0x00, 0x00, 0x00, 0x00, 0x00,
0x00, 0x00, 0x00, 0x00, 0x00, 0x00, 0x00, 0x00, 0x00, 0x00, 0x00, 0x00, 0x00, 0x00, 0x00, 0x00,
0x00, 0x00, 0x00, 0x00, 0x00, 0x00, 0x00, 0x00, 0x00, 0x00, 0x00, 0x00, 0x00, 0x00, 0x00, 0x00,
0x00, 0x00, 0x00, 0x00, 0x00, 0x00, 0x00, 0x00, 0x00, 0x00, 0x00, 0x00, 0x00, 0x00, 0x00, 0x00,
0x00, 0x00, 0x00, 0x00, 0x00, 0x00, 0x00, 0x00, 0x00, 0x00, 0x00, 0x00, 0x00, 0x00, 0x00, 0x00,
0x00, 0x00, 0x00, 0x00, 0x00, 0x00, 0x00, 0x00, 0x00, 0x00, 0x00, 0x00, 0x00, 0x00, 0x00, 0x00,
0x00, 0x00, 0x00, 0x00, 0x00, 0x00, 0x00, 0x00, 0x00, 0x00, 0x00, 0x00, 0x00, 0x00, 0x00, 0x00,
0x00, 0x00, 0x00, 0x00, 0x00, 0x00, 0x00, 0x00, 0x00, 0x00, 0x00, 0x00, 0x00, 0x00, 0x00, 0x00,
0x00, 0x00, 0x00, 0x00, 0x00, 0x00, 0x00, 0x00, 0x00, 0x00, 0x00, 0x00, 0x00, 0x00, 0x00, 0x00,
0x00, 0x00, 0x00, 0x00, 0x00, 0x00, 0x00, 0x00, 0x00, 0x00, 0x00, 0x00, 0x00, 0x00, 0x00, 0x00,
0x00, 0x00, 0x00, 0x00, 0x00, 0x00, 0x00, 0x00, 0x00, 0x00, 0x00, 0x00, 0x00, 0x00, 0x00, 0x00,
0x00, 0x00, 0x00, 0x00, 0x00, 0x00, 0x00, 0x00, 0x00, 0x00, 0x00, 0x00, 0x00, 0x00, 0x00, 0x00,
0x00, 0x00, 0x00, 0x00, 0x00, 0x00, 0x00, 0x00, 0x00, 0x00, 0x00, 0x00, 0x00, 0x00, 0x00, 0x00,
0x00, 0x00, 0x00, 0x00, 0x00, 0x00, 0x00, 0x00, 0x00, 0x00, 0x00, 0x00, 0x00, 0x00, 0x00, 0x00,
0x00, 0x00, 0x00, 0x00, 0x00, 0x00, 0x00, 0x00, 0x00, 0x00, 0x00, 0x00, 0x00, 0x00, 0x00, 0x00,
0x00, 0x00, 0x00, 0x00, 0x00, 0x00, 0x00, 0x00, 0x00, 0x00, 0x00, 0x00, 0x00, 0x00, 0x00, 0x00,
0x00, 0x00, 0x00, 0x00, 0x00, 0x00, 0x00, 0x00, 0x00, 0x00, 0x00, 0x00, 0x00, 0x00, 0x00, 0x00,
0x00, 0x00, 0x00, 0x00, 0x00, 0x00, 0x00, 0x00, 0x00, 0x00, 0x00, 0x00, 0x00, 0x00, 0x00, 0x00,
0x00, 0x00, 0x00, 0x00, 0x00, 0x00, 0x00, 0x00, 0x00, 0x00, 0x00, 0x00, 0x00, 0x00, 0x00, 0x00,
0x00, 0x00, 0x00, 0x00, 0x00, 0x00, 0x00, 0x00, 0x00, 0x00, 0x00, 0x00, 0x00, 0x00, 0x00, 0x00
};

extern const uint8_t app_utilities_bin[9216] = {
0x00, 0x00, 0x00, 0x00, 0x00, 0x00, 0x00, 0x00, 0x00, 0x00, 0x00, 0x00, 0x00, 0x00, 0x00, 0x00,
0x00, 0x00, 0x00, 0x00, 0x00, 0x00, 0x00, 0x00, 0x00, 0x00, 0x00, 0x00, 0x00, 0x00, 0x00, 0x00,
0x00, 0x00, 0x00, 0x00, 0x00, 0x00, 0x00, 0x00, 0x00, 0x00, 0x00, 0x00, 0x00, 0x00, 0x00, 0x00,
0x00, 0x00, 0x00, 0x00, 0x00, 0x00, 0x00, 0x00, 0x00, 0x00, 0x00, 0x00, 0x00, 0x00, 0x00, 0x00,
0x00, 0x00, 0x00, 0x00, 0x00, 0x00, 0x00, 0x00, 0x00, 0x00, 0x00, 0x00, 0x00, 0x00, 0x00, 0x00,
0x00, 0x00, 0x00, 0x00, 0x00, 0x00, 0x00, 0x00, 0x00, 0x00, 0x00, 0x00, 0x00, 0x00, 0x00, 0x00,
0x00, 0x00, 0x00, 0x00, 0x00, 0x00, 0x00, 0x00, 0x00, 0x00, 0x00, 0x00, 0x00, 0x00, 0x00, 0x00,
0x00, 0x00, 0x00, 0x00, 0x00, 0x00, 0x00, 0x00, 0x00, 0x00, 0x00, 0x00, 0x00, 0x00, 0x00, 0x00,
0x00, 0x00, 0x00, 0x00, 0x00, 0x00, 0x00, 0x00, 0x00, 0x00, 0x00, 0x00, 0x00, 0x00, 0x00, 0x00,
0x00, 0x00, 0x00, 0x00, 0x00, 0x00, 0x00, 0x00, 0x00, 0x00, 0x00, 0x00, 0x00, 0x00, 0x00, 0x00,
0x00, 0x00, 0x00, 0x00, 0x00, 0x00, 0x00, 0x00, 0x00, 0x00, 0x00, 0x00, 0x00, 0x00, 0x00, 0x00,
0x00, 0x00, 0x00, 0x00, 0x00, 0x00, 0x00, 0x00, 0x00, 0x00, 0x00, 0x00, 0x00, 0x00, 0x00, 0x00,
0x00, 0x00, 0x00, 0x00, 0x00, 0x00, 0x00, 0x00, 0x00, 0x00, 0x00, 0x00, 0x00, 0x00, 0x00, 0x00,
0x00, 0x00, 0x00, 0x00, 0x00, 0x00, 0x00, 0x00, 0x00, 0x00, 0x00, 0x00, 0x00, 0x00, 0x00, 0x00,
0x00, 0x00, 0x00, 0x00, 0x00, 0x00, 0x00, 0x00, 0x00, 0x00, 0x00, 0x00, 0x00, 0x00, 0x00, 0x00,
0x00, 0x00, 0x00, 0x00, 0x00, 0x00, 0x00, 0x00, 0x00, 0x00, 0x00, 0x00, 0x00, 0x00, 0x00, 0x00,
0x00, 0x00, 0x00, 0x00, 0x00, 0x00, 0x00, 0x00, 0x00, 0x00, 0x00, 0x00, 0x00, 0x00, 0x00, 0x00,
0x00, 0x00, 0x00, 0x00, 0x00, 0x00, 0x00, 0x00, 0x00, 0x00, 0x00, 0x00, 0x00, 0x00, 0x00, 0x00,
0x00, 0x00, 0x00, 0x00, 0x00, 0x00, 0x00, 0x00, 0x00, 0x00, 0x00, 0x00, 0x00, 0x00, 0x00, 0x00,
0x00, 0x00, 0x00, 0x00, 0x00, 0x00, 0x00, 0x00, 0x00, 0x00, 0x00, 0x00, 0x00, 0x00, 0x00, 0x00,
0x00, 0x00, 0x00, 0x00, 0x00, 0x00, 0x00, 0x00, 0x00, 0x00, 0x00, 0x00, 0x00, 0x00, 0x00, 0x00,
0x00, 0x00, 0x00, 0x00, 0x00, 0x00, 0x00, 0x00, 0x00, 0x00, 0x00, 0x00, 0x00, 0x00, 0x00, 0x00,
0x00, 0x00, 0x00, 0x00, 0x00, 0x00, 0x00, 0x00, 0x00, 0x00, 0x00, 0x00, 0x00, 0x00, 0x00, 0x00,
0x00, 0x00, 0x00, 0x00, 0x00, 0x00, 0x00, 0x00, 0x00, 0x00, 0x00, 0x00, 0x00, 0x00, 0x00, 0x00,
0x00, 0x00, 0x00, 0x00, 0x00, 0x00, 0x00, 0x00, 0x00, 0x00, 0x00, 0x00, 0x00, 0x00, 0x00, 0x00,
0x00, 0x00, 0x00, 0x00, 0x00, 0x00, 0x00, 0x00, 0x00, 0x00, 0x00, 0x00, 0x00, 0x00, 0x00, 0x00,
0x00, 0x00, 0x00, 0x00, 0x00, 0x00, 0x00, 0x00, 0x00, 0x00, 0x00, 0x00, 0x00, 0x00, 0x00, 0x00,
0x00, 0x00, 0x00, 0x00, 0x00, 0x00, 0x00, 0x00, 0x00, 0x00, 0x00, 0x00, 0x00, 0x00, 0x00, 0x00,
0x00, 0x00, 0x00, 0x00, 0x00, 0x00, 0x00, 0x00, 0x00, 0x00, 0x00, 0x00, 0x00, 0x00, 0x00, 0x00,
0x00, 0x00, 0x00, 0x00, 0x00, 0x00, 0x00, 0x00, 0x00, 0x00, 0x00, 0x00, 0x00, 0x00, 0x00, 0x00,
0x00, 0x00, 0x00, 0x00, 0x00, 0x00, 0x00, 0x00, 0x00, 0x00, 0x00, 0x00, 0x00, 0x00, 0x00, 0x00,
0x00, 0x00, 0x00, 0x00, 0x00, 0x00, 0x00, 0x00, 0x00, 0x00, 0x00, 0x00, 0x00, 0x00, 0x00, 0x00,
0x00, 0x00, 0x00, 0x00, 0x00, 0x00, 0x00, 0x00, 0x00, 0x00, 0x00, 0x00, 0x00, 0x00, 0x00, 0x00,
0x00, 0x00, 0x00, 0x00, 0x00, 0x00, 0x00, 0x00, 0x00, 0x00, 0x00, 0x00, 0x00, 0x00, 0x00, 0x00,
0x00, 0x00, 0x00, 0x00, 0x00, 0x00, 0x00, 0x00, 0x00, 0x00, 0x00, 0x00, 0x00, 0x00, 0x00, 0x00,
0x00, 0x00, 0x00, 0x00, 0x00, 0x00, 0x00, 0x00, 0x00, 0x00, 0x00, 0x00, 0x00, 0x00, 0x00, 0x00,
0x00, 0x00, 0x00, 0x00, 0x00, 0x00, 0x00, 0x00, 0x00, 0x00, 0x00, 0x00, 0x00, 0x00, 0x00, 0x00,
0x00, 0x00, 0x00, 0x00, 0x00, 0x00, 0x00, 0x00, 0x00, 0x00, 0x00, 0x00, 0x00, 0x00, 0x00, 0x00,
0x00, 0x00, 0x00, 0x00, 0x00, 0x00, 0x00, 0x00, 0x00, 0x00, 0x00, 0x00, 0x00, 0x00, 0x00, 0x00,
0x00, 0x00, 0x00, 0x00, 0x00, 0x00, 0x00, 0x00, 0x00, 0x00, 0x00, 0x00, 0x00, 0x00, 0x00, 0x00,
0x00, 0x00, 0x00, 0x00, 0x00, 0x00, 0x00, 0x00, 0x00, 0x00, 0x00, 0x00, 0x00, 0x00, 0x00, 0x00,
0x00, 0x00, 0x00, 0x00, 0x00, 0x00, 0x00, 0x00, 0x00, 0x00, 0x00, 0x00, 0x00, 0x00, 0x00, 0x00,
0x00, 0x00, 0x00, 0x00, 0x00, 0x00, 0x00, 0x00, 0x00, 0x00, 0x00, 0x00, 0x00, 0x00, 0x00, 0x00,
0x00, 0x00, 0x00, 0x00, 0x00, 0x00, 0x00, 0x00, 0x00, 0x00, 0x00, 0x00, 0x00, 0x00, 0x00, 0x00,
0x00, 0x00, 0x00, 0x00, 0x00, 0x00, 0x00, 0x00, 0x00, 0x00, 0x00, 0x00, 0x00, 0x00, 0x00, 0x00,
0x00, 0x00, 0x00, 0x00, 0x00, 0x00, 0x00, 0x00, 0x00, 0x00, 0x00, 0x00, 0x00, 0x00, 0x00, 0x00,
0x00, 0x00, 0x00, 0x00, 0x00, 0x00, 0x00, 0x00, 0x00, 0x00, 0x00, 0x00, 0x00, 0x00, 0x00, 0x00,
0x00, 0x00, 0x00, 0x00, 0x00, 0x00, 0x00, 0x00, 0x00, 0x00, 0x00, 0x00, 0x00, 0x00, 0x00, 0x00,
0x00, 0x00, 0x00, 0x00, 0x00, 0x00, 0x00, 0x00, 0x00, 0x00, 0x00, 0x00, 0x00, 0x00, 0x00, 0x00,
0x00, 0x00, 0x00, 0x00, 0x00, 0x00, 0x00, 0x00, 0x00, 0x00, 0x00, 0x00, 0x00, 0x00, 0x00, 0x00,
0x00, 0x00, 0x00, 0x00, 0x00, 0x00, 0x00, 0x00, 0x00, 0x00, 0x00, 0x00, 0x00, 0x00, 0x00, 0x00,
0x00, 0x00, 0x00, 0x00, 0x00, 0x00, 0x00, 0x00, 0x00, 0x00, 0x00, 0x00, 0x00, 0x00, 0x00, 0x00,
0x00, 0x00, 0x00, 0x00, 0x00, 0x00, 0x00, 0x00, 0x00, 0x00, 0x00, 0x00, 0x00, 0x00, 0x00, 0x00,
0x00, 0x00, 0x00, 0x00, 0x00, 0x00, 0x00, 0x00, 0x00, 0x00, 0x00, 0x00, 0x00, 0x00, 0x00, 0x00,
0x00, 0x00, 0x00, 0x00, 0x00, 0x00, 0x00, 0x00, 0x00, 0x00, 0x00, 0x00, 0x00, 0x00, 0x00, 0x00,
0x00, 0x00, 0x00, 0x00, 0x00, 0x00, 0x00, 0x00, 0x00, 0x00, 0x00, 0x00, 0x00, 0x00, 0x00, 0x00,
0x00, 0x00, 0x00, 0x00, 0x00, 0x00, 0x00, 0x00, 0x00, 0x00, 0x00, 0x00, 0x00, 0x00, 0x00, 0x00,
0x00, 0x00, 0x00, 0x00, 0x00, 0x00, 0x00, 0x00, 0x00, 0x00, 0x00, 0x00, 0x00, 0x00, 0x00, 0x00,
0x00, 0x00, 0x00, 0x00, 0x00, 0x00, 0x00, 0x00, 0x00, 0x00, 0x00, 0x00, 0x00, 0x00, 0x00, 0x00,
0x00, 0x00, 0x00, 0x00, 0x00, 0x00, 0x00, 0x00, 0x00, 0x00, 0x00, 0x00, 0x00, 0x00, 0x00, 0x00,
0x00, 0x00, 0x00, 0x00, 0x00, 0x00, 0x00, 0x00, 0x00, 0x00, 0x00, 0x00, 0x00, 0x00, 0x00, 0x00,
0x00, 0x00, 0x00, 0x00, 0x00, 0x00, 0x00, 0x00, 0x00, 0x00, 0x00, 0x00, 0x00, 0x00, 0x00, 0x00,
0x00, 0x00, 0x00, 0x00, 0x00, 0x00, 0x00, 0x00, 0x00, 0x00, 0x00, 0x00, 0x00, 0x00, 0x00, 0x00,
0x00, 0x00, 0x00, 0x00, 0x00, 0x00, 0x00, 0x00, 0x00, 0x00, 0x00, 0x00, 0x00, 0x00, 0x00, 0x00,
0x00, 0x00, 0x00, 0x00, 0x00, 0x00, 0x00, 0x00, 0x00, 0x00, 0x00, 0x00, 0x00, 0x00, 0x00, 0x00,
0x00, 0x00, 0x00, 0x00, 0x00, 0x00, 0x00, 0x00, 0x00, 0x00, 0x00, 0x00, 0x00, 0x00, 0x00, 0x00,
0x00, 0x00, 0x00, 0x00, 0x00, 0x00, 0x00, 0x00, 0x00, 0x00, 0x00, 0x00, 0x00, 0x00, 0x00, 0x00,
0x00, 0x00, 0x00, 0x00, 0x00, 0x00, 0x00, 0x00, 0x00, 0x00, 0x00, 0x00, 0x00, 0x00, 0x00, 0x00,
0x00, 0x00, 0x00, 0x00, 0x00, 0x00, 0x00, 0x00, 0x00, 0x00, 0x00, 0x00, 0x00, 0x00, 0x00, 0x00,
0x00, 0x00, 0x00, 0x00, 0x00, 0x00, 0x00, 0x00, 0x00, 0x00, 0x00, 0x00, 0x00, 0x00, 0x00, 0x00,
0x00, 0x00, 0x00, 0x00, 0x00, 0x00, 0x00, 0x00, 0x00, 0x00, 0x00, 0x00, 0x00, 0x00, 0x00, 0x00,
0x00, 0x00, 0x00, 0x00, 0x00, 0x00, 0x00, 0x00, 0x00, 0x00, 0x00, 0x00, 0x00, 0x00, 0x00, 0x00,
0x00, 0x00, 0x00, 0x00, 0x00, 0x00, 0x00, 0x00, 0x00, 0x00, 0x00, 0x00, 0x00, 0x00, 0x00, 0x00,
0x00, 0x00, 0x00, 0x00, 0x00, 0x00, 0x00, 0x00, 0x00, 0x00, 0x00, 0x00, 0x00, 0x00, 0x00, 0x00,
0x00, 0x00, 0x00, 0x00, 0x00, 0x00, 0x00, 0x00, 0x00, 0x00, 0x00, 0x00, 0x00, 0x00, 0x00, 0x00,
0x00, 0x00, 0x00, 0x00, 0x00, 0x00, 0x00, 0x00, 0x00, 0x00, 0x00, 0x00, 0x00, 0x00, 0x00, 0x00,
0x00, 0x00, 0x00, 0x00, 0x00, 0x00, 0x00, 0x00, 0x00, 0x00, 0x00, 0x00, 0x00, 0x00, 0x00, 0x00,
0x00, 0x00, 0x00, 0x00, 0x00, 0x00, 0x00, 0x00, 0x00, 0x00, 0x00, 0x00, 0x00, 0x00, 0x00, 0x00,
0x00, 0x00, 0x00, 0x00, 0x00, 0x00, 0x00, 0x00, 0x00, 0x00, 0x00, 0x00, 0x00, 0x00, 0x00, 0x00,
0x00, 0x00, 0x00, 0x00, 0x00, 0x00, 0x00, 0x00, 0x00, 0x00, 0x00, 0x00, 0x00, 0x00, 0x00, 0x00,
0x00, 0x00, 0x00, 0x00, 0x00, 0x00, 0x00, 0x00, 0x00, 0x00, 0x00, 0x00, 0x00, 0x00, 0x00, 0x00,
0x00, 0x00, 0x00, 0x00, 0x00, 0x00, 0x00, 0x00, 0x00, 0x00, 0x00, 0x00, 0x00, 0x00, 0x00, 0x00,
0x00, 0x00, 0x00, 0x00, 0x00, 0x00, 0x00, 0x00, 0x00, 0x00, 0x00, 0x00, 0x00, 0x00, 0x00, 0x00,
0x00, 0x00, 0x00, 0x00, 0x00, 0x00, 0x00, 0x00, 0x00, 0x00, 0x00, 0x00, 0x00, 0x00, 0x00, 0x00,
0x00, 0x00, 0x00, 0x00, 0x00, 0x00, 0x00, 0x00, 0x00, 0x00, 0x00, 0x00, 0x00, 0x00, 0x00, 0x00,
0x00, 0x00, 0x00, 0x00, 0x00, 0x00, 0x00, 0x00, 0x00, 0x00, 0x00, 0x00, 0x00, 0x00, 0x00, 0x00,
0x00, 0x00, 0x00, 0x00, 0x00, 0x00, 0x00, 0x00, 0x00, 0x00, 0x00, 0x00, 0x00, 0x00, 0x00, 0x00,
0x00, 0x00, 0x00, 0x00, 0x00, 0x00, 0x00, 0x00, 0x00, 0x00, 0x00, 0x00, 0x00, 0x00, 0x00, 0x00,
0x00, 0x00, 0x00, 0x00, 0x00, 0x00, 0x00, 0x00, 0x00, 0x00, 0x00, 0x00, 0x00, 0x00, 0x00, 0x00,
0x00, 0x00, 0x00, 0x00, 0x00, 0x00, 0x00, 0x00, 0x00, 0x00, 0x00, 0x00, 0x00, 0x00, 0x00, 0x00,
0x00, 0x00, 0x00, 0x00, 0x00, 0x00, 0x00, 0x00, 0x00, 0x00, 0x00, 0x00, 0x00, 0x00, 0x00, 0x00,
0x00, 0x00, 0x00, 0x00, 0x00, 0x00, 0x00, 0x00, 0x00, 0x00, 0x00, 0x00, 0x00, 0x00, 0x00, 0x00,
0x00, 0x00, 0x00, 0x00, 0x00, 0x00, 0x00, 0x00, 0x00, 0x00, 0x00, 0x00, 0x00, 0x00, 0x00, 0x00,
0x00, 0x00, 0x00, 0x00, 0x00, 0x00, 0x00, 0x00, 0x00, 0x00, 0x00, 0x00, 0x00, 0x00, 0x00, 0x00,
0x00, 0x00, 0x00, 0x00, 0x00, 0x00, 0x00, 0x00, 0x00, 0x00, 0x00, 0x00, 0x00, 0x00, 0x00, 0x00,
0x00, 0x00, 0x00, 0x00, 0x00, 0x00, 0x00, 0x00, 0x00, 0x00, 0x00, 0x00, 0x00, 0x00, 0x00, 0x00,
0x00, 0x00, 0x00, 0x00, 0x00, 0x00, 0x00, 0x00, 0x00, 0x00, 0x00, 0x00, 0x00, 0x00, 0x00, 0x00,
0x00, 0x00, 0x00, 0x00, 0x00, 0x00, 0x00, 0x00, 0x00, 0x00, 0x00, 0x00, 0x00, 0x00, 0x00, 0x00,
0x00, 0x00, 0x00, 0x00, 0x00, 0x00, 0x00, 0x00, 0x00, 0x00, 0x00, 0x00, 0x00, 0x00, 0x00, 0x00,
0x00, 0x00, 0x00, 0x00, 0x00, 0x00, 0x00, 0x00, 0x00, 0x00, 0x00, 0x00, 0x00, 0x00, 0x00, 0x00,
0x00, 0x00, 0x00, 0x00, 0x00, 0x00, 0x00, 0x00, 0x00, 0x00, 0x00, 0x00, 0x00, 0x00, 0x00, 0x00,
0x00, 0x00, 0x00, 0x00, 0x00, 0x00, 0x00, 0x00, 0x00, 0x00, 0x00, 0x00, 0x00, 0x00, 0x00, 0x00,
0x00, 0x00, 0x00, 0x00, 0x00, 0x00, 0x00, 0x00, 0x00, 0x00, 0x00, 0x00, 0x00, 0x00, 0x00, 0x00,
0x00, 0x00, 0x00, 0x00, 0x00, 0x00, 0x00, 0x00, 0xff, 0xff, 0x00, 0x01, 0xc0, 0xd3, 0x2c, 0x5d,
0xbe, 0xd2, 0x2c, 0xa4, 0xbf, 0xd3, 0x2c, 0x98, 0xbf, 0xd6, 0x2d, 0x44, 0x00, 0x00, 0x00, 0x00,
0x00, 0x00, 0x00, 0x00, 0x00, 0x00, 0x00, 0x00, 0x00, 0x00, 0x00, 0x00, 0x00, 0x00, 0x00, 0x00,
0x00, 0x00, 0x00, 0x00, 0x00, 0x00, 0x00, 0x00, 0x00, 0x00, 0x00, 0x00, 0x00, 0x00, 0x00, 0x00,
0x00, 0x00, 0x00, 0x00, 0x00, 0x00, 0x00, 0x00, 0x00, 0x00, 0x00, 0x00, 0x00, 0x00, 0x00, 0x00,
0x00, 0x00, 0x00, 0x00, 0x00, 0x00, 0x00, 0x00, 0x00, 0x00, 0x00, 0x00, 0x00, 0x00, 0x00, 0x00,
0x00, 0x00, 0x00, 0x00, 0x00, 0x00, 0x00, 0x00, 0x00, 0x00, 0x00, 0x00, 0x00, 0x00, 0x00, 0x00,
0x00, 0x00, 0x00, 0x00, 0x00, 0x00, 0x00, 0x00, 0x00, 0x00, 0x00, 0x00, 0x00, 0x00, 0x00, 0x00,
0x00, 0x00, 0x00, 0x00, 0x00, 0x00, 0x00, 0x00, 0x00, 0x00, 0x00, 0x00, 0x00, 0x00, 0x00, 0x00,
0x00, 0x00, 0x00, 0x00, 0x00, 0x00, 0x00, 0x00, 0x00, 0x00, 0x00, 0x00, 0x00, 0x00, 0x00, 0x00,
0x00, 0x00, 0x00, 0x00, 0x00, 0x00, 0x00, 0x00, 0x00, 0x00, 0x00, 0x00, 0x00, 0x00, 0x00, 0x00,
0x00, 0x00, 0x00, 0x00, 0x00, 0x00, 0x00, 0x00, 0x00, 0x00, 0x00, 0x00, 0x00, 0x00, 0x00, 0x00,
0x00, 0x00, 0x00, 0x00, 0x00, 0x00, 0x00, 0x00, 0xbd, 0xd2, 0x2b, 0x8e, 0xba, 0xce, 0x29, 0xf6,
0xa4, 0xb4, 0x1d, 0xff, 0xa7, 0xb9, 0x20, 0xfd, 0xbb, 0xd1, 0x2b, 0xf8, 0xbd, 0xd1, 0x2b, 0xd6,
0xbc, 0xd5, 0x2b, 0x2a, 0x00, 0x00, 0x00, 0x00, 0x00, 0x00, 0x00, 0x00, 0x00, 0x00, 0x00, 0x00,
0x00, 0x00, 0x00, 0x00, 0x00, 0x00, 0x00, 0x00, 0x00, 0x00, 0x00, 0x00, 0x00, 0x00, 0x00, 0x00,
0x00, 0x00, 0x00, 0x00, 0x00, 0x00, 0x00, 0x00, 0x00, 0x00, 0x00, 0x00, 0x00, 0x00, 0x00, 0x00,
0x00, 0x00, 0x00, 0x00, 0x00, 0x00, 0x00, 0x00, 0x00, 0x00, 0x00, 0x00, 0x00, 0x00, 0x00, 0x00,
0x00, 0x00, 0x00, 0x00, 0x00, 0x00, 0x00, 0x00, 0x00, 0x00, 0x00, 0x00, 0x00, 0x00, 0x00, 0x00,
0x00, 0x00, 0x00, 0x00, 0x00, 0x00, 0x00, 0x00, 0x00, 0x00, 0x00, 0x00, 0x00, 0x00, 0x00, 0x00,
0x00, 0x00, 0x00, 0x00, 0x00, 0x00, 0x00, 0x00, 0x00, 0x00, 0x00, 0x00, 0x00, 0x00, 0x00, 0x00,
0x00, 0x00, 0x00, 0x00, 0x00, 0x00, 0x00, 0x00, 0x00, 0x00, 0x00, 0x00, 0x00, 0x00, 0x00, 0x00,
0x00, 0x00, 0x00, 0x00, 0x00, 0x00, 0x00, 0x00, 0x00, 0x00, 0x00, 0x00, 0x00, 0x00, 0x00, 0x00,
0x00, 0x00, 0x00, 0x00, 0x00, 0x00, 0x00, 0x00, 0x00, 0x00, 0x00, 0x00, 0x00, 0x00, 0x00, 0x00,
0x00, 0x00, 0x00, 0x00, 0x00, 0x00, 0x00, 0x00, 0xbf, 0xd4, 0x2d, 0x8f, 0xa9, 0xba, 0x1f, 0xfc,
0x88, 0x94, 0x0d, 0xff, 0x88, 0x94, 0x0d, 0xff, 0x8a, 0x96, 0x0f, 0xff, 0xa5, 0xb6, 0x1e, 0xfc,
0xbe, 0xd2, 0x2c, 0xf7, 0xbe, 0xd4, 0x2f, 0x47, 0x00, 0x00, 0x00, 0x00, 0x00, 0x00, 0x00, 0x00,
0x00, 0x00, 0x00, 0x00, 0x00, 0x00, 0x00, 0x00, 0x00, 0x00, 0x00, 0x00, 0x00, 0x00, 0x00, 0x00,
0x00, 0x00, 0x00, 0x00, 0x00, 0x00, 0x00, 0x00, 0x00, 0x00, 0x00, 0x00, 0x00, 0x00, 0x00, 0x00,
0x00, 0x00, 0x00, 0x00, 0x00, 0x00, 0x00, 0x00, 0x00, 0x00, 0x00, 0x00, 0x00, 0x00, 0x00, 0x00,
0x00, 0x00, 0x00, 0x00, 0x00, 0x00, 0x00, 0x00, 0x00, 0x00, 0x00, 0x00, 0x00, 0x00, 0x00, 0x00,
0x00, 0x00, 0x00, 0x00, 0x00, 0x00, 0x00, 0x00, 0x00, 0x00, 0x00, 0x00, 0xb8, 0xa5, 0x92, 0x36,
0xb8, 0xaa, 0x8e, 0x12, 0x00, 0x00, 0x00, 0x00, 0x00, 0x00, 0x00, 0x00, 0x00, 0x00, 0x00, 0x00,
0x00, 0x00, 0x00, 0x00, 0x00, 0x00, 0x00, 0x00, 0x00, 0x00, 0x00, 0x00, 0x00, 0x00, 0x00, 0x00,
0x00, 0x00, 0x00, 0x00, 0x00, 0x00, 0x00, 0x00, 0x00, 0x00, 0x00, 0x00, 0x00, 0x00, 0x00, 0x00,
0x00, 0x00, 0x00, 0x00, 0x00, 0x00, 0x00, 0x00, 0x00, 0x00, 0x00, 0x00, 0x00, 0x00, 0x00, 0x00,
0x00, 0x00, 0x00, 0x00, 0x00, 0x00, 0x00, 0x00, 0xbe, 0xd4, 0x2e, 0x6a, 0xb3, 0xc4, 0x26, 0xf4,
0x88, 0x94, 0x0d, 0xff, 0x88, 0x94, 0x0d, 0xff, 0x88, 0x94, 0x0d, 0xff, 0x88, 0x94, 0x0d, 0xff,
0x9c, 0xab, 0x18, 0xff, 0xbe, 0xd2, 0x2c, 0xf7, 0xc1, 0xd3, 0x2c, 0x29, 0x00, 0x00, 0x00, 0x00,
0x00, 0x00, 0x00, 0x00, 0x00, 0x00, 0x00, 0x00, 0x00, 0x00, 0x00, 0x00, 0x00, 0x00, 0x00, 0x00,
0x00, 0x00, 0x00, 0x00, 0x00, 0x00, 0x00, 0x00, 0x00, 0x00, 0x00, 0x00, 0x00, 0x00, 0x00, 0x00,
0x00, 0x00, 0x00, 0x00, 0x00, 0x00, 0x00, 0x00, 0x00, 0x00, 0x00, 0x00, 0x00, 0x00, 0x00, 0x00,
0x00, 0x00, 0x00, 0x00, 0x00, 0x00, 0x00, 0x00, 0x00, 0x00, 0x00, 0x00, 0x00, 0x00, 0x00, 0x00,
0x00, 0x00, 0x00, 0x00, 0x00, 0x00, 0x00, 0x00, 0x00, 0x00, 0x00, 0x00, 0xb4, 0xa5, 0x96, 0x11,
0xb8, 0xa3, 0x94, 0xd8, 0xb8, 0xa3, 0x93, 0x6f, 0xaa, 0xaa, 0xaa, 0x03, 0x00, 0x00, 0x00, 0x00,
0x00, 0x00, 0x00, 0x00, 0x00, 0x00, 0x00, 0x00, 0x00, 0x00, 0x00, 0x00, 0x00, 0x00, 0x00, 0x00,
0x00, 0x00, 0x00, 0x00, 0x00, 0x00, 0x00, 0x00, 0x00, 0x00, 0x00, 0x00, 0x00, 0x00, 0x00, 0x00,
0x00, 0x00, 0x00, 0x00, 0x00, 0x00, 0x00, 0x00, 0x00, 0x00, 0x00, 0x00, 0x00, 0x00, 0x00, 0x00,
0x00, 0x00, 0x00, 0x00, 0x00, 0x00, 0x00, 0x00, 0xc0, 0xd3, 0x2c, 0x45, 0xba, 0xce, 0x29, 0xf6,
0x88, 0x94, 0x0d, 0xff, 0x88, 0x94, 0x0d, 0xff, 0x88, 0x94, 0x0d, 0xff, 0x88, 0x94, 0x0d, 0xff,
0x88, 0x94, 0x0d, 0xff, 0xa5, 0xb6, 0x1e, 0xfc, 0xbd, 0xd2, 0x2b, 0xd5, 0x00, 0x00, 0x00, 0x00,
0x00, 0x00, 0x00, 0x00, 0x00, 0x00, 0x00, 0x00, 0x00, 0x00, 0x00, 0x00, 0x00, 0x00, 0x00, 0x00,
0x00, 0x00, 0x00, 0x00, 0x00, 0x00, 0x00, 0x00, 0x00, 0x00, 0x00, 0x00, 0x00, 0x00, 0x00, 0x00,
0x00, 0x00, 0x00, 0x00, 0x00, 0x00, 0x00, 0x00, 0x00, 0x00, 0x00, 0x00, 0x00, 0x00, 0x00, 0x00,
0x00, 0x00, 0x00, 0x00, 0x00, 0x00, 0x00, 0x00, 0x00, 0x00, 0x00, 0x00, 0x00, 0x00, 0x00, 0x00,
0x00, 0x00, 0x00, 0x00, 0x00, 0x00, 0x00, 0x00, 0x00, 0x00, 0x00, 0x00, 0x00, 0x00, 0x00, 0x00,
0xb7, 0xa2, 0x93, 0x63, 0xb8, 0xa3, 0x94, 0xff, 0xb9, 0xa3, 0x93, 0xc7, 0xd2, 0xbf, 0xb9, 0x28,
0x00, 0x00, 0x00, 0x00, 0x00, 0x00, 0x00, 0x00, 0x00, 0x00, 0x00, 0x00, 0x00, 0x00, 0x00, 0x00,
0x00, 0x00, 0x00, 0x00, 0x00, 0x00, 0x00, 0x00, 0x00, 0x00, 0x00, 0x00, 0x00, 0x00, 0x00, 0x00,
0x00, 0x00, 0x00, 0x00, 0x00, 0x00, 0x00, 0x00, 0x00, 0x00, 0x00, 0x00, 0x00, 0x00, 0x00, 0x00,
0x00, 0x00, 0x00, 0x00, 0x00, 0x00, 0x00, 0x00, 0xbe, 0xd4, 0x2d, 0x8e, 0xbc, 0xd1, 0x2b, 0xfe,
0x88, 0x94, 0x0d, 0xff, 0x88, 0x94, 0x0d, 0xff, 0x88, 0x94, 0x0d, 0xff, 0x88, 0x94, 0x0d, 0xff,
0x88, 0x94, 0x0d, 0xff, 0x8a, 0x96, 0x0e, 0xff, 0xbc, 0xd1, 0x2b, 0xf8, 0xbe, 0xd5, 0x2e, 0x43,
0x00, 0x00, 0x00, 0x00, 0x00, 0x00, 0x00, 0x00, 0x00, 0x00, 0x00, 0x00, 0x00, 0x00, 0x00, 0x00,
0x00, 0x00, 0x00, 0x00, 0x00, 0x00, 0x00, 0x00, 0x00, 0x00, 0x00, 0x00, 0x00, 0x00, 0x00, 0x00,
0x00, 0x00, 0x00, 0x00, 0x00, 0x00, 0x00, 0x00, 0x00, 0x00, 0x00, 0x00, 0x00, 0x00, 0x00, 0x00,
0x00, 0x00, 0x00, 0x00, 0x00, 0x00, 0x00, 0x00, 0x00, 0x00, 0x00, 0x00, 0x00, 0x00, 0x00, 0x00,
0x00, 0x00, 0x00, 0x00, 0x00, 0x00, 0x00, 0x00, 0x00, 0x00, 0x00, 0x00, 0x00, 0x00, 0x00, 0x00,
0x80, 0x80, 0x80, 0x02, 0xb8, 0xa4, 0x94, 0xc6, 0xca, 0xb9, 0xac, 0xc1, 0xe0, 0xd5, 0xcb, 0xea,
0xe3, 0xd7, 0xcc, 0x2d, 0x00, 0x00, 0x00, 0x00, 0x00, 0x00, 0x00, 0x00, 0x00, 0x00, 0x00, 0x00,
0x00, 0x00, 0x00, 0x00, 0x00, 0x00, 0x00, 0x00, 0x00, 0x00, 0x00, 0x00, 0x00, 0x00, 0x00, 0x00,
0x00, 0x00, 0x00, 0x00, 0x00, 0x00, 0x00, 0x00, 0x00, 0x00, 0x00, 0x00, 0x00, 0x00, 0x00, 0x00,
0x00, 0x00, 0x00, 0x00, 0xbc, 0xd3, 0x2e, 0x8a, 0xbd, 0xd1, 0x2c, 0xfe, 0x92, 0xa0, 0x13, 0xff,
0x88, 0x94, 0x0d, 0xff, 0x88, 0x94, 0x0d, 0xff, 0x88, 0x94, 0x0d, 0xff, 0x88, 0x94, 0x0d, 0xff,
0x88, 0x94, 0x0d, 0xff, 0x88, 0x94, 0x0d, 0xff, 0xa8, 0xb9, 0x20, 0xfc, 0xbc, 0xd1, 0x2c, 0x95,
0x00, 0x00, 0x00, 0x00, 0x00, 0x00, 0x00, 0x00, 0x00, 0x00, 0x00, 0x00, 0x00, 0x00, 0x00, 0x00,
0x00, 0x00, 0x00, 0x00, 0x00, 0x00, 0x00, 0x00, 0x00, 0x00, 0x00, 0x00, 0x00, 0x00, 0x00, 0x00,
0x00, 0x00, 0x00, 0x00, 0x00, 0x00, 0x00, 0x00, 0x00, 0x00, 0x00, 0x00, 0x00, 0x00, 0x00, 0x00,
0x00, 0x00, 0x00, 0x00, 0x00, 0x00, 0x00, 0x00, 0x00, 0x00, 0x00, 0x00, 0x00, 0x00, 0x00, 0x00,
0x00, 0x00, 0x00, 0x00, 0x00, 0x00, 0x00, 0x00, 0x00, 0x00, 0x00, 0x00, 0x00, 0x00, 0x00, 0x00,
0x00, 0x00, 0x00, 0x00, 0xd3, 0xc1, 0xbb, 0x29, 0xe0, 0xd5, 0xcb, 0xea, 0xe1, 0xd5, 0xcb, 0xff,
0xe0, 0xd5, 0xcb, 0xea, 0xe2, 0xd6, 0xcb, 0x2c, 0x00, 0x00, 0x00, 0x00, 0x00, 0x00, 0x00, 0x00,
0x00, 0x00, 0x00, 0x00, 0x00, 0x00, 0x00, 0x00, 0x00, 0x00, 0x00, 0x00, 0x00, 0x00, 0x00, 0x00,
0x00, 0x00, 0x00, 0x00, 0x00, 0x00, 0x00, 0x00, 0x00, 0x00, 0x00, 0x00, 0x00, 0x00, 0x00, 0x00,
0xbb, 0xd7, 0x2f, 0x52, 0xbf, 0xd4, 0x2d, 0xff, 0x9c, 0xaa, 0x18, 0xff, 0x88, 0x94, 0x0d, 0xff,
0x88, 0x94, 0x0d, 0xff, 0x88, 0x94, 0x0d, 0xff, 0x88, 0x94, 0x0d, 0xff, 0x88, 0x94, 0x0d, 0xff,
0x88, 0x94, 0x0d, 0xff, 0x88, 0x94, 0x0d, 0xff, 0xa4, 0xb5, 0x1e, 0xff, 0xbc, 0xd2, 0x2b, 0xa0,
0x00, 0x00, 0x00, 0x00, 0x00, 0x00, 0x00, 0x00, 0x00, 0x00, 0x00, 0x00, 0x00, 0x00, 0x00, 0x00,
0x00, 0x00, 0x00, 0x00, 0x00, 0x00, 0x00, 0x00, 0x00, 0x00, 0x00, 0x00, 0x00, 0x00, 0x00, 0x00,
0x00, 0x00, 0x00, 0x00, 0x00, 0x00, 0x00, 0x00, 0x00, 0x00, 0x00, 0x00, 0x00, 0x00, 0x00, 0x00,
0x00, 0x00, 0x00, 0x00, 0x00, 0x00, 0x00, 0x00, 0x00, 0x00, 0x00, 0x00, 0x00, 0x00, 0x00, 0x00,
0x00, 0x00, 0x00, 0x00, 0x00, 0x00, 0x00, 0x00, 0x00, 0x00, 0x00, 0x00, 0x00, 0x00, 0x00, 0x00,
0x00, 0x00, 0x00, 0x00, 0x00, 0x00, 0x00, 0x00, 0xdf, 0xd2, 0xcc, 0x28, 0xe1, 0xd5, 0xcb, 0xe7,
0xe1, 0xd5, 0xcb, 0xff, 0xe0, 0xd5, 0xcb, 0xea, 0xe3, 0xd7, 0xcc, 0x2d, 0x00, 0x00, 0x00, 0x00,
0x00, 0x00, 0x00, 0x00, 0x00, 0x00, 0x00, 0x00, 0x00, 0x00, 0x00, 0x00, 0x00, 0x00, 0x00, 0x00,
0x00, 0x00, 0x00, 0x00, 0x00, 0x00, 0x00, 0x00, 0x00, 0x00, 0x00, 0x00, 0xbc, 0xd3, 0x2c, 0x17,
0xbd, 0xd2, 0x2c, 0xdd, 0xb6, 0xc9, 0x27, 0xfc, 0xbb, 0xcf, 0x2a, 0xff, 0x92, 0x9f, 0x13, 0xff,
0x88, 0x94, 0x0d, 0xff, 0x92, 0xa0, 0x13, 0xff, 0xbc, 0xd1, 0x2b, 0xfe, 0xba, 0xce, 0x29, 0xf6,
0xb3, 0xc4, 0x26, 0xf4, 0xa8, 0xb9, 0x1f, 0xfd, 0xbb, 0xcd, 0x2a, 0xf7, 0xbf, 0xd4, 0x2e, 0x58,
0x00, 0x00, 0x00, 0x00, 0x00, 0x00, 0x00, 0x00, 0x00, 0x00, 0x00, 0x00, 0x00, 0x00, 0x00, 0x00,
0x00, 0x00, 0x00, 0x00, 0x00, 0x00, 0x00, 0x00, 0x00, 0x00, 0x00, 0x00, 0x00, 0x00, 0x00, 0x00,
0x00, 0x00, 0x00, 0x00, 0x00, 0x00, 0x00, 0x00, 0x00, 0x00, 0x00, 0x00, 0x00, 0x00, 0x00, 0x00,
0x00, 0x00, 0x00, 0x00, 0x00, 0x00, 0x00, 0x00, 0x00, 0x00, 0x00, 0x00, 0x00, 0x00, 0x00, 0x00,
0x00, 0x00, 0x00, 0x00, 0x00, 0x00, 0x00, 0x00, 0x00, 0x00, 0x00, 0x00, 0x00, 0x00, 0x00, 0x00,
0x00, 0x00, 0x00, 0x00, 0x00, 0x00, 0x00, 0x00, 0x00, 0x00, 0x00, 0x00, 0xdf, 0xd2, 0xcc, 0x28,
0xe1, 0xd5, 0xcb, 0xe7, 0xe1, 0xd5, 0xcb, 0xff, 0xe0, 0xd5, 0xcb, 0xea, 0xe3, 0xd7, 0xcc, 0x2d,
0x00, 0x00, 0x00, 0x00, 0x00, 0x00, 0x00, 0x00, 0x00, 0x00, 0x00, 0x00, 0x00, 0x00, 0x00, 0x00,
0x00, 0x00, 0x00, 0x00, 0x00, 0x00, 0x00, 0x00, 0xbc, 0xd3, 0x2c, 0x17, 0xbd, 0xd2, 0x2c, 0xdd,
0xac, 0xc0, 0x22, 0xf9, 0x89, 0x95, 0x0e, 0xff, 0xa4, 0xb4, 0x1d, 0xff, 0xbb, 0xcf, 0x2a, 0xff,
0x9b, 0xab, 0x18, 0xff, 0xbd, 0xd1, 0x2c, 0xfe, 0xbd, 0xd2, 0x2d, 0x8f, 0xc0, 0xd3, 0x2c, 0x45,
0xc0, 0xd3, 0x2e, 0x69, 0xbf, 0xd4, 0x2d, 0x8f, 0xbf, 0xd3, 0x2c, 0x8b, 0xff, 0xff, 0x00, 0x01,
0x00, 0x00, 0x00, 0x00, 0x00, 0x00, 0x00, 0x00, 0x00, 0x00, 0x00, 0x00, 0x00, 0x00, 0x00, 0x00,
0x00, 0x00, 0x00, 0x00, 0x00, 0x00, 0x00, 0x00, 0x00, 0x00, 0x00, 0x00, 0x00, 0x00, 0x00, 0x00,
0x00, 0x00, 0x00, 0x00, 0x00, 0x00, 0x00, 0x00, 0x00, 0x00, 0x00, 0x00, 0x00, 0x00, 0x00, 0x00,
0x00, 0x00, 0x00, 0x00, 0x00, 0x00, 0x00, 0x00, 0x00, 0x00, 0x00, 0x00, 0x00, 0x00, 0x00, 0x00,
0x00, 0x00, 0x00, 0x00, 0x00, 0x00, 0x00, 0x00, 0x00, 0x00, 0x00, 0x00, 0x00, 0x00, 0x00, 0x00,
0x00, 0x00, 0x00, 0x00, 0x00, 0x00, 0x00, 0x00, 0x00, 0x00, 0x00, 0x00, 0x00, 0x00, 0x00, 0x00,
0xdf, 0xd2, 0xcc, 0x28, 0xe1, 0xd5, 0xcb, 0xe7, 0xe1, 0xd5, 0xcb, 0xff, 0xe0, 0xd5, 0xcb, 0xea,
0xe3, 0xd7, 0xcc, 0x2d, 0x00, 0x00, 0x00, 0x00, 0x00, 0x00, 0x00, 0x00, 0x00, 0x00, 0x00, 0x00,
0x00, 0x00, 0x00, 0x00, 0xbc, 0xd3, 0x2c, 0x17, 0xbd, 0xd2, 0x2c, 0xdd, 0xac, 0xc0, 0x22, 0xf9,
0x89, 0x95, 0x0e, 0xff, 0x88, 0x94, 0x0d, 0xff, 0x88, 0x94, 0x0e, 0xff, 0xb6, 0xc8, 0x26, 0xfc,
0xbf, 0xd4, 0x2d, 0xff, 0xbc, 0xd3, 0x2e, 0x8a, 0x00, 0x00, 0x00, 0x00, 0x00, 0x00, 0x00, 0x00,
0x00, 0x00, 0x00, 0x00, 0x00, 0x00, 0x00, 0x00, 0x00, 0x00, 0x00, 0x00, 0x00, 0x00, 0x00, 0x00,
0x00, 0x00, 0x00, 0x00, 0x00, 0x00, 0x00, 0x00, 0x00, 0x00, 0x00, 0x00, 0x00, 0x00, 0x00, 0x00,
0x00, 0x00, 0x00, 0x00, 0x00, 0x00, 0x00, 0x00, 0x00, 0x00, 0x00, 0x00, 0x00, 0x00, 0x00, 0x00,
0x00, 0x00, 0x00, 0x00, 0x00, 0x00, 0x00, 0x00, 0x00, 0x00, 0x00, 0x00, 0x00, 0x00, 0x00, 0x00,
0x00, 0x00, 0x00, 0x00, 0x00, 0x00, 0x00, 0x00, 0x00, 0x00, 0x00, 0x00, 0x00, 0x00, 0x00, 0x00,
0x00, 0x00, 0x00, 0x00, 0x00, 0x00, 0x00, 0x00, 0x00, 0x00, 0x00, 0x00, 0x00, 0x00, 0x00, 0x00,
0x00, 0x00, 0x00, 0x00, 0x00, 0x00, 0x00, 0x00, 0x00, 0x00, 0x00, 0x00, 0x00, 0x00, 0x00, 0x00,
0x00, 0x00, 0x00, 0x00, 0xdf, 0xd2, 0xcc, 0x28, 0xe1, 0xd5, 0xcb, 0xe7, 0xe1, 0xd5, 0xcb, 0xff,
0xe0, 0xd5, 0xcb, 0xea, 0xd9, 0xd9, 0xb2, 0x35, 0xc0, 0xd3, 0x2e, 0x69, 0xc0, 0xd4, 0x2d, 0x99,
0xc0, 0xd5, 0x2e, 0xa2, 0xbe, 0xd3, 0x2b, 0xeb, 0xac, 0xc1, 0x23, 0xf9, 0x89, 0x95, 0x0e, 0xff,
0x88, 0x94, 0x0d, 0xff, 0x88, 0x94, 0x0e, 0xff, 0xac, 0xbd, 0x21, 0xf9, 0xbd, 0xd2, 0x2b, 0xe1,
0xbd, 0xd6, 0x2f, 0x51, 0x00, 0x00, 0x00, 0x00, 0x00, 0x00, 0x00, 0x00, 0x00, 0x00, 0x00, 0x00,
0x00, 0x00, 0x00, 0x00, 0x00, 0x00, 0x00, 0x00, 0x00, 0x00, 0x00, 0x00, 0x00, 0x00, 0x00, 0x00,
0x00, 0x00, 0x00, 0x00, 0x00, 0x00, 0x00, 0x00, 0x00, 0x00, 0x00, 0x00, 0x00, 0x00, 0x00, 0x00,
0x00, 0x00, 0x00, 0x00, 0x00, 0x00, 0x00, 0x00, 0x00, 0x00, 0x00, 0x00, 0x00, 0x00, 0x00, 0x00,
0x00, 0x00, 0x00, 0x00, 0x00, 0x00, 0x00, 0x00, 0x00, 0x00, 0x00, 0x00, 0x00, 0x00, 0x00, 0x00,
0x00, 0x00, 0x00, 0x00, 0x00, 0x00, 0x00, 0x00, 0x00, 0x00, 0x00, 0x00, 0x00, 0x00, 0x00, 0x00,
0x00, 0x00, 0x00, 0x00, 0x00, 0x00, 0x00, 0x00, 0x00, 0x00, 0x00, 0x00, 0x00, 0x00, 0x00, 0x00,
0x00, 0x00, 0x00, 0x00, 0x00, 0x00, 0x00, 0x00, 0x00, 0x00, 0x00, 0x00, 0x00, 0x00, 0x00, 0x00,
0x00, 0x00, 0x00, 0x00, 0x00, 0x00, 0x00, 0x00, 0xdf, 0xd2, 0xcc, 0x28, 0xe1, 0xd5, 0xcb, 0xe7,
0xd9, 0xd5, 0xa6, 0xff, 0xc3, 0xd4, 0x3d, 0xfd, 0xbf, 0xd4, 0x2d, 0xff, 0xbf, 0xd4, 0x2d, 0xff,
0xbf, 0xd4, 0x2d, 0xff, 0xbf, 0xd4, 0x2d, 0xff, 0xb9, 0xcc, 0x2a, 0xff, 0x95, 0xa3, 0x14, 0xff,
0x88, 0x94, 0x0e, 0xff, 0xac, 0xbd, 0x21, 0xf9, 0xbd, 0xd2, 0x2b, 0xe1, 0xba, 0xd8, 0x31, 0x1a,
0x00, 0x00, 0x00, 0x00, 0x00, 0x00, 0x00, 0x00, 0x00, 0x00, 0x00, 0x00, 0x00, 0x00, 0x00, 0x00,
0x00, 0x00, 0x00, 0x00, 0x00, 0x00, 0x00, 0x00, 0x00, 0x00, 0x00, 0x00, 0x00, 0x00, 0x00, 0x00,
0x00, 0x00, 0x00, 0x00, 0x00, 0x00, 0x00, 0x00, 0x00, 0x00, 0x00, 0x00, 0x00, 0x00, 0x00, 0x00,
0x00, 0x00, 0x00, 0x00, 0x00, 0x00, 0x00, 0x00, 0x00, 0x00, 0x00, 0x00, 0x00, 0x00, 0x00, 0x00,
0x00, 0x00, 0x00, 0x00, 0x00, 0x00, 0x00, 0x00, 0x00, 0x00, 0x00, 0x00, 0x00, 0x00, 0x00, 0x00,
0x00, 0x00, 0x00, 0x00, 0x00, 0x00, 0x00, 0x00, 0x00, 0x00, 0x00, 0x00, 0x00, 0x00, 0x00, 0x00,
0x00, 0x00, 0x00, 0x00, 0x00, 0x00, 0x00, 0x00, 0x00, 0x00, 0x00, 0x00, 0x00, 0x00, 0x00, 0x00,
0x00, 0x00, 0x00, 0x00, 0x00, 0x00, 0x00, 0x00, 0x00, 0x00, 0x00, 0x00, 0x00, 0x00, 0x00, 0x00,
0x00, 0x00, 0x00, 0x00, 0x00, 0x00, 0x00, 0x00, 0x00, 0x00, 0x00, 0x00, 0xd2, 0xd2, 0x94, 0x39,
0xc2, 0xd4, 0x36, 0xfd, 0xbe, 0xd3, 0x2d, 0xff, 0x92, 0xa1, 0x23, 0xff, 0x6a, 0x72, 0x1a, 0xff,
0x6a, 0x72, 0x1a, 0xff, 0x93, 0xa1, 0x23, 0xff, 0xbf, 0xd4, 0x2d, 0xff, 0xbb, 0xcf, 0x2b, 0xff,
0xad, 0xc0, 0x22, 0xf9, 0xbd, 0xd2, 0x2b, 0xe1, 0xba, 0xd8, 0x31, 0x1a, 0x00, 0x00, 0x00, 0x00,
0x00, 0x00, 0x00, 0x00, 0x00, 0x00, 0x00, 0x00, 0x00, 0x00, 0x00, 0x00, 0x00, 0x00, 0x00, 0x00,
0x00, 0x00, 0x00, 0x00, 0x00, 0x00, 0x00, 0x00, 0x00, 0x00, 0x00, 0x00, 0x00, 0x00, 0x00, 0x00,
0x00, 0x00, 0x00, 0x00, 0x00, 0x00, 0x00, 0x00, 0x00, 0x00, 0x00, 0x00, 0x00, 0x00, 0x00, 0x00,
0x00, 0x00, 0x00, 0x00, 0x00, 0x00, 0x00, 0x00, 0x00, 0x00, 0x00, 0x00, 0x00, 0x00, 0x00, 0x00,
0x00, 0x00, 0x00, 0x00, 0x00, 0x00, 0x00, 0x00, 0x00, 0x00, 0x00, 0x00, 0x00, 0x00, 0x00, 0x00,
0x00, 0x00, 0x00, 0x00, 0x00, 0x00, 0x00, 0x00, 0x00, 0x00, 0x00, 0x00, 0x00, 0x00, 0x00, 0x00,
0x00, 0x00, 0x00, 0x00, 0x00, 0x00, 0x00, 0x00, 0x00, 0x00, 0x00, 0x00, 0x00, 0x00, 0x00, 0x00,
0x00, 0x00, 0x00, 0x00, 0x00, 0x00, 0x00, 0x00, 0x00, 0x00, 0x00, 0x00, 0x00, 0x00, 0x00, 0x00,
0x00, 0x00, 0x00, 0x00, 0x00, 0x00, 0x00, 0x00, 0x00, 0x00, 0x00, 0x00, 0xbe, 0xd5, 0x2d, 0x72,
0xbf, 0xd4, 0x2d, 0xff, 0x8f, 0x9c, 0x22, 0xff, 0x4a, 0x4e, 0x13, 0xff, 0x4a, 0x4e, 0x13, 0xff,
0x4a, 0x4e, 0x13, 0xff, 0x4a, 0x4e, 0x13, 0xff, 0x8e, 0x9d, 0x22, 0xff, 0xbf, 0xd4, 0x2d, 0xff,
0xbf, 0xd3, 0x2c, 0xee, 0xba, 0xd8, 0x31, 0x1a, 0x00, 0x00, 0x00, 0x00, 0x00, 0x00, 0x00, 0x00,
0x00, 0x00, 0x00, 0x00, 0x00, 0x00, 0x00, 0x00, 0x00, 0x00, 0x00, 0x00, 0x00, 0x00, 0x00, 0x00,
0x00, 0x00, 0x00, 0x00, 0x00, 0x00, 0x00, 0x00, 0x00, 0x00, 0x00, 0x00, 0x00, 0x00, 0x00, 0x00,
0x00, 0x00, 0x00, 0x00, 0x00, 0x00, 0x00, 0x00, 0x00, 0x00, 0x00, 0x00, 0x00, 0x00, 0x00, 0x00,
0x00, 0x00, 0x00, 0x00, 0x00, 0x00, 0x00, 0x00, 0x00, 0x00, 0x00, 0x00, 0x00, 0x00, 0x00, 0x00,
0x00, 0x00, 0x00, 0x00, 0x00, 0x00, 0x00, 0x00, 0x00, 0x00, 0x00, 0x00, 0x00, 0x00, 0x00, 0x00,
0x00, 0x00, 0x00, 0x00, 0x00, 0x00, 0x00, 0x00, 0x00, 0x00, 0x00, 0x00, 0x00, 0x00, 0x00, 0x00,
0x00, 0x00, 0x00, 0x00, 0x00, 0x00, 0x00, 0x00, 0x00, 0x00, 0x00, 0x00, 0x00, 0x00, 0x00, 0x00,
0x00, 0x00, 0x00, 0x00, 0x00, 0x00, 0x00, 0x00, 0x00, 0x00, 0x00, 0x00, 0x00, 0x00, 0x00, 0x00,
0x00, 0x00, 0x00, 0x00, 0x00, 0x00, 0x00, 0x00, 0x00, 0x00, 0x00, 0x00, 0xbf, 0xd5, 0x2d, 0xa3,
0xbf, 0xd4, 0x2d, 0xff, 0x66, 0x6f, 0x19, 0xff, 0x4a, 0x4e, 0x13, 0xff, 0x4a, 0x4e, 0x13, 0xff,
0x4a, 0x4e, 0x13, 0xff, 0x4a, 0x4e, 0x13, 0xff, 0x66, 0x6f, 0x19, 0xff, 0xbf, 0xd4, 0x2d, 0xff,
0xbb, 0xd6, 0x38, 0xb5, 0x00, 0x00, 0x00, 0x00, 0x00, 0x00, 0x00, 0x00, 0x00, 0x00, 0x00, 0x00,
0x00, 0x00, 0x00, 0x00, 0x00, 0x00, 0x00, 0x00, 0x00, 0x00, 0x00, 0x00, 0x00, 0x00, 0x00, 0x00,
0x00, 0x00, 0x00, 0x00, 0x00, 0x00, 0x00, 0x00, 0x00, 0x00, 0x00, 0x00, 0x00, 0x00, 0x00, 0x00,
0x00, 0x00, 0x00, 0x00, 0x00, 0x00, 0x00, 0x00, 0x00, 0x00, 0x00, 0x00, 0x00, 0x00, 0x00, 0x00,
0x00, 0x00, 0x00, 0x00, 0x00, 0x00, 0x00, 0x00, 0x00, 0x00, 0x00, 0x00, 0x00, 0x00, 0x00, 0x00,
0x00, 0x00, 0x00, 0x00, 0x00, 0x00, 0x00, 0x00, 0x00, 0x00, 0x00, 0x00, 0x00, 0x00, 0x00, 0x00,
0x00, 0x00, 0x00, 0x00, 0x00, 0x00, 0x00, 0x00, 0x00, 0x00, 0x00, 0x00, 0x00, 0x00, 0x00, 0x00,
0x00, 0x00, 0x00, 0x00, 0x00, 0x00, 0x00, 0x00, 0x00, 0x00, 0x00, 0x00, 0x00, 0x00, 0x00, 0x00,
0x00, 0x00, 0x00, 0x00, 0x00, 0x00, 0x00, 0x00, 0x00, 0x00, 0x00, 0x00, 0x00, 0x00, 0x00, 0x00,
0x00, 0x00, 0x00, 0x00, 0x00, 0x00, 0x00, 0x00, 0x00, 0x00, 0x00, 0x00, 0xbf, 0xd5, 0x2d, 0xab,
0xbf, 0xd4, 0x2d, 0xff, 0x66, 0x6f, 0x19, 0xff, 0x4a, 0x4e, 0x13, 0xff, 0x4a, 0x4e, 0x13, 0xff,
0x4a, 0x4e, 0x13, 0xff, 0x4a, 0x4e, 0x13, 0xff, 0x66, 0x6f, 0x19, 0xff, 0xbf, 0xd4, 0x2d, 0xff,
0xab, 0xda, 0x74, 0xf7, 0x8b, 0xe8, 0xff, 0x21, 0x00, 0x00, 0x00, 0x00, 0x00, 0x00, 0x00, 0x00,
0x00, 0x00, 0x00, 0x00, 0x00, 0x00, 0x00, 0x00, 0x00, 0x00, 0x00, 0x00, 0x00, 0x00, 0x00, 0x00,
0x00, 0x00, 0x00, 0x00, 0x00, 0x00, 0x00, 0x00, 0x00, 0x00, 0x00, 0x00, 0x00, 0x00, 0x00, 0x00,
0x00, 0x00, 0x00, 0x00, 0x00, 0x00, 0x00, 0x00, 0x00, 0x00, 0x00, 0x00, 0x00, 0x00, 0x00, 0x00,
0x00, 0x00, 0x00, 0x00, 0x00, 0x00, 0x00, 0x00, 0x00, 0x00, 0x00, 0x00, 0x00, 0x00, 0x00, 0x00,
0x00, 0x00, 0x00, 0x00, 0x00, 0x00, 0x00, 0x00, 0x00, 0x00, 0x00, 0x00, 0x00, 0x00, 0x00, 0x00,
0x00, 0x00, 0x00, 0x00, 0x00, 0x00, 0x00, 0x00, 0x00, 0x00, 0x00, 0x00, 0x00, 0x00, 0x00, 0x00,
0x00, 0x00, 0x00, 0x00, 0x00, 0x00, 0x00, 0x00, 0x00, 0x00, 0x00, 0x00, 0x00, 0x00, 0x00, 0x00,
0x00, 0x00, 0x00, 0x00, 0x00, 0x00, 0x00, 0x00, 0x00, 0x00, 0x00, 0x00, 0x00, 0x00, 0x00, 0x00,
0x00, 0x00, 0x00, 0x00, 0x00, 0x00, 0x00, 0x00, 0xbc, 0xd3, 0x2c, 0x17, 0xbe, 0xd4, 0x2c, 0xec,
0xbf, 0xd4, 0x2d, 0xff, 0x8f, 0x9c, 0x22, 0xff, 0x4a, 0x4e, 0x13, 0xff, 0x4a, 0x4e, 0x13, 0xff,
0x4a, 0x4e, 0x13, 0xff, 0x4a, 0x4e, 0x13, 0xff, 0x8e, 0x9d, 0x22, 0xff, 0xbf, 0xd4, 0x2d, 0xff,
0x86, 0xce, 0x9e, 0xfd, 0x85, 0xe4, 0xfc, 0xe8, 0x8b, 0xe8, 0xff, 0x21, 0x00, 0x00, 0x00, 0x00,
0x00, 0x00, 0x00, 0x00, 0x00, 0x00, 0x00, 0x00, 0x00, 0x00, 0x00, 0x00, 0x00, 0x00, 0x00, 0x00,
0x00, 0x00, 0x00, 0x00, 0x00, 0x00, 0x00, 0x00, 0x00, 0x00, 0x00, 0x00, 0x00, 0x00, 0x00, 0x00,
0x00, 0x00, 0x00, 0x00, 0x00, 0x00, 0x00, 0x00, 0x00, 0x00, 0x00, 0x00, 0x00, 0x00, 0x00, 0x00,
0x00, 0x00, 0x00, 0x00, 0x00, 0x00, 0x00, 0x00, 0x00, 0x00, 0x00, 0x00, 0x00, 0x00, 0x00, 0x00,
0x00, 0x00, 0x00, 0x00, 0x00, 0x00, 0x00, 0x00, 0x00, 0x00, 0x00, 0x00, 0x00, 0x00, 0x00, 0x00,
0x00, 0x00, 0x00, 0x00, 0x00, 0x00, 0x00, 0x00, 0x00, 0x00, 0x00, 0x00, 0x00, 0x00, 0x00, 0x00,
0x00, 0x00, 0x00, 0x00, 0x00, 0x00, 0x00, 0x00, 0x00, 0x00, 0x00, 0x00, 0x00, 0x00, 0x00, 0x00,
0x00, 0x00, 0x00, 0x00, 0x00, 0x00, 0x00, 0x00, 0x00, 0x00, 0x00, 0x00, 0x00, 0x00, 0x00, 0x00,
0x00, 0x00, 0x00, 0x00, 0xbc, 0xd3, 0x2c, 0x17, 0xbd, 0xd2, 0x2c, 0xdd, 0xae, 0xc2, 0x23, 0xf9,
0xbb, 0xcf, 0x2b, 0xff, 0xbe, 0xd3, 0x2d, 0xff, 0x93, 0xa1, 0x23, 0xff, 0x6a, 0x72, 0x1a, 0xff,
0x6a, 0x72, 0x1a, 0xff, 0x93, 0xa1, 0x23, 0xff, 0xbf, 0xd4, 0x2d, 0xff, 0xb2, 0xd0, 0x3c, 0xff,
0x19, 0xa2, 0xe6, 0xff, 0x57, 0xc8, 0xfa, 0xfb, 0x85, 0xe4, 0xfc, 0xe8, 0x8b, 0xe8, 0xff, 0x21,
0x00, 0x00, 0x00, 0x00, 0x00, 0x00, 0x00, 0x00, 0x00, 0x00, 0x00, 0x00, 0x00, 0x00, 0x00, 0x00,
0x00, 0x00, 0x00, 0x00, 0x00, 0x00, 0x00, 0x00, 0x00, 0x00, 0x00, 0x00, 0x00, 0x00, 0x00, 0x00,
0x00, 0x00, 0x00, 0x00, 0x00, 0x00, 0x00, 0x00, 0x00, 0x00, 0x00, 0x00, 0x00, 0x00, 0x00, 0x00,
0x00, 0x00, 0x00, 0x00, 0x00, 0x00, 0x00, 0x00, 0x00, 0x00, 0x00, 0x00, 0x00, 0x00, 0x00, 0x00,
0x00, 0x00, 0x00, 0x00, 0x00, 0x00, 0x00, 0x00, 0x00, 0x00, 0x00, 0x00, 0x00, 0x00, 0x00, 0x00,
0x00, 0x00, 0x00, 0x00, 0x00, 0x00, 0x00, 0x00, 0x00, 0x00, 0x00, 0x00, 0x00, 0x00, 0x00, 0x00,
0x00, 0x00, 0x00, 0x00, 0x00, 0x00, 0x00, 0x00, 0x00, 0x00, 0x00, 0x00, 0x00, 0x00, 0x00, 0x00,
0x00, 0x00, 0x00, 0x00, 0x00, 0x00, 0x00, 0x00, 0x00, 0x00, 0x00, 0x00, 0x00, 0x00, 0x00, 0x00,
0xbc, 0xd3, 0x2c, 0x17, 0xbd, 0xd2, 0x2c, 0xdd, 0xac, 0xc0, 0x22, 0xf9, 0x89, 0x95, 0x0e, 0xff,
0x95, 0xa3, 0x15, 0xff, 0xb9, 0xcc, 0x2a, 0xff, 0xbf, 0xd4, 0x2d, 0xff, 0xbf, 0xd4, 0x2d, 0xff,
0xbf, 0xd4, 0x2d, 0xff, 0xbf, 0xd4, 0x2d, 0xff, 0xaa, 0xcd, 0x44, 0xff, 0x34, 0xaa, 0xc6, 0xff,
0x0b, 0x9e, 0xf5, 0xff, 0x0c, 0x9e, 0xf5, 0xff, 0x57, 0xc8, 0xfa, 0xfb, 0x85, 0xe4, 0xfc, 0xe8,
0x8b, 0xe8, 0xff, 0x21, 0x00, 0x00, 0x00, 0x00, 0x00, 0x00, 0x00, 0x00, 0x00, 0x00, 0x00, 0x00,
0x00, 0x00, 0x00, 0x00, 0x00, 0x00, 0x00, 0x00, 0x00, 0x00, 0x00, 0x00, 0x00, 0x00, 0x00, 0x00,
0x00, 0x00, 0x00, 0x00, 0x00, 0x00, 0x00, 0x00, 0x00, 0x00, 0x00, 0x00, 0x00, 0x00, 0x00, 0x00,
0x00, 0x00, 0x00, 0x00, 0x00, 0x00, 0x00, 0x00, 0x00, 0x00, 0x00, 0x00, 0x00, 0x00, 0x00, 0x00,
0x00, 0x00, 0x00, 0x00, 0x00, 0x00, 0x00, 0x00, 0x00, 0x00, 0x00, 0x00, 0x00, 0x00, 0x00, 0x00,
0x00, 0x00, 0x00, 0x00, 0x00, 0x00, 0x00, 0x00, 0x00, 0x00, 0x00, 0x00, 0x00, 0x00, 0x00, 0x00,
0x00, 0x00, 0x00, 0x00, 0x00, 0x00, 0x00, 0x00, 0x00, 0x00, 0x00, 0x00, 0x00, 0x00, 0x00, 0x00,
0xc6, 0xc6, 0x39, 0x09, 0xbd, 0xd3, 0x2c, 0x46, 0xbe, 0xd3, 0x2c, 0x62, 0xbc, 0xd4, 0x2b, 0x41,
0xbd, 0xd2, 0x2c, 0xdd, 0xac, 0xc0, 0x22, 0xf9, 0x89, 0x95, 0x0e, 0xff, 0x88, 0x94, 0x0d, 0xff,
0x88, 0x94, 0x0e, 0xff, 0xac, 0xbe, 0x22, 0xf9, 0xbe, 0xd3, 0x2c, 0xed, 0xbd, 0xd6, 0x39, 0xad,
0xaa, 0xda, 0x7c, 0xf5, 0x83, 0xcd, 0xa5, 0xfc, 0x13, 0xa0, 0xed, 0xff, 0x0b, 0x9e, 0xf5, 0xff,
0x0b, 0x9e, 0xf5, 0xff, 0x0b, 0x9e, 0xf5, 0xff, 0x0c, 0x9e, 0xf5, 0xff, 0x57, 0xc8, 0xfa, 0xfb,
0x85, 0xe4, 0xfd, 0xe8, 0x8b, 0xe8, 0xff, 0x21, 0x00, 0x00, 0x00, 0x00, 0x00, 0x00, 0x00, 0x00,
0x00, 0x00, 0x00, 0x00, 0x00, 0x00, 0x00, 0x00, 0x00, 0x00, 0x00, 0x00, 0x00, 0x00, 0x00, 0x00,
0x00, 0x00, 0x00, 0x00, 0x00, 0x00, 0x00, 0x00, 0x00, 0x00, 0x00, 0x00, 0x00, 0x00, 0x00, 0x00,
0x00, 0x00, 0x00, 0x00, 0x00, 0x00, 0x00, 0x00, 0x00, 0x00, 0x00, 0x00, 0x00, 0x00, 0x00, 0x00,
0x00, 0x00, 0x00, 0x00, 0x00, 0x00, 0x00, 0x00, 0x00, 0x00, 0x00, 0x00, 0x00, 0x00, 0x00, 0x00,
0x00, 0x00, 0x00, 0x00, 0x00, 0x00, 0x00, 0x00, 0x00, 0x00, 0x00, 0x00, 0x00, 0x00, 0x00, 0x00,
0x00, 0x00, 0x00, 0x00, 0x00, 0x00, 0x00, 0x00, 0x00, 0x00, 0x00, 0x00, 0xc0, 0xd3, 0x2c, 0x51,
0xbf, 0xd4, 0x2d, 0xe7, 0xbf, 0xd4, 0x2d, 0xff, 0xbf, 0xd4, 0x2d, 0xff, 0xbf, 0xd4, 0x2d, 0xff,
0xbd, 0xd2, 0x2b, 0xfe, 0x95, 0xa2, 0x14, 0xff, 0x88, 0x94, 0x0d, 0xff, 0x88, 0x94, 0x0e, 0xff,
0xac, 0xbd, 0x21, 0xf9, 0xbd, 0xd2, 0x2b, 0xe1, 0xba, 0xd8, 0x31, 0x1a, 0x00, 0x00, 0x00, 0x00,
0x88, 0xe6, 0xff, 0x1e, 0x85, 0xe3, 0xfd, 0xe6, 0x59, 0xcb, 0xfa, 0xfa, 0x0c, 0x9e, 0xf5, 0xff,
0x0b, 0x9e, 0xf5, 0xff, 0x0b, 0x9e, 0xf5, 0xff, 0x0b, 0x9e, 0xf5, 0xff, 0x0c, 0x9e, 0xf5, 0xff,
0x55, 0xc8, 0xf9, 0xfb, 0x85, 0xe4, 0xfc, 0xea, 0x8a, 0xe9, 0xff, 0x23, 0x00, 0x00, 0x00, 0x00,
0x00, 0x00, 0x00, 0x00, 0x00, 0x00, 0x00, 0x00, 0x00, 0x00, 0x00, 0x00, 0x00, 0x00, 0x00, 0x00,
0x00, 0x00, 0x00, 0x00, 0x00, 0x00, 0x00, 0x00, 0x00, 0x00, 0x00, 0x00, 0x00, 0x00, 0x00, 0x00,
0x00, 0x00, 0x00, 0x00, 0x00, 0x00, 0x00, 0x00, 0x00, 0x00, 0x00, 0x00, 0x00, 0x00, 0x00, 0x00,
0x00, 0x00, 0x00, 0x00, 0x00, 0x00, 0x00, 0x00, 0x00, 0x00, 0x00, 0x00, 0x00, 0x00, 0x00, 0x00,
0x00, 0x00, 0x00, 0x00, 0x00, 0x00, 0x00, 0x00, 0x00, 0x00, 0x00, 0x00, 0x00, 0x00, 0x00, 0x00,
0x00, 0x00, 0x00, 0x00, 0x00, 0x00, 0x00, 0x00, 0xc0, 0xd5, 0x2d, 0x55, 0xbf, 0xd4, 0x2d, 0xfe,
0xbf, 0xd4, 0x2d, 0xff, 0xbf, 0xd4, 0x2d, 0xfa, 0xbf, 0xd4, 0x2d, 0xfb, 0xbf, 0xd4, 0x2d, 0xff,
0xbf, 0xd4, 0x2d, 0xff, 0xbe, 0xd2, 0x2c, 0xff, 0x93, 0xa1, 0x14, 0xff, 0xac, 0xbd, 0x21, 0xf9,
0xbd, 0xd2, 0x2b, 0xe1, 0xba, 0xd8, 0x31, 0x1a, 0x00, 0x00, 0x00, 0x00, 0x00, 0x00, 0x00, 0x00,
0x00, 0x00, 0x00, 0x00, 0x88, 0xe6, 0xff, 0x1e, 0x85, 0xe3, 0xfd, 0xe6, 0x59, 0xcb, 0xfa, 0xfa,
0x0c, 0x9e, 0xf5, 0xff, 0x0b, 0x9e, 0xf5, 0xff, 0x0b, 0x9e, 0xf5, 0xff, 0x0b, 0x9e, 0xf5, 0xff,
0x0c, 0x9e, 0xf5, 0xff, 0x55, 0xc8, 0xf9, 0xfb, 0x85, 0xe4, 0xfc, 0xea, 0x8a, 0xe9, 0xff, 0x23,
0x00, 0x00, 0x00, 0x00, 0x00, 0x00, 0x00, 0x00, 0x00, 0x00, 0x00, 0x00, 0x00, 0x00, 0x00, 0x00,
0x00, 0x00, 0x00, 0x00, 0x00, 0x00, 0x00, 0x00, 0x00, 0x00, 0x00, 0x00, 0x00, 0x00, 0x00, 0x00,
0x00, 0x00, 0x00, 0x00, 0x00, 0x00, 0x00, 0x00, 0x00, 0x00, 0x00, 0x00, 0x00, 0x00, 0x00, 0x00,
0x00, 0x00, 0x00, 0x00, 0x00, 0x00, 0x00, 0x00, 0x00, 0x00, 0x00, 0x00, 0x00, 0x00, 0x00, 0x00,
0x00, 0x00, 0x00, 0x00, 0x00, 0x00, 0x00, 0x00, 0x00, 0x00, 0x00, 0x00, 0x00, 0x00, 0x00, 0x00,
0x00, 0x00, 0x00, 0x00, 0xbb, 0xcc, 0x33, 0x0f, 0xc0, 0xd4, 0x2d, 0xed, 0xbf, 0xd4, 0x2d, 0xff,
0xc0, 0xd4, 0x2e, 0xc9, 0xbe, 0xd3, 0x2b, 0xe0, 0xac, 0xc0, 0x22, 0xf9, 0x92, 0x9f, 0x13, 0xff,
0xb6, 0xc9, 0x28, 0xff, 0xbf, 0xd4, 0x2d, 0xff, 0xbc, 0xd1, 0x2b, 0xfe, 0xbd, 0xd2, 0x2b, 0xe1,
0xba, 0xd8, 0x31, 0x1a, 0x00, 0x00, 0x00, 0x00, 0x00, 0x00, 0x00, 0x00, 0x00, 0x00, 0x00, 0x00,
0x00, 0x00, 0x00, 0x00, 0x00, 0x00, 0x00, 0x00, 0x8b, 0xe8, 0xff, 0x21, 0x85, 0xe4, 0xfc, 0xe8,
0x57, 0xc8, 0xfa, 0xfb, 0x0c, 0x9e, 0xf5, 0xff, 0x0b, 0x9e, 0xf5, 0xff, 0x0b, 0x9e, 0xf5, 0xff,
0x0b, 0x9e, 0xf5, 0xff, 0x0c, 0x9e, 0xf5, 0xff, 0x57, 0xc8, 0xfa, 0xfb, 0x85, 0xe3, 0xfd, 0xe6,
0x92, 0xed, 0xff, 0x0e, 0x00, 0x00, 0x00, 0x00, 0x00, 0x00, 0x00, 0x00, 0x00, 0x00, 0x00, 0x00,
0x00, 0x00, 0x00, 0x00, 0x00, 0x00, 0x00, 0x00, 0x00, 0x00, 0x00, 0x00, 0x00, 0x00, 0x00, 0x00,
0x00, 0x00, 0x00, 0x00, 0x00, 0x00, 0x00, 0x00, 0x00, 0x00, 0x00, 0x00, 0x00, 0x00, 0x00, 0x00,
0x00, 0x00, 0x00, 0x00, 0x00, 0x00, 0x00, 0x00, 0x00, 0x00, 0x00, 0x00, 0x00, 0x00, 0x00, 0x00,
0x00, 0x00, 0x00, 0x00, 0x00, 0x00, 0x00, 0x00, 0x00, 0x00, 0x00, 0x00, 0x00, 0x00, 0x00, 0x00,
0x00, 0x00, 0x00, 0x00, 0xbf, 0xd5, 0x2d, 0x5b, 0xbf, 0xd4, 0x2d, 0xff, 0xbf, 0xd4, 0x2d, 0xf3,
0xbe, 0xd2, 0x2b, 0xe2, 0xac, 0xbe, 0x22, 0xf8, 0x88, 0x94, 0x0e, 0xff, 0x88, 0x94, 0x0d, 0xff,
0x91, 0x9f, 0x14, 0xff, 0xbf, 0xd4, 0x2d, 0xff, 0xbf, 0xd4, 0x2d, 0xff, 0xbd, 0xd5, 0x2e, 0x42,
0x00, 0x00, 0x00, 0x00, 0x00, 0x00, 0x00, 0x00, 0x00, 0x00, 0x00, 0x00, 0x00, 0x00, 0x00, 0x00,
0x00, 0x00, 0x00, 0x00, 0x00, 0x00, 0x00, 0x00, 0x00, 0x00, 0x00, 0x00, 0x8b, 0xe8, 0xff, 0x21,
0x85, 0xe4, 0xfc, 0xe8, 0x57, 0xc8, 0xfa, 0xfb, 0x0c, 0x9e, 0xf5, 0xff, 0x0b, 0x9e, 0xf5, 0xff,
0x0b, 0x9e, 0xf5, 0xff, 0x0b, 0x9e, 0xf5, 0xff, 0x0c, 0x9e, 0xf5, 0xff, 0x77, 0xdd, 0xfc, 0xf4,
0x8a, 0xe5, 0xfc, 0x57, 0x00, 0x00, 0x00, 0x00, 0x00, 0x00, 0x00, 0x00, 0x00, 0x00, 0x00, 0x00,
0x00, 0x00, 0x00, 0x00, 0x00, 0x00, 0x00, 0x00, 0x00, 0x00, 0x00, 0x00, 0x00, 0x00, 0x00, 0x00,
0x00, 0x00, 0x00, 0x00, 0x00, 0x00, 0x00, 0x00, 0x00, 0x00, 0x00, 0x00, 0x00, 0x00, 0x00, 0x00,
0x00, 0x00, 0x00, 0x00, 0x00, 0x00, 0x00, 0x00, 0x00, 0x00, 0x00, 0x00, 0x00, 0x00, 0x00, 0x00,
0x00, 0x00, 0x00, 0x00, 0x00, 0x00, 0x00, 0x00, 0x00, 0x00, 0x00, 0x00, 0x00, 0x00, 0x00, 0x00,
0x00, 0x00, 0x00, 0x00, 0xbf, 0xd4, 0x2d, 0x77, 0xbf, 0xd4, 0x2d, 0xff, 0xbf, 0xd3, 0x2c, 0xe7,
0xb0, 0xc3, 0x25, 0xf8, 0x88, 0x94, 0x0e, 0xff, 0x88, 0x94, 0x0d, 0xff, 0x88, 0x94, 0x0e, 0xff,
0xab, 0xbe, 0x22, 0xfa, 0xbf, 0xd3, 0x2d, 0xfc, 0xbf, 0xd4, 0x2d, 0xff, 0xbf, 0xd3, 0x2c, 0x5c,
0x00, 0x00, 0x00, 0x00, 0x00, 0x00, 0x00, 0x00, 0x00, 0x00, 0x00, 0x00, 0x00, 0x00, 0x00, 0x00,
0x00, 0x00, 0x00, 0x00, 0x00, 0x00, 0x00, 0x00, 0x00, 0x00, 0x00, 0x00, 0x00, 0x00, 0x00, 0x00,
0x8b, 0xe8, 0xff, 0x21, 0x85, 0xe4, 0xfc, 0xe8, 0x57, 0xc8, 0xfa, 0xfb, 0x0c, 0x9e, 0xf5, 0xff,
0x0b, 0x9e, 0xf5, 0xff, 0x0b, 0x9e, 0xf5, 0xff, 0x20, 0xaa, 0xf7, 0xff, 0x85, 0xe2, 0xfc, 0xf9,
0x89, 0xe6, 0xff, 0x34, 0x00, 0x00, 0x00, 0x00, 0x00, 0x00, 0x00, 0x00, 0x00, 0x00, 0x00, 0x00,
0x00, 0x00, 0x00, 0x00, 0x00, 0x00, 0x00, 0x00, 0x00, 0x00, 0x00, 0x00, 0x00, 0x00, 0x00, 0x00,
0x00, 0x00, 0x00, 0x00, 0x00, 0x00, 0x00, 0x00, 0x00, 0x00, 0x00, 0x00, 0x00, 0x00, 0x00, 0x00,
0x00, 0x00, 0x00, 0x00, 0x00, 0x00, 0x00, 0x00, 0x00, 0x00, 0x00, 0x00, 0x00, 0x00, 0x00, 0x00,
0x00, 0x00, 0x00, 0x00, 0x00, 0x00, 0x00, 0x00, 0x00, 0x00, 0x00, 0x00, 0x00, 0x00, 0x00, 0x00,
0x00, 0x00, 0x00, 0x00, 0xbf, 0xd3, 0x2c, 0x4c, 0xbf, 0xd4, 0x2d, 0xff, 0xbf, 0xd5, 0x2d, 0xfc,
0xa3, 0xb2, 0x1c, 0xff, 0x88, 0x94, 0x0d, 0xff, 0x88, 0x94, 0x0e, 0xff, 0xab, 0xbe, 0x22, 0xfa,
0xbd, 0xd2, 0x2c, 0xe3, 0xbf, 0xd4, 0x2d, 0xfb, 0xbf, 0xd4, 0x2d, 0xff, 0xbe, 0xd5, 0x2e, 0x43,
0x00, 0x00, 0x00, 0x00, 0x00, 0x00, 0x00, 0x00, 0x00, 0x00, 0x00, 0x00, 0x00, 0x00, 0x00, 0x00,
0x00, 0x00, 0x00, 0x00, 0x00, 0x00, 0x00, 0x00, 0x00, 0x00, 0x00, 0x00, 0x00, 0x00, 0x00, 0x00,
0x00, 0x00, 0x00, 0x00, 0x8b, 0xe8, 0xff, 0x21, 0x86, 0xe3, 0xfd, 0xe7, 0x57, 0xc9, 0xfa, 0xfa,
0x0c, 0x9e, 0xf5, 0xff, 0x20, 0xaa, 0xf7, 0xff, 0x82, 0xe1, 0xfc, 0xf9, 0x86, 0xe4, 0xfd, 0x83,
0x00, 0x00, 0x00, 0x00, 0x00, 0x00, 0x00, 0x00, 0x00, 0x00, 0x00, 0x00, 0x00, 0x00, 0x00, 0x00,
0x00, 0x00, 0x00, 0x00, 0x00, 0x00, 0x00, 0x00, 0x00, 0x00, 0x00, 0x00, 0x00, 0x00, 0x00, 0x00,
0x00, 0x00, 0x00, 0x00, 0x00, 0x00, 0x00, 0x00, 0x00, 0x00, 0x00, 0x00, 0x00, 0x00, 0x00, 0x00,
0x00, 0x00, 0x00, 0x00, 0x00, 0x00, 0x00, 0x00, 0x00, 0x00, 0x00, 0x00, 0x00, 0x00, 0x00, 0x00,
0x00, 0x00, 0x00, 0x00, 0x00, 0x00, 0x00, 0x00, 0x00, 0x00, 0x00, 0x00, 0x00, 0x00, 0x00, 0x00,
0x00, 0x00, 0x00, 0x00, 0xb6, 0xdb, 0x24, 0x0e, 0xbf, 0xd4, 0x2d, 0xef, 0xbf, 0xd4, 0x2d, 0xff,
0xbd, 0xd2, 0x2b, 0xfd, 0xa1, 0xb1, 0x1b, 0xff, 0xaf, 0xc2, 0x24, 0xf8, 0xbd, 0xd2, 0x2c, 0xe3,
0xbf, 0xd4, 0x2d, 0xcb, 0xbf, 0xd4, 0x2d, 0xff, 0xbf, 0xd5, 0x2d, 0xe4, 0xb6, 0xdb, 0x24, 0x07,
0x00, 0x00, 0x00, 0x00, 0x00, 0x00, 0x00, 0x00, 0x00, 0x00, 0x00, 0x00, 0x00, 0x00, 0x00, 0x00,
0x00, 0x00, 0x00, 0x00, 0x00, 0x00, 0x00, 0x00, 0x00, 0x00, 0x00, 0x00, 0x00, 0x00, 0x00, 0x00,
0x00, 0x00, 0x00, 0x00, 0x00, 0x00, 0x00, 0x00, 0x8b, 0xe8, 0xff, 0x21, 0x86, 0xe3, 0xfd, 0xe5,
0x7b, 0xde, 0xfc, 0xf5, 0x85, 0xe3, 0xfd, 0xf9, 0x86, 0xe4, 0xfd, 0x83, 0x00, 0x00, 0x00, 0x00,
0x00, 0x00, 0x00, 0x00, 0x00, 0x00, 0x00, 0x00, 0x00, 0x00, 0x00, 0x00, 0x00, 0x00, 0x00, 0x00,
0x00, 0x00, 0x00, 0x00, 0x00, 0x00, 0x00, 0x00, 0x00, 0x00, 0x00, 0x00, 0x00, 0x00, 0x00, 0x00,
0x00, 0x00, 0x00, 0x00, 0x00, 0x00, 0x00, 0x00, 0x00, 0x00, 0x00, 0x00, 0x00, 0x00, 0x00, 0x00,
0x00, 0x00, 0x00, 0x00, 0x00, 0x00, 0x00, 0x00, 0x00, 0x00, 0x00, 0x00, 0x00, 0x00, 0x00, 0x00,
0x00, 0x00, 0x00, 0x00, 0x00, 0x00, 0x00, 0x00, 0x00, 0x00, 0x00, 0x00, 0x00, 0x00, 0x00, 0x00,
0x00, 0x00, 0x00, 0x00, 0x00, 0x00, 0x00, 0x00, 0xc0, 0xd4, 0x2e, 0x59, 0xbf, 0xd4, 0x2d, 0xff,
0xbf, 0xd4, 0x2d, 0xff, 0xbe, 0xd5, 0x2c, 0xfd, 0xbe, 0xd4, 0x2c, 0xeb, 0xc0, 0xd5, 0x2d, 0xf6,
0xbf, 0xd4, 0x2d, 0xff, 0xbe, 0xd4, 0x2d, 0xfd, 0xbe, 0xd5, 0x2e, 0x4e, 0x00, 0x00, 0x00, 0x00,
0x00, 0x00, 0x00, 0x00, 0x00, 0x00, 0x00, 0x00, 0x00, 0x00, 0x00, 0x00, 0x00, 0x00, 0x00, 0x00,
0x00, 0x00, 0x00, 0x00, 0x00, 0x00, 0x00, 0x00, 0x00, 0x00, 0x00, 0x00, 0x00, 0x00, 0x00, 0x00,
0x00, 0x00, 0x00, 0x00, 0x00, 0x00, 0x00, 0x00, 0x00, 0x00, 0x00, 0x00, 0x80, 0xea, 0xff, 0x0c,
0x8b, 0xe5, 0xfc, 0x4d, 0x88, 0xe4, 0xff, 0x2f, 0x00, 0x00, 0x00, 0x00, 0x00, 0x00, 0x00, 0x00,
0x00, 0x00, 0x00, 0x00, 0x00, 0x00, 0x00, 0x00, 0x00, 0x00, 0x00, 0x00, 0x00, 0x00, 0x00, 0x00,
0x00, 0x00, 0x00, 0x00, 0x00, 0x00, 0x00, 0x00, 0x00, 0x00, 0x00, 0x00, 0x00, 0x00, 0x00, 0x00,
0x00, 0x00, 0x00, 0x00, 0x00, 0x00, 0x00, 0x00, 0x00, 0x00, 0x00, 0x00, 0x00, 0x00, 0x00, 0x00,
0x00, 0x00, 0x00, 0x00, 0x00, 0x00, 0x00, 0x00, 0x00, 0x00, 0x00, 0x00, 0x00, 0x00, 0x00, 0x00,
0x00, 0x00, 0x00, 0x00, 0x00, 0x00, 0x00, 0x00, 0x00, 0x00, 0x00, 0x00, 0x00, 0x00, 0x00, 0x00,
0x00, 0x00, 0x00, 0x00, 0x00, 0x00, 0x00, 0x00, 0x00, 0x00, 0x00, 0x00, 0xbf, 0xd4, 0x2e, 0x58,
0xbf, 0xd4, 0x2d, 0xef, 0xbf, 0xd4, 0x2d, 0xff, 0xbf, 0xd4, 0x2d, 0xff, 0xbf, 0xd4, 0x2d, 0xff,
0xbf, 0xd4, 0x2c, 0xeb, 0xbe, 0xd4, 0x2e, 0x53, 0x00, 0x00, 0x00, 0x00, 0x00, 0x00, 0x00, 0x00,
0x00, 0x00, 0x00, 0x00, 0x00, 0x00, 0x00, 0x00, 0x00, 0x00, 0x00, 0x00, 0x00, 0x00, 0x00, 0x00,
0x00, 0x00, 0x00, 0x00, 0x00, 0x00, 0x00, 0x00, 0x00, 0x00, 0x00, 0x00, 0x00, 0x00, 0x00, 0x00,
0x00, 0x00, 0x00, 0x00, 0x00, 0x00, 0x00, 0x00, 0x00, 0x00, 0x00, 0x00, 0x00, 0x00, 0x00, 0x00,
0x00, 0x00, 0x00, 0x00, 0x00, 0x00, 0x00, 0x00, 0x00, 0x00, 0x00, 0x00, 0x00, 0x00, 0x00, 0x00,
0x00, 0x00, 0x00, 0x00, 0x00, 0x00, 0x00, 0x00, 0x00, 0x00, 0x00, 0x00, 0x00, 0x00, 0x00, 0x00,
0x00, 0x00, 0x00, 0x00, 0x00, 0x00, 0x00, 0x00, 0x00, 0x00, 0x00, 0x00, 0x00, 0x00, 0x00, 0x00,
0x00, 0x00, 0x00, 0x00, 0x00, 0x00, 0x00, 0x00, 0x00, 0x00, 0x00, 0x00, 0x00, 0x00, 0x00, 0x00,
0x00, 0x00, 0x00, 0x00, 0x00, 0x00, 0x00, 0x00, 0x00, 0x00, 0x00, 0x00, 0x00, 0x00, 0x00, 0x00,
0x00, 0x00, 0x00, 0x00, 0x00, 0x00, 0x00, 0x00, 0x00, 0x00, 0x00, 0x00, 0x00, 0x00, 0x00, 0x00,
0x00, 0x00, 0x00, 0x00, 0x00, 0x00, 0x00, 0x00, 0x00, 0x00, 0x00, 0x00, 0x00, 0x00, 0x00, 0x00,
0xbf, 0xd5, 0x2b, 0x0c, 0xbe, 0xd3, 0x2c, 0x4b, 0xbe, 0xd4, 0x2d, 0x76, 0xc0, 0xd5, 0x2d, 0x55,
0xc4, 0xd8, 0x27, 0x0d, 0x00, 0x00, 0x00, 0x00, 0x00, 0x00, 0x00, 0x00, 0x00, 0x00, 0x00, 0x00,
0x00, 0x00, 0x00, 0x00, 0x00, 0x00, 0x00, 0x00, 0x00, 0x00, 0x00, 0x00, 0x00, 0x00, 0x00, 0x00,
0x00, 0x00, 0x00, 0x00, 0x00, 0x00, 0x00, 0x00, 0x00, 0x00, 0x00, 0x00, 0x00, 0x00, 0x00, 0x00,
0x00, 0x00, 0x00, 0x00, 0x00, 0x00, 0x00, 0x00, 0x00, 0x00, 0x00, 0x00, 0x00, 0x00, 0x00, 0x00,
0x00, 0x00, 0x00, 0x00, 0x00, 0x00, 0x00, 0x00, 0x00, 0x00, 0x00, 0x00, 0x00, 0x00, 0x00, 0x00,
0x00, 0x00, 0x00, 0x00, 0x00, 0x00, 0x00, 0x00, 0x00, 0x00, 0x00, 0x00, 0x00, 0x00, 0x00, 0x00,
0x00, 0x00, 0x00, 0x00, 0x00, 0x00, 0x00, 0x00, 0x00, 0x00, 0x00, 0x00, 0x00, 0x00, 0x00, 0x00,
0x00, 0x00, 0x00, 0x00, 0x00, 0x00, 0x00, 0x00, 0x00, 0x00, 0x00, 0x00, 0x00, 0x00, 0x00, 0x00,
0x00, 0x00, 0x00, 0x00, 0x00, 0x00, 0x00, 0x00, 0x00, 0x00, 0x00, 0x00, 0x00, 0x00, 0x00, 0x00,
0x00, 0x00, 0x00, 0x00, 0x00, 0x00, 0x00, 0x00, 0x00, 0x00, 0x00, 0x00, 0x00, 0x00, 0x00, 0x00,
0x00, 0x00, 0x00, 0x00, 0x00, 0x00, 0x00, 0x00, 0x00, 0x00, 0x00, 0x00, 0x00, 0x00, 0x00, 0x00,
0x00, 0x00, 0x00, 0x00, 0x00, 0x00, 0x00, 0x00, 0x00, 0x00, 0x00, 0x00, 0x00, 0x00, 0x00, 0x00,
0x00, 0x00, 0x00, 0x00, 0x00, 0x00, 0x00, 0x00, 0x00, 0x00, 0x00, 0x00, 0x00, 0x00, 0x00, 0x00,
0x00, 0x00, 0x00, 0x00, 0x00, 0x00, 0x00, 0x00, 0x00, 0x00, 0x00, 0x00, 0x00, 0x00, 0x00, 0x00,
0x00, 0x00, 0x00, 0x00, 0x00, 0x00, 0x00, 0x00, 0x00, 0x00, 0x00, 0x00, 0x00, 0x00, 0x00, 0x00,
0x00, 0x00, 0x00, 0x00, 0x00, 0x00, 0x00, 0x00, 0x00, 0x00, 0x00, 0x00, 0x00, 0x00, 0x00, 0x00,
0x00, 0x00, 0x00, 0x00, 0x00, 0x00, 0x00, 0x00, 0x00, 0x00, 0x00, 0x00, 0x00, 0x00, 0x00, 0x00,
0x00, 0x00, 0x00, 0x00, 0x00, 0x00, 0x00, 0x00, 0x00, 0x00, 0x00, 0x00, 0x00, 0x00, 0x00, 0x00,
0x00, 0x00, 0x00, 0x00, 0x00, 0x00, 0x00, 0x00, 0x00, 0x00, 0x00, 0x00, 0x00, 0x00, 0x00, 0x00,
0x00, 0x00, 0x00, 0x00, 0x00, 0x00, 0x00, 0x00, 0x00, 0x00, 0x00, 0x00, 0x00, 0x00, 0x00, 0x00,
0x00, 0x00, 0x00, 0x00, 0x00, 0x00, 0x00, 0x00, 0x00, 0x00, 0x00, 0x00, 0x00, 0x00, 0x00, 0x00,
0x00, 0x00, 0x00, 0x00, 0x00, 0x00, 0x00, 0x00, 0x00, 0x00, 0x00, 0x00, 0x00, 0x00, 0x00, 0x00,
0x00, 0x00, 0x00, 0x00, 0x00, 0x00, 0x00, 0x00, 0x00, 0x00, 0x00, 0x00, 0x00, 0x00, 0x00, 0x00,
0x00, 0x00, 0x00, 0x00, 0x00, 0x00, 0x00, 0x00, 0x00, 0x00, 0x00, 0x00, 0x00, 0x00, 0x00, 0x00,
0x00, 0x00, 0x00, 0x00, 0x00, 0x00, 0x00, 0x00, 0x00, 0x00, 0x00, 0x00, 0x00, 0x00, 0x00, 0x00,
0x00, 0x00, 0x00, 0x00, 0x00, 0x00, 0x00, 0x00, 0x00, 0x00, 0x00, 0x00, 0x00, 0x00, 0x00, 0x00,
0x00, 0x00, 0x00, 0x00, 0x00, 0x00, 0x00, 0x00, 0x00, 0x00, 0x00, 0x00, 0x00, 0x00, 0x00, 0x00,
0x00, 0x00, 0x00, 0x00, 0x00, 0x00, 0x00, 0x00, 0x00, 0x00, 0x00, 0x00, 0x00, 0x00, 0x00, 0x00,
0x00, 0x00, 0x00, 0x00, 0x00, 0x00, 0x00, 0x00, 0x00, 0x00, 0x00, 0x00, 0x00, 0x00, 0x00, 0x00,
0x00, 0x00, 0x00, 0x00, 0x00, 0x00, 0x00, 0x00, 0x00, 0x00, 0x00, 0x00, 0x00, 0x00, 0x00, 0x00,
0x00, 0x00, 0x00, 0x00, 0x00, 0x00, 0x00, 0x00, 0x00, 0x00, 0x00, 0x00, 0x00, 0x00, 0x00, 0x00,
0x00, 0x00, 0x00, 0x00, 0x00, 0x00, 0x00, 0x00, 0x00, 0x00, 0x00, 0x00, 0x00, 0x00, 0x00, 0x00,
0x00, 0x00, 0x00, 0x00, 0x00, 0x00, 0x00, 0x00, 0x00, 0x00, 0x00, 0x00, 0x00, 0x00, 0x00, 0x00,
0x00, 0x00, 0x00, 0x00, 0x00, 0x00, 0x00, 0x00, 0x00, 0x00, 0x00, 0x00, 0x00, 0x00, 0x00, 0x00,
0x00, 0x00, 0x00, 0x00, 0x00, 0x00, 0x00, 0x00, 0x00, 0x00, 0x00, 0x00, 0x00, 0x00, 0x00, 0x00,
0x00, 0x00, 0x00, 0x00, 0x00, 0x00, 0x00, 0x00, 0x00, 0x00, 0x00, 0x00, 0x00, 0x00, 0x00, 0x00,
0x00, 0x00, 0x00, 0x00, 0x00, 0x00, 0x00, 0x00, 0x00, 0x00, 0x00, 0x00, 0x00, 0x00, 0x00, 0x00,
0x00, 0x00, 0x00, 0x00, 0x00, 0x00, 0x00, 0x00, 0x00, 0x00, 0x00, 0x00, 0x00, 0x00, 0x00, 0x00,
0x00, 0x00, 0x00, 0x00, 0x00, 0x00, 0x00, 0x00, 0x00, 0x00, 0x00, 0x00, 0x00, 0x00, 0x00, 0x00,
0x00, 0x00, 0x00, 0x00, 0x00, 0x00, 0x00, 0x00, 0x00, 0x00, 0x00, 0x00, 0x00, 0x00, 0x00, 0x00,
0x00, 0x00, 0x00, 0x00, 0x00, 0x00, 0x00, 0x00, 0x00, 0x00, 0x00, 0x00, 0x00, 0x00, 0x00, 0x00,
0x00, 0x00, 0x00, 0x00, 0x00, 0x00, 0x00, 0x00, 0x00, 0x00, 0x00, 0x00, 0x00, 0x00, 0x00, 0x00,
0x00, 0x00, 0x00, 0x00, 0x00, 0x00, 0x00, 0x00, 0x00, 0x00, 0x00, 0x00, 0x00, 0x00, 0x00, 0x00,
0x00, 0x00, 0x00, 0x00, 0x00, 0x00, 0x00, 0x00, 0x00, 0x00, 0x00, 0x00, 0x00, 0x00, 0x00, 0x00,
0x00, 0x00, 0x00, 0x00, 0x00, 0x00, 0x00, 0x00, 0x00, 0x00, 0x00, 0x00, 0x00, 0x00, 0x00, 0x00,
0x00, 0x00, 0x00, 0x00, 0x00, 0x00, 0x00, 0x00, 0x00, 0x00, 0x00, 0x00, 0x00, 0x00, 0x00, 0x00,
0x00, 0x00, 0x00, 0x00, 0x00, 0x00, 0x00, 0x00, 0x00, 0x00, 0x00, 0x00, 0x00, 0x00, 0x00, 0x00,
0x00, 0x00, 0x00, 0x00, 0x00, 0x00, 0x00, 0x00, 0x00, 0x00, 0x00, 0x00, 0x00, 0x00, 0x00, 0x00,
0x00, 0x00, 0x00, 0x00, 0x00, 0x00, 0x00, 0x00, 0x00, 0x00, 0x00, 0x00, 0x00, 0x00, 0x00, 0x00,
0x00, 0x00, 0x00, 0x00, 0x00, 0x00, 0x00, 0x00, 0x00, 0x00, 0x00, 0x00, 0x00, 0x00, 0x00, 0x00,
0x00, 0x00, 0x00, 0x00, 0x00, 0x00, 0x00, 0x00, 0x00, 0x00, 0x00, 0x00, 0x00, 0x00, 0x00, 0x00,
0x00, 0x00, 0x00, 0x00, 0x00, 0x00, 0x00, 0x00, 0x00, 0x00, 0x00, 0x00, 0x00, 0x00, 0x00, 0x00,
0x00, 0x00, 0x00, 0x00, 0x00, 0x00, 0x00, 0x00, 0x00, 0x00, 0x00, 0x00, 0x00, 0x00, 0x00, 0x00,
0x00, 0x00, 0x00, 0x00, 0x00, 0x00, 0x00, 0x00, 0x00, 0x00, 0x00, 0x00, 0x00, 0x00, 0x00, 0x00,
0x00, 0x00, 0x00, 0x00, 0x00, 0x00, 0x00, 0x00, 0x00, 0x00, 0x00, 0x00, 0x00, 0x00, 0x00, 0x00,
0x00, 0x00, 0x00, 0x00, 0x00, 0x00, 0x00, 0x00, 0x00, 0x00, 0x00, 0x00, 0x00, 0x00, 0x00, 0x00,
0x00, 0x00, 0x00, 0x00, 0x00, 0x00, 0x00, 0x00, 0x00, 0x00, 0x00, 0x00, 0x00, 0x00, 0x00, 0x00,
0x00, 0x00, 0x00, 0x00, 0x00, 0x00, 0x00, 0x00, 0x00, 0x00, 0x00, 0x00, 0x00, 0x00, 0x00, 0x00,
0x00, 0x00, 0x00, 0x00, 0x00, 0x00, 0x00, 0x00, 0x00, 0x00, 0x00, 0x00, 0x00, 0x00, 0x00, 0x00,
0x00, 0x00, 0x00, 0x00, 0x00, 0x00, 0x00, 0x00, 0x00, 0x00, 0x00, 0x00, 0x00, 0x00, 0x00, 0x00,
0x00, 0x00, 0x00, 0x00, 0x00, 0x00, 0x00, 0x00, 0x00, 0x00, 0x00, 0x00, 0x00, 0x00, 0x00, 0x00,
0x00, 0x00, 0x00, 0x00, 0x00, 0x00, 0x00, 0x00, 0x00, 0x00, 0x00, 0x00, 0x00, 0x00, 0x00, 0x00,
0x00, 0x00, 0x00, 0x00, 0x00, 0x00, 0x00, 0x00, 0x00, 0x00, 0x00, 0x00, 0x00, 0x00, 0x00, 0x00,
0x00, 0x00, 0x00, 0x00, 0x00, 0x00, 0x00, 0x00, 0x00, 0x00, 0x00, 0x00, 0x00, 0x00, 0x00, 0x00,
0x00, 0x00, 0x00, 0x00, 0x00, 0x00, 0x00, 0x00, 0x00, 0x00, 0x00, 0x00, 0x00, 0x00, 0x00, 0x00,
0x00, 0x00, 0x00, 0x00, 0x00, 0x00, 0x00, 0x00, 0x00, 0x00, 0x00, 0x00, 0x00, 0x00, 0x00, 0x00,
0x00, 0x00, 0x00, 0x00, 0x00, 0x00, 0x00, 0x00, 0x00, 0x00, 0x00, 0x00, 0x00, 0x00, 0x00, 0x00,
0x00, 0x00, 0x00, 0x00, 0x00, 0x00, 0x00, 0x00, 0x00, 0x00, 0x00, 0x00, 0x00, 0x00, 0x00, 0x00,
0x00, 0x00, 0x00, 0x00, 0x00, 0x00, 0x00, 0x00, 0x00, 0x00, 0x00, 0x00, 0x00, 0x00, 0x00, 0x00,
0x00, 0x00, 0x00, 0x00, 0x00, 0x00, 0x00, 0x00, 0x00, 0x00, 0x00, 0x00, 0x00, 0x00, 0x00, 0x00,
0x00, 0x00, 0x00, 0x00, 0x00, 0x00, 0x00, 0x00, 0x00, 0x00, 0x00, 0x00, 0x00, 0x00, 0x00, 0x00,
0x00, 0x00, 0x00, 0x00, 0x00, 0x00, 0x00, 0x00, 0x00, 0x00, 0x00, 0x00, 0x00, 0x00, 0x00, 0x00,
0x00, 0x00, 0x00, 0x00, 0x00, 0x00, 0x00, 0x00, 0x00, 0x00, 0x00, 0x00, 0x00, 0x00, 0x00, 0x00,
0x00, 0x00, 0x00, 0x00, 0x00, 0x00, 0x00, 0x00, 0x00, 0x00, 0x00, 0x00, 0x00, 0x00, 0x00, 0x00,
0x00, 0x00, 0x00, 0x00, 0x00, 0x00, 0x00, 0x00, 0x00, 0x00, 0x00, 0x00, 0x00, 0x00, 0x00, 0x00,
0x00, 0x00, 0x00, 0x00, 0x00, 0x00, 0x00, 0x00, 0x00, 0x00, 0x00, 0x00, 0x00, 0x00, 0x00, 0x00,
0x00, 0x00, 0x00, 0x00, 0x00, 0x00, 0x00, 0x00, 0x00, 0x00, 0x00, 0x00, 0x00, 0x00, 0x00, 0x00,
0x00, 0x00, 0x00, 0x00, 0x00, 0x00, 0x00, 0x00, 0x00, 0x00, 0x00, 0x00, 0x00, 0x00, 0x00, 0x00,
0x00, 0x00, 0x00, 0x00, 0x00, 0x00, 0x00, 0x00, 0x00, 0x00, 0x00, 0x00, 0x00, 0x00, 0x00, 0x00,
0x00, 0x00, 0x00, 0x00, 0x00, 0x00, 0x00, 0x00, 0x00, 0x00, 0x00, 0x00, 0x00, 0x00, 0x00, 0x00,
0x00, 0x00, 0x00, 0x00, 0x00, 0x00, 0x00, 0x00, 0x00, 0x00, 0x00, 0x00, 0x00, 0x00, 0x00, 0x00,
0x00, 0x00, 0x00, 0x00, 0x00, 0x00, 0x00, 0x00, 0x00, 0x00, 0x00, 0x00, 0x00, 0x00, 0x00, 0x00,
0x00, 0x00, 0x00, 0x00, 0x00, 0x00, 0x00, 0x00, 0x00, 0x00, 0x00, 0x00, 0x00, 0x00, 0x00, 0x00,
0x00, 0x00, 0x00, 0x00, 0x00, 0x00, 0x00, 0x00, 0x00, 0x00, 0x00, 0x00, 0x00, 0x00, 0x00, 0x00,
0x00, 0x00, 0x00, 0x00, 0x00, 0x00, 0x00, 0x00, 0x00, 0x00, 0x00, 0x00, 0x00, 0x00, 0x00, 0x00,
0x00, 0x00, 0x00, 0x00, 0x00, 0x00, 0x00, 0x00, 0x00, 0x00, 0x00, 0x00, 0x00, 0x00, 0x00, 0x00,
0x00, 0x00, 0x00, 0x00, 0x00, 0x00, 0x00, 0x00, 0x00, 0x00, 0x00, 0x00, 0x00, 0x00, 0x00, 0x00,
0x00, 0x00, 0x00, 0x00, 0x00, 0x00, 0x00, 0x00, 0x00, 0x00, 0x00, 0x00, 0x00, 0x00, 0x00, 0x00,
0x00, 0x00, 0x00, 0x00, 0x00, 0x00, 0x00, 0x00, 0x00, 0x00, 0x00, 0x00, 0x00, 0x00, 0x00, 0x00,
0x00, 0x00, 0x00, 0x00, 0x00, 0x00, 0x00, 0x00, 0x00, 0x00, 0x00, 0x00, 0x00, 0x00, 0x00, 0x00,
0x00, 0x00, 0x00, 0x00, 0x00, 0x00, 0x00, 0x00, 0x00, 0x00, 0x00, 0x00, 0x00, 0x00, 0x00, 0x00,
0x00, 0x00, 0x00, 0x00, 0x00, 0x00, 0x00, 0x00, 0x00, 0x00, 0x00, 0x00, 0x00, 0x00, 0x00, 0x00,
0x00, 0x00, 0x00, 0x00, 0x00, 0x00, 0x00, 0x00, 0x00, 0x00, 0x00, 0x00, 0x00, 0x00, 0x00, 0x00,
0x00, 0x00, 0x00, 0x00, 0x00, 0x00, 0x00, 0x00, 0x00, 0x00, 0x00, 0x00, 0x00, 0x00, 0x00, 0x00,
0x00, 0x00, 0x00, 0x00, 0x00, 0x00, 0x00, 0x00, 0x00, 0x00, 0x00, 0x00, 0x00, 0x00, 0x00, 0x00,
0x00, 0x00, 0x00, 0x00, 0x00, 0x00, 0x00, 0x00, 0x00, 0x00, 0x00, 0x00, 0x00, 0x00, 0x00, 0x00,
0x00, 0x00, 0x00, 0x00, 0x00, 0x00, 0x00, 0x00, 0x00, 0x00, 0x00, 0x00, 0x00, 0x00, 0x00, 0x00,
0x00, 0x00, 0x00, 0x00, 0x00, 0x00, 0x00, 0x00, 0x00, 0x00, 0x00, 0x00, 0x00, 0x00, 0x00, 0x00,
0x00, 0x00, 0x00, 0x00, 0x00, 0x00, 0x00, 0x00, 0x00, 0x00, 0x00, 0x00, 0x00, 0x00, 0x00, 0x00,
0x00, 0x00, 0x00, 0x00, 0x00, 0x00, 0x00, 0x00, 0x00, 0x00, 0x00, 0x00, 0x00, 0x00, 0x00, 0x00,
0x00, 0x00, 0x00, 0x00, 0x00, 0x00, 0x00, 0x00, 0x00, 0x00, 0x00, 0x00, 0x00, 0x00, 0x00, 0x00,
0x00, 0x00, 0x00, 0x00, 0x00, 0x00, 0x00, 0x00, 0x00, 0x00, 0x00, 0x00, 0x00, 0x00, 0x00, 0x00,
0x00, 0x00, 0x00, 0x00, 0x00, 0x00, 0x00, 0x00, 0x00, 0x00, 0x00, 0x00, 0x00, 0x00, 0x00, 0x00,
0x00, 0x00, 0x00, 0x00, 0x00, 0x00, 0x00, 0x00, 0x00, 0x00, 0x00, 0x00, 0x00, 0x00, 0x00, 0x00,
0x00, 0x00, 0x00, 0x00, 0x00, 0x00, 0x00, 0x00, 0x00, 0x00, 0x00, 0x00, 0x00, 0x00, 0x00, 0x00,
0x00, 0x00, 0x00, 0x00, 0x00, 0x00, 0x00, 0x00, 0x00, 0x00, 0x00, 0x00, 0x00, 0x00, 0x00, 0x00,
0x00, 0x00, 0x00, 0x00, 0x00, 0x00, 0x00, 0x00, 0x00, 0x00, 0x00, 0x00, 0x00, 0x00, 0x00, 0x00,
0x00, 0x00, 0x00, 0x00, 0x00, 0x00, 0x00, 0x00, 0x00, 0x00, 0x00, 0x00, 0x00, 0x00, 0x00, 0x00,
0x00, 0x00, 0x00, 0x00, 0x00, 0x00, 0x00, 0x00, 0x00, 0x00, 0x00, 0x00, 0x00, 0x00, 0x00, 0x00,
0x00, 0x00, 0x00, 0x00, 0x00, 0x00, 0x00, 0x00, 0x00, 0x00, 0x00, 0x00, 0x00, 0x00, 0x00, 0x00,
0x00, 0x00, 0x00, 0x00, 0x00, 0x00, 0x00, 0x00, 0x00, 0x00, 0x00, 0x00, 0x00, 0x00, 0x00, 0x00,
0x00, 0x00, 0x00, 0x00, 0x00, 0x00, 0x00, 0x00, 0x00, 0x00, 0x00, 0x00, 0x00, 0x00, 0x00, 0x00,
0x00, 0x00, 0x00, 0x00, 0x00, 0x00, 0x00, 0x00, 0x00, 0x00, 0x00, 0x00, 0x00, 0x00, 0x00, 0x00,
0x00, 0x00, 0x00, 0x00, 0x00, 0x00, 0x00, 0x00, 0x00, 0x00, 0x00, 0x00, 0x00, 0x00, 0x00, 0x00,
0x00, 0x00, 0x00, 0x00, 0x00, 0x00, 0x00, 0x00, 0x00, 0x00, 0x00, 0x00, 0x00, 0x00, 0x00, 0x00,
0x00, 0x00, 0x00, 0x00, 0x00, 0x00, 0x00, 0x00, 0x00, 0x00, 0x00, 0x00, 0x00, 0x00, 0x00, 0x00
};

extern const uint8_t app_gallery_bin[9216] = {
0x00, 0x00, 0x00, 0x00, 0x00, 0x00, 0x00, 0x00, 0x00, 0x00, 0x00, 0x00, 0x00, 0x00, 0x00, 0x00,
0x00, 0x00, 0x00, 0x00, 0x00, 0x00, 0x00, 0x00, 0x00, 0x00, 0x00, 0x00, 0x00, 0x00, 0x00, 0x00,
0x00, 0x00, 0x00, 0x00, 0x00, 0x00, 0x00, 0x00, 0x00, 0x00, 0x00, 0x00, 0x00, 0x00, 0x00, 0x00,
0x00, 0x00, 0x00, 0x00, 0x00, 0x00, 0x00, 0x00, 0x00, 0x00, 0x00, 0x00, 0x00, 0x00, 0x00, 0x00,
0x00, 0x00, 0x00, 0x00, 0x00, 0x00, 0x00, 0x00, 0x00, 0x00, 0x00, 0x00, 0x00, 0x00, 0x00, 0x00,
0x00, 0x00, 0x00, 0x00, 0x00, 0x00, 0x00, 0x00, 0x00, 0x00, 0x00, 0x00, 0x00, 0x00, 0x00, 0x00,
0x00, 0x00, 0x00, 0x00, 0x00, 0x00, 0x00, 0x00, 0x00, 0x00, 0x00, 0x00, 0x00, 0x00, 0x00, 0x00,
0x00, 0x00, 0x00, 0x00, 0x00, 0x00, 0x00, 0x00, 0x00, 0x00, 0x00, 0x00, 0x00, 0x00, 0x00, 0x00,
0x00, 0x00, 0x00, 0x00, 0x00, 0x00, 0x00, 0x00, 0x00, 0x00, 0x00, 0x00, 0x00, 0x00, 0x00, 0x00,
0x00, 0x00, 0x00, 0x00, 0x00, 0x00, 0x00, 0x00, 0x00, 0x00, 0x00, 0x00, 0x00, 0x00, 0x00, 0x00,
0x00, 0x00, 0x00, 0x00, 0x00, 0x00, 0x00, 0x00, 0x00, 0x00, 0x00, 0x00, 0x00, 0x00, 0x00, 0x00,
0x00, 0x00, 0x00, 0x00, 0x00, 0x00, 0x00, 0x00, 0x00, 0x00, 0x00, 0x00, 0x00, 0x00, 0x00, 0x00,
0x00, 0x00, 0x00, 0x00, 0x00, 0x00, 0x00, 0x00, 0x00, 0x00, 0x00, 0x00, 0x00, 0x00, 0x00, 0x00,
0x00, 0x00, 0x00, 0x00, 0x00, 0x00, 0x00, 0x00, 0x00, 0x00, 0x00, 0x00, 0x00, 0x00, 0x00, 0x00,
0x00, 0x00, 0x00, 0x00, 0x00, 0x00, 0x00, 0x00, 0x00, 0x00, 0x00, 0x00, 0x00, 0x00, 0x00, 0x00,
0x00, 0x00, 0x00, 0x00, 0x00, 0x00, 0x00, 0x00, 0x00, 0x00, 0x00, 0x00, 0x00, 0x00, 0x00, 0x00,
0x00, 0x00, 0x00, 0x00, 0x00, 0x00, 0x00, 0x00, 0x00, 0x00, 0x00, 0x00, 0x00, 0x00, 0x00, 0x00,
0x00, 0x00, 0x00, 0x00, 0x00, 0x00, 0x00, 0x00, 0x00, 0x00, 0x00, 0x00, 0x00, 0x00, 0x00, 0x00,
0x00, 0x00, 0x00, 0x00, 0x00, 0x00, 0x00, 0x00, 0x00, 0x00, 0x00, 0x00, 0x00, 0x00, 0x00, 0x00,
0x00, 0x00, 0x00, 0x00, 0x00, 0x00, 0x00, 0x00, 0x00, 0x00, 0x00, 0x00, 0x00, 0x00, 0x00, 0x00,
0x00, 0x00, 0x00, 0x00, 0x00, 0x00, 0x00, 0x00, 0x00, 0x00, 0x00, 0x00, 0x00, 0x00, 0x00, 0x00,
0x00, 0x00, 0x00, 0x00, 0x00, 0x00, 0x00, 0x00, 0x00, 0x00, 0x00, 0x00, 0x00, 0x00, 0x00, 0x00,
0x00, 0x00, 0x00, 0x00, 0x00, 0x00, 0x00, 0x00, 0x00, 0x00, 0x00, 0x00, 0x00, 0x00, 0x00, 0x00,
0x00, 0x00, 0x00, 0x00, 0x00, 0x00, 0x00, 0x00, 0x00, 0x00, 0x00, 0x00, 0x00, 0x00, 0x00, 0x00,
0x00, 0x00, 0x00, 0x00, 0x00, 0x00, 0x00, 0x00, 0x00, 0x00, 0x00, 0x00, 0x00, 0x00, 0x00, 0x00,
0x00, 0x00, 0x00, 0x00, 0x00, 0x00, 0x00, 0x00, 0x00, 0x00, 0x00, 0x00, 0x00, 0x00, 0x00, 0x00,
0x00, 0x00, 0x00, 0x00, 0x00, 0x00, 0x00, 0x00, 0x00, 0x00, 0x00, 0x00, 0x00, 0x00, 0x00, 0x00,
0x00, 0x00, 0x00, 0x00, 0x00, 0x00, 0x00, 0x00, 0x00, 0x00, 0x00, 0x00, 0x00, 0x00, 0x00, 0x00,
0x00, 0x00, 0x00, 0x00, 0x00, 0x00, 0x00, 0x00, 0x00, 0x00, 0x00, 0x00, 0x00, 0x00, 0x00, 0x00,
0x00, 0x00, 0x00, 0x00, 0x00, 0x00, 0x00, 0x00, 0x00, 0x00, 0x00, 0x00, 0x00, 0x00, 0x00, 0x00,
0x00, 0x00, 0x00, 0x00, 0x00, 0x00, 0x00, 0x00, 0x00, 0x00, 0x00, 0x00, 0x00, 0x00, 0x00, 0x00,
0x00, 0x00, 0x00, 0x00, 0x00, 0x00, 0x00, 0x00, 0x00, 0x00, 0x00, 0x00, 0x00, 0x00, 0x00, 0x00,
0x00, 0x00, 0x00, 0x00, 0x00, 0x00, 0x00, 0x00, 0x00, 0x00, 0x00, 0x00, 0x00, 0x00, 0x00, 0x00,
0x00, 0x00, 0x00, 0x00, 0x00, 0x00, 0x00, 0x00, 0x00, 0x00, 0x00, 0x00, 0x00, 0x00, 0x00, 0x00,
0x00, 0x00, 0x00, 0x00, 0x00, 0x00, 0x00, 0x00, 0x00, 0x00, 0x00, 0x00, 0x00, 0x00, 0x00, 0x00,
0x00, 0x00, 0x00, 0x00, 0x00, 0x00, 0x00, 0x00, 0x00, 0x00, 0x00, 0x00, 0x00, 0x00, 0x00, 0x00,
0x00, 0x00, 0x00, 0x00, 0x00, 0x00, 0x00, 0x00, 0x00, 0x00, 0x00, 0x00, 0x00, 0x00, 0x00, 0x00,
0x00, 0x00, 0x00, 0x00, 0x00, 0x00, 0x00, 0x00, 0x00, 0x00, 0x00, 0x00, 0x00, 0x00, 0x00, 0x00,
0x00, 0x00, 0x00, 0x00, 0x00, 0x00, 0x00, 0x00, 0x00, 0x00, 0x00, 0x00, 0x00, 0x00, 0x00, 0x00,
0x00, 0x00, 0x00, 0x00, 0x00, 0x00, 0x00, 0x00, 0x00, 0x00, 0x00, 0x00, 0x00, 0x00, 0x00, 0x00,
0x00, 0x00, 0x00, 0x00, 0x00, 0x00, 0x00, 0x00, 0x00, 0x00, 0x00, 0x00, 0x00, 0x00, 0x00, 0x00,
0x00, 0x00, 0x00, 0x00, 0x00, 0x00, 0x00, 0x00, 0x00, 0x00, 0x00, 0x00, 0x00, 0x00, 0x00, 0x00,
0x00, 0x00, 0x00, 0x00, 0x00, 0x00, 0x00, 0x00, 0x00, 0x00, 0x00, 0x00, 0x00, 0x00, 0x00, 0x00,
0x00, 0x00, 0x00, 0x00, 0x00, 0x00, 0x00, 0x00, 0x00, 0x00, 0x00, 0x00, 0x00, 0x00, 0x00, 0x00,
0x00, 0x00, 0x00, 0x00, 0x00, 0x00, 0x00, 0x00, 0x00, 0x00, 0x00, 0x00, 0x00, 0x00, 0x00, 0x00,
0x00, 0x00, 0x00, 0x00, 0x00, 0x00, 0x00, 0x00, 0x00, 0x00, 0x00, 0x00, 0x00, 0x00, 0x00, 0x00,
0x00, 0x00, 0x00, 0x00, 0x00, 0x00, 0x00, 0x00, 0x00, 0x00, 0x00, 0x00, 0x00, 0x00, 0x00, 0x00,
0x00, 0x00, 0x00, 0x00, 0x00, 0x00, 0x00, 0x00, 0x00, 0x00, 0x00, 0x00, 0x00, 0x00, 0x00, 0x00,
0x00, 0x00, 0x00, 0x00, 0x00, 0x00, 0x00, 0x00, 0x00, 0x00, 0x00, 0x00, 0x00, 0x00, 0x00, 0x00,
0x00, 0x00, 0x00, 0x00, 0x00, 0x00, 0x00, 0x00, 0x00, 0x00, 0x00, 0x00, 0x00, 0x00, 0x00, 0x00,
0x00, 0x00, 0x00, 0x00, 0x00, 0x00, 0x00, 0x00, 0x00, 0x00, 0x00, 0x00, 0x00, 0x00, 0x00, 0x00,
0x00, 0x00, 0x00, 0x00, 0x00, 0x00, 0x00, 0x00, 0x00, 0x00, 0x00, 0x00, 0x00, 0x00, 0x00, 0x00,
0x00, 0x00, 0x00, 0x00, 0x00, 0x00, 0x00, 0x00, 0x00, 0x00, 0x00, 0x00, 0x00, 0x00, 0x00, 0x00,
0x00, 0x00, 0x00, 0x00, 0x00, 0x00, 0x00, 0x00, 0x00, 0x00, 0x00, 0x00, 0x00, 0x00, 0x00, 0x00,
0x00, 0x00, 0x00, 0x00, 0x00, 0x00, 0x00, 0x00, 0x00, 0x00, 0x00, 0x00, 0x00, 0x00, 0x00, 0x00,
0x00, 0x00, 0x00, 0x00, 0x00, 0x00, 0x00, 0x00, 0x00, 0x00, 0x00, 0x00, 0x00, 0x00, 0x00, 0x00,
0x00, 0x00, 0x00, 0x00, 0x00, 0x00, 0x00, 0x00, 0x00, 0x00, 0x00, 0x00, 0x00, 0x00, 0x00, 0x00,
0x00, 0x00, 0x00, 0x00, 0x00, 0x00, 0x00, 0x00, 0x00, 0x00, 0x00, 0x00, 0x00, 0x00, 0x00, 0x00,
0x00, 0x00, 0x00, 0x00, 0x00, 0x00, 0x00, 0x00, 0x00, 0x00, 0x00, 0x00, 0x00, 0x00, 0x00, 0x00,
0x00, 0x00, 0x00, 0x00, 0x00, 0x00, 0x00, 0x00, 0x00, 0x00, 0x00, 0x00, 0x00, 0x00, 0x00, 0x00,
0x00, 0x00, 0x00, 0x00, 0x00, 0x00, 0x00, 0x00, 0x00, 0x00, 0x00, 0x00, 0x00, 0x00, 0x00, 0x00,
0x00, 0x00, 0x00, 0x00, 0x00, 0x00, 0x00, 0x00, 0x00, 0x00, 0x00, 0x00, 0x00, 0x00, 0x00, 0x00,
0x00, 0x00, 0x00, 0x00, 0x00, 0x00, 0x00, 0x00, 0x00, 0x00, 0x00, 0x00, 0x00, 0x00, 0x00, 0x00,
0x00, 0x00, 0x00, 0x00, 0x00, 0x00, 0x00, 0x00, 0x00, 0x00, 0x00, 0x00, 0x00, 0x00, 0x00, 0x00,
0x00, 0x00, 0x00, 0x00, 0x00, 0x00, 0x00, 0x00, 0x00, 0x00, 0x00, 0x00, 0x00, 0x00, 0x00, 0x00,
0x00, 0x00, 0x00, 0x00, 0x00, 0x00, 0x00, 0x00, 0x00, 0x00, 0x00, 0x00, 0x00, 0x00, 0x00, 0x00,
0x00, 0x00, 0x00, 0x00, 0x00, 0x00, 0x00, 0x00, 0x00, 0x00, 0x00, 0x00, 0x00, 0x00, 0x00, 0x00,
0x00, 0x00, 0x00, 0x00, 0x00, 0x00, 0x00, 0x00, 0x00, 0x00, 0x00, 0x00, 0x00, 0x00, 0x00, 0x00,
0x00, 0x00, 0x00, 0x00, 0x00, 0x00, 0x00, 0x00, 0x00, 0x00, 0x00, 0x00, 0x00, 0x00, 0x00, 0x00,
0x00, 0x00, 0x00, 0x00, 0x00, 0x00, 0x00, 0x00, 0x00, 0x00, 0x00, 0x00, 0x00, 0x00, 0x00, 0x00,
0x00, 0x00, 0x00, 0x00, 0x00, 0x00, 0x00, 0x00, 0x00, 0x00, 0x00, 0x00, 0x00, 0x00, 0x00, 0x00,
0x00, 0x00, 0x00, 0x00, 0x00, 0x00, 0x00, 0x00, 0x00, 0x00, 0x00, 0x00, 0x00, 0x00, 0x00, 0x00,
0x00, 0x00, 0x00, 0x00, 0x00, 0x00, 0x00, 0x00, 0x00, 0x00, 0x00, 0x00, 0x00, 0x00, 0x00, 0x00,
0x00, 0x00, 0x00, 0x00, 0x00, 0x00, 0x00, 0x00, 0x00, 0x00, 0x00, 0x00, 0x00, 0x00, 0x00, 0x00,
0x00, 0x00, 0x00, 0x00, 0x00, 0x00, 0x00, 0x00, 0x00, 0x00, 0x00, 0x00, 0x00, 0x00, 0x00, 0x00,
0x00, 0x00, 0x00, 0x00, 0x00, 0x00, 0x00, 0x00, 0x00, 0x00, 0x00, 0x00, 0x00, 0x00, 0x00, 0x00,
0x00, 0x00, 0x00, 0x00, 0x00, 0x00, 0x00, 0x00, 0x00, 0x00, 0x00, 0x00, 0x00, 0x00, 0x00, 0x00,
0x00, 0x00, 0x00, 0x00, 0x00, 0x00, 0x00, 0x00, 0x00, 0x00, 0x00, 0x00, 0x00, 0x00, 0x00, 0x00,
0x00, 0x00, 0x00, 0x00, 0x00, 0x00, 0x00, 0x00, 0x00, 0x00, 0x00, 0x00, 0x00, 0x00, 0x00, 0x00,
0x00, 0x00, 0x00, 0x00, 0x00, 0x00, 0x00, 0x00, 0x00, 0x00, 0x00, 0x00, 0x00, 0x00, 0x00, 0x00,
0x00, 0x00, 0x00, 0x00, 0x00, 0x00, 0x00, 0x00, 0x00, 0x00, 0x00, 0x00, 0x00, 0x00, 0x00, 0x00,
0x00, 0x00, 0x00, 0x00, 0x00, 0x00, 0x00, 0x00, 0x00, 0x00, 0x00, 0x00, 0x00, 0x00, 0x00, 0x00,
0x00, 0x00, 0x00, 0x00, 0x00, 0x00, 0x00, 0x00, 0x00, 0x00, 0x00, 0x00, 0x00, 0x00, 0x00, 0x00,
0x00, 0x00, 0x00, 0x00, 0x00, 0x00, 0x00, 0x00, 0x00, 0x00, 0x00, 0x00, 0x00, 0x00, 0x00, 0x00,
0x00, 0x00, 0x00, 0x00, 0x00, 0x00, 0x00, 0x00, 0x00, 0x00, 0x00, 0x00, 0x00, 0x00, 0x00, 0x00,
0x00, 0x00, 0x00, 0x00, 0x00, 0x00, 0x00, 0x00, 0x00, 0x00, 0x00, 0x00, 0x00, 0x00, 0x00, 0x00,
0x00, 0x00, 0x00, 0x00, 0x00, 0x00, 0x00, 0x00, 0x00, 0x00, 0x00, 0x00, 0x00, 0x00, 0x00, 0x00,
0x00, 0x00, 0x00, 0x00, 0x00, 0x00, 0x00, 0x00, 0x00, 0x00, 0x00, 0x00, 0x00, 0x00, 0x00, 0x00,
0x00, 0x00, 0x00, 0x00, 0x00, 0x00, 0x00, 0x00, 0x00, 0x00, 0x00, 0x00, 0x00, 0x00, 0x00, 0x00,
0x00, 0x00, 0x00, 0x00, 0x00, 0x00, 0x00, 0x00, 0x00, 0x00, 0x00, 0x00, 0x00, 0x00, 0x00, 0x00,
0x00, 0x00, 0x00, 0x00, 0x00, 0x00, 0x00, 0x00, 0x00, 0x00, 0x00, 0x00, 0x00, 0x00, 0x00, 0x00,
0x00, 0x00, 0x00, 0x00, 0x00, 0x00, 0x00, 0x00, 0x00, 0x00, 0x00, 0x00, 0x00, 0x00, 0x00, 0x00,
0x00, 0x00, 0x00, 0x00, 0x00, 0x00, 0x00, 0x00, 0x00, 0x00, 0x00, 0x00, 0x00, 0x00, 0x00, 0x00,
0x00, 0x00, 0x00, 0x00, 0x00, 0x00, 0x00, 0x00, 0x00, 0x00, 0x00, 0x00, 0x00, 0x00, 0x00, 0x00,
0x00, 0x00, 0x00, 0x00, 0x00, 0x00, 0x00, 0x00, 0x00, 0x00, 0x00, 0x00, 0x00, 0x00, 0x00, 0x00,
0x00, 0x00, 0x00, 0x00, 0x00, 0x00, 0x00, 0x00, 0x00, 0x00, 0x00, 0x00, 0x00, 0x00, 0x00, 0x00,
0x00, 0x00, 0x00, 0x00, 0x00, 0x00, 0x00, 0x00, 0x00, 0x00, 0x00, 0x00, 0x00, 0x00, 0x00, 0x00,
0x00, 0x00, 0x00, 0x00, 0x00, 0x00, 0x00, 0x00, 0x00, 0x00, 0x00, 0x00, 0x97, 0x46, 0xe8, 0x16,
0x97, 0x48, 0xea, 0x87, 0x97, 0x46, 0xea, 0xd2, 0x96, 0x45, 0xea, 0xec, 0x95, 0x45, 0xe9, 0xee,
0x94, 0x44, 0xe9, 0xee, 0x93, 0x44, 0xe9, 0xee, 0x92, 0x44, 0xe7, 0xee, 0x92, 0x42, 0xe6, 0xee,
0x91, 0x41, 0xe6, 0xee, 0x90, 0x41, 0xe5, 0xee, 0x8f, 0x40, 0xe4, 0xee, 0x8f, 0x3f, 0xe4, 0xee,
0x8d, 0x3f, 0xe3, 0xee, 0x8d, 0x3e, 0xe2, 0xee, 0x8c, 0x3d, 0xe2, 0xee, 0x8b, 0x3d, 0xe1, 0xee,
0x8a, 0x3c, 0xe1, 0xee, 0x89, 0x3b, 0xe0, 0xee, 0x88, 0x3b, 0xdf, 0xee, 0x88, 0x3a, 0xdf, 0xee,
0x87, 0x39, 0xde, 0xee, 0x86, 0x39, 0xdd, 0xee, 0x85, 0x38, 0xdd, 0xee, 0x84, 0x37, 0xdc, 0xee,
0x83, 0x37, 0xdb, 0xee, 0x83, 0x36, 0xdb, 0xee, 0x82, 0x35, 0xda, 0xee, 0x81, 0x35, 0xda, 0xee,
0x80, 0x35, 0xda, 0xee, 0x7f, 0x33, 0xd8, 0xeb, 0x7e, 0x33, 0xd8, 0xcc, 0x7d, 0x33, 0xd7, 0x78,
0x80, 0x33, 0xcc, 0x0a, 0x00, 0x00, 0x00, 0x00, 0x00, 0x00, 0x00, 0x00, 0x00, 0x00, 0x00, 0x00,
0x00, 0x00, 0x00, 0x00, 0x00, 0x00, 0x00, 0x00, 0x00, 0x00, 0x00, 0x00, 0x00, 0x00, 0x00, 0x00,
0x00, 0x00, 0x00, 0x00, 0x00, 0x00, 0x00, 0x00, 0x00, 0x00, 0x00, 0x00, 0x00, 0x00, 0x00, 0x00,
0x00, 0x00, 0x00, 0x00, 0x00, 0x00, 0x00, 0x00, 0x96, 0x49, 0xed, 0x38, 0x96, 0x46, 0xea, 0xec,
0x96, 0x46, 0xea, 0xff, 0x96, 0x45, 0xe9, 0xff, 0x90, 0x43, 0xde, 0xff, 0x8e, 0x42, 0xdb, 0xff,
0x8d, 0x42, 0xda, 0xff, 0x8c, 0x42, 0xda, 0xff, 0x8b, 0x41, 0xd9, 0xff, 0x8b, 0x40, 0xd9, 0xff,
0x8a, 0x40, 0xd8, 0xff, 0x89, 0x3f, 0xd7, 0xff, 0x89, 0x3e, 0xd7, 0xff, 0x88, 0x3e, 0xd6, 0xff,
0x87, 0x3d, 0xd5, 0xff, 0x87, 0x3c, 0xd5, 0xff, 0x86, 0x3c, 0xd4, 0xff, 0x85, 0x3b, 0xd3, 0xff,
0x84, 0x3a, 0xd3, 0xff, 0x83, 0x3a, 0xd2, 0xff, 0x82, 0x39, 0xd2, 0xff, 0x82, 0x38, 0xd1, 0xff,
0x81, 0x38, 0xd0, 0xff, 0x80, 0x37, 0xd0, 0xff, 0x7f, 0x36, 0xcf, 0xff, 0x7e, 0x36, 0xce, 0xff,
0x7d, 0x35, 0xce, 0xff, 0x7d, 0x34, 0xcd, 0xff, 0x7c, 0x34, 0xcd, 0xff, 0x7b, 0x34, 0xcd, 0xff,
0x7b, 0x33, 0xcc, 0xff, 0x7b, 0x32, 0xce, 0xff, 0x7d, 0x32, 0xd7, 0xff, 0x7d, 0x31, 0xd6, 0xff,
0x7d, 0x31, 0xd5, 0xd7, 0x7b, 0x31, 0xd6, 0x1f, 0x00, 0x00, 0x00, 0x00, 0x00, 0x00, 0x00, 0x00,
0x00, 0x00, 0x00, 0x00, 0x00, 0x00, 0x00, 0x00, 0x00, 0x00, 0x00, 0x00, 0x00, 0x00, 0x00, 0x00,
0x00, 0x00, 0x00, 0x00, 0x00, 0x00, 0x00, 0x00, 0x00, 0x00, 0x00, 0x00, 0x00, 0x00, 0x00, 0x00,
0x00, 0x00, 0x00, 0x00, 0x97, 0x46, 0xe8, 0x16, 0x96, 0x46, 0xea, 0xec, 0x96, 0x46, 0xea, 0xff,
0x6f, 0x39, 0x94, 0xff, 0x44, 0x2c, 0x33, 0xff, 0x3b, 0x29, 0x1e, 0xff, 0x3b, 0x29, 0x1e, 0xff,
0x3b, 0x29, 0x1e, 0xff, 0x3b, 0x29, 0x1e, 0xff, 0x3b, 0x29, 0x1e, 0xff, 0x3b, 0x29, 0x1e, 0xff,
0x3b, 0x29, 0x1e, 0xff, 0x3b, 0x29, 0x1e, 0xff, 0x3b, 0x29, 0x1e, 0xff, 0x3b, 0x29, 0x1e, 0xff,
0x3b, 0x29, 0x1e, 0xff, 0x3b, 0x29, 0x1e, 0xff, 0x3b, 0x29, 0x1e, 0xff, 0x3b, 0x29, 0x1e, 0xff,
0x3b, 0x29, 0x1e, 0xff, 0x3b, 0x29, 0x1e, 0xff, 0x3b, 0x29, 0x1e, 0xff, 0x3b, 0x29, 0x1e, 0xff,
0x3b, 0x29, 0x1e, 0xff, 0x3b, 0x29, 0x1e, 0xff, 0x3b, 0x29, 0x1e, 0xff, 0x3b, 0x29, 0x1e, 0xff,
0x3b, 0x29, 0x1e, 0xff, 0x3b, 0x29, 0x1e, 0xff, 0x3b, 0x29, 0x1e, 0xff, 0x3b, 0x29, 0x1e, 0xff,
0x3b, 0x29, 0x1e, 0xff, 0x3b, 0x29, 0x1e, 0xff, 0x44, 0x2a, 0x37, 0xff, 0x69, 0x2e, 0x9f, 0xff,
0x7b, 0x30, 0xd5, 0xff, 0x7a, 0x2f, 0xd3, 0xc7, 0x55, 0x55, 0xaa, 0x03, 0x00, 0x00, 0x00, 0x00,
0x00, 0x00, 0x00, 0x00, 0x00, 0x00, 0x00, 0x00, 0x00, 0x00, 0x00, 0x00, 0x00, 0x00, 0x00, 0x00,
0x00, 0x00, 0x00, 0x00, 0x00, 0x00, 0x00, 0x00, 0x00, 0x00, 0x00, 0x00, 0x00, 0x00, 0x00, 0x00,
0x00, 0x00, 0x00, 0x00, 0x98, 0x45, 0xea, 0x88, 0x96, 0x46, 0xea, 0xff, 0x6f, 0x39, 0x94, 0xff,
0x3b, 0x29, 0x1e, 0xff, 0x3b, 0x29, 0x1e, 0xff, 0x3b, 0x29, 0x1e, 0xff, 0x3b, 0x29, 0x1e, 0xff,
0x3b, 0x29, 0x1e, 0xff, 0x3b, 0x29, 0x1e, 0xff, 0x3b, 0x29, 0x1e, 0xff, 0x3b, 0x29, 0x1e, 0xff,
0x3b, 0x29, 0x1e, 0xff, 0x3b, 0x29, 0x1e, 0xff, 0x3b, 0x29, 0x1e, 0xff, 0x3b, 0x29, 0x1e, 0xff,
0x3b, 0x29, 0x1e, 0xff, 0x3b, 0x29, 0x1e, 0xff, 0x3b, 0x29, 0x1e, 0xff, 0x3b, 0x29, 0x1e, 0xff,
0x3b, 0x29, 0x1e, 0xff, 0x3b, 0x29, 0x1e, 0xff, 0x3b, 0x29, 0x1e, 0xff, 0x3b, 0x29, 0x1e, 0xff,
0x3b, 0x29, 0x1e, 0xff, 0x3b, 0x29, 0x1e, 0xff, 0x3b, 0x29, 0x1e, 0xff, 0x3b, 0x29, 0x1e, 0xff,
0x3b, 0x29, 0x1e, 0xff, 0x3b, 0x29, 0x1e, 0xff, 0x3b, 0x29, 0x1e, 0xff, 0x3b, 0x29, 0x1e, 0xff,
0x3b, 0x29, 0x1e, 0xff, 0x3b, 0x29, 0x1e, 0xff, 0x3b, 0x29, 0x1e, 0xff, 0x3b, 0x2a, 0x21, 0xff,
0x6a, 0x2e, 0xa7, 0xff, 0x79, 0x2e, 0xd3, 0xff, 0x78, 0x2d, 0xd2, 0x6c, 0x00, 0x00, 0x00, 0x00,
0x00, 0x00, 0x00, 0x00, 0x00, 0x00, 0x00, 0x00, 0x00, 0x00, 0x00, 0x00, 0x00, 0x00, 0x00, 0x00,
0x00, 0x00, 0x00, 0x00, 0x00, 0x00, 0x00, 0x00, 0x00, 0x00, 0x00, 0x00, 0x00, 0x00, 0x00, 0x00,
0x00, 0x00, 0x00, 0x00, 0x96, 0x46, 0xea, 0xd1, 0x95, 0x45, 0xe9, 0xff, 0x44, 0x2c, 0x33, 0xff,
0x3b, 0x29, 0x1e, 0xff, 0x3b, 0x29, 0x1e, 0xff, 0x3b, 0x29, 0x1e, 0xff, 0x3b, 0x29, 0x1e, 0xff,
0x3b, 0x29, 0x1e, 0xff, 0x3b, 0x29, 0x1e, 0xff, 0x3b, 0x29, 0x1e, 0xff, 0x3b, 0x29, 0x1e, 0xff,
0x3b, 0x29, 0x1e, 0xff, 0x3b, 0x29, 0x1e, 0xff, 0x3b, 0x29, 0x1e, 0xff, 0x3b, 0x29, 0x1e, 0xff,
0x3b, 0x29, 0x1e, 0xff, 0x3b, 0x29, 0x1e, 0xff, 0x3b, 0x29, 0x1e, 0xff, 0x3b, 0x29, 0x1e, 0xff,
0x3b, 0x29, 0x1e, 0xff, 0x3b, 0x29, 0x1e, 0xff, 0x3b, 0x29, 0x1e, 0xff, 0x3b, 0x29, 0x1e, 0xff,
0x3b, 0x29, 0x1e, 0xff, 0x3b, 0x29, 0x1e, 0xff, 0x3b, 0x29, 0x1e, 0xff, 0x3b, 0x29, 0x1e, 0xff,
0x3b, 0x29, 0x1e, 0xff, 0x3b, 0x29, 0x1e, 0xff, 0x3b, 0x29, 0x1e, 0xff, 0x3b, 0x29, 0x1e, 0xff,
0x3b, 0x29, 0x1e, 0xff, 0x3b, 0x29, 0x1e, 0xff, 0x3b, 0x29, 0x1e, 0xff, 0x3b, 0x29, 0x1e, 0xff,
0x46, 0x2a, 0x3e, 0xff, 0x78, 0x2e, 0xd3, 0xff, 0x77, 0x2d, 0xd2, 0xc8, 0x00, 0x00, 0x00, 0x00,
0x00, 0x00, 0x00, 0x00, 0x00, 0x00, 0x00, 0x00, 0x00, 0x00, 0x00, 0x00, 0x00, 0x00, 0x00, 0x00,
0x00, 0x00, 0x00, 0x00, 0x00, 0x00, 0x00, 0x00, 0x00, 0x00, 0x00, 0x00, 0x00, 0x00, 0x00, 0x00,
0x00, 0x00, 0x00, 0x00, 0x95, 0x45, 0xe9, 0xec, 0x8f, 0x43, 0xde, 0xff, 0x3b, 0x29, 0x1e, 0xff,
0x3b, 0x29, 0x1e, 0xff, 0x3b, 0x29, 0x1e, 0xff, 0x3b, 0x29, 0x1e, 0xff, 0x3b, 0x29, 0x1e, 0xff,
0x3b, 0x29, 0x1e, 0xff, 0x3b, 0x29, 0x1e, 0xff, 0x3b, 0x29, 0x1e, 0xff, 0x3b, 0x29, 0x1e, 0xff,
0x3b, 0x29, 0x1e, 0xff, 0x3b, 0x29, 0x1e, 0xff, 0x3b, 0x29, 0x1e, 0xff, 0x3b, 0x29, 0x1e, 0xff,
0x3b, 0x29, 0x1e, 0xff, 0x3b, 0x29, 0x1e, 0xff, 0x3b, 0x29, 0x1e, 0xff, 0x3b, 0x29, 0x1e, 0xff,
0x3b, 0x29, 0x1e, 0xff, 0x3b, 0x29, 0x1e, 0xff, 0x3b, 0x29, 0x1e, 0xff, 0x3b, 0x29, 0x1e, 0xff,
0x3b, 0x29, 0x1e, 0xff, 0x3b, 0x29, 0x1e, 0xff, 0x3b, 0x29, 0x1e, 0xff, 0x3b, 0x29, 0x1e, 0xff,
0x3b, 0x29, 0x1e, 0xff, 0x3b, 0x29, 0x1e, 0xff, 0x3b, 0x29, 0x1e, 0xff, 0x3b, 0x29, 0x1e, 0xff,
0x3b, 0x29, 0x1e, 0xff, 0x3b, 0x29, 0x1e, 0xff, 0x3b, 0x29, 0x1e, 0xff, 0x3b, 0x29, 0x1e, 0xff,
0x3b, 0x29, 0x1e, 0xff, 0x74, 0x2d, 0xc9, 0xff, 0x76, 0x2c, 0xd1, 0xeb, 0x00, 0x00, 0x00, 0x00,
0x00, 0x00, 0x00, 0x00, 0x00, 0x00, 0x00, 0x00, 0x00, 0x00, 0x00, 0x00, 0x00, 0x00, 0x00, 0x00,
0x00, 0x00, 0x00, 0x00, 0x00, 0x00, 0x00, 0x00, 0x00, 0x00, 0x00, 0x00, 0x00, 0x00, 0x00, 0x00,
0x00, 0x00, 0x00, 0x00, 0x94, 0x44, 0xe8, 0xef, 0x8e, 0x42, 0xdb, 0xff, 0x3b, 0x29, 0x1e, 0xff,
0x3b, 0x29, 0x1e, 0xff, 0x3b, 0x29, 0x1e, 0xff, 0x3b, 0x29, 0x1e, 0xff, 0x3b, 0x29, 0x1e, 0xff,
0x3a, 0x2c, 0x22, 0xff, 0x2b, 0x6d, 0x7a, 0xff, 0x22, 0x96, 0xb1, 0xff, 0x22, 0x96, 0xb1, 0xff,
0x2c, 0x6c, 0x79, 0xff, 0x3a, 0x2c, 0x22, 0xff, 0x3b, 0x29, 0x1e, 0xff, 0x3b, 0x29, 0x1e, 0xff,
0x3b, 0x29, 0x1e, 0xff, 0x3b, 0x29, 0x1e, 0xff, 0x3b, 0x29, 0x1e, 0xff, 0x3b, 0x29, 0x1e, 0xff,
0x3b, 0x29, 0x1e, 0xff, 0x3b, 0x29, 0x1e, 0xff, 0x3b, 0x29, 0x1e, 0xff, 0x3b, 0x29, 0x1e, 0xff,
0x3b, 0x29, 0x1e, 0xff, 0x3b, 0x29, 0x1e, 0xff, 0x3b, 0x29, 0x1e, 0xff, 0x3b, 0x29, 0x1e, 0xff,
0x3b, 0x29, 0x1e, 0xff, 0x3b, 0x29, 0x1e, 0xff, 0x3b, 0x29, 0x1e, 0xff, 0x3b, 0x29, 0x1e, 0xff,
0x3b, 0x29, 0x1e, 0xff, 0x3b, 0x29, 0x1e, 0xff, 0x3b, 0x29, 0x1e, 0xff, 0x3b, 0x29, 0x1e, 0xff,
0x3b, 0x29, 0x1e, 0xff, 0x73, 0x2c, 0xc6, 0xff, 0x75, 0x2b, 0xd0, 0xef, 0x00, 0x00, 0x00, 0x00,
0x00, 0x00, 0x00, 0x00, 0x00, 0x00, 0x00, 0x00, 0x00, 0x00, 0x00, 0x00, 0x00, 0x00, 0x00, 0x00,
0x00, 0x00, 0x00, 0x00, 0x00, 0x00, 0x00, 0x00, 0x00, 0x00, 0x00, 0x00, 0x00, 0x00, 0x00, 0x00,
0x00, 0x00, 0x00, 0x00, 0x93, 0x43, 0xe8, 0xef, 0x8d, 0x41, 0xdb, 0xff, 0x3b, 0x29, 0x1e, 0xff,
0x3b, 0x29, 0x1e, 0xff, 0x3b, 0x29, 0x1e, 0xff, 0x3b, 0x29, 0x1e, 0xff, 0x39, 0x30, 0x28, 0xff,
0x1d, 0xaa, 0xcd, 0xff, 0x15, 0xcc, 0xfa, 0xff, 0x15, 0xcc, 0xfa, 0xff, 0x15, 0xcc, 0xfa, 0xff,
0x15, 0xcc, 0xfa, 0xff, 0x1d, 0xab, 0xcc, 0xff, 0x3a, 0x2f, 0x27, 0xff, 0x3b, 0x29, 0x1e, 0xff,
0x3b, 0x29, 0x1e, 0xff, 0x3b, 0x29, 0x1e, 0xff, 0x3b, 0x29, 0x1e, 0xff, 0x3b, 0x29, 0x1e, 0xff,
0x3b, 0x29, 0x1e, 0xff, 0x3b, 0x29, 0x1e, 0xff, 0x3b, 0x29, 0x1e, 0xff, 0x3b, 0x29, 0x1e, 0xff,
0x3b, 0x29, 0x1e, 0xff, 0x3b, 0x29, 0x1e, 0xff, 0x3b, 0x29, 0x1e, 0xff, 0x3b, 0x29, 0x1e, 0xff,
0x3b, 0x29, 0x1e, 0xff, 0x3b, 0x29, 0x1e, 0xff, 0x3b, 0x29, 0x1e, 0xff, 0x3b, 0x29, 0x1e, 0xff,
0x3b, 0x29, 0x1e, 0xff, 0x3b, 0x29, 0x1e, 0xff, 0x3b, 0x29, 0x1e, 0xff, 0x3b, 0x29, 0x1e, 0xff,
0x3b, 0x29, 0x1e, 0xff, 0x72, 0x2b, 0xc5, 0xff, 0x74, 0x2a, 0xd0, 0xef, 0x00, 0x00, 0x00, 0x00,
0x00, 0x00, 0x00, 0x00, 0x00, 0x00, 0x00, 0x00, 0x00, 0x00, 0x00, 0x00, 0x00, 0x00, 0x00, 0x00,
0x00, 0x00, 0x00, 0x00, 0x00, 0x00, 0x00, 0x00, 0x00, 0x00, 0x00, 0x00, 0x00, 0x00, 0x00, 0x00,
0x00, 0x00, 0x00, 0x00, 0x92, 0x42, 0xe8, 0xef, 0x8c, 0x41, 0xda, 0xff, 0x3b, 0x29, 0x1e, 0xff,
0x3b, 0x29, 0x1e, 0xff, 0x3b, 0x29, 0x1e, 0xff, 0x3b, 0x29, 0x1e, 0xff, 0x2a, 0x74, 0x83, 0xff,
0x15, 0xcc, 0xfa, 0xff, 0x15, 0xcc, 0xfa, 0xff, 0x15, 0xcc, 0xfa, 0xff, 0x15, 0xcc, 0xfa, 0xff,
0x15, 0xcc, 0xfa, 0xff, 0x15, 0xcc, 0xfa, 0xff, 0x2a, 0x73, 0x82, 0xff, 0x3b, 0x29, 0x1e, 0xff,
0x3b, 0x29, 0x1e, 0xff, 0x3b, 0x29, 0x1e, 0xff, 0x3b, 0x29, 0x1e, 0xff, 0x3b, 0x29, 0x1e, 0xff,
0x3b, 0x29, 0x1e, 0xff, 0x3b, 0x29, 0x1e, 0xff, 0x3b, 0x29, 0x1e, 0xff, 0x3b, 0x29, 0x1e, 0xff,
0x3b, 0x29, 0x1e, 0xff, 0x3b, 0x29, 0x1e, 0xff, 0x3b, 0x29, 0x1e, 0xff, 0x3b, 0x29, 0x1e, 0xff,
0x3b, 0x29, 0x1e, 0xff, 0x3b, 0x29, 0x1e, 0xff, 0x3b, 0x29, 0x1e, 0xff, 0x3b, 0x29, 0x1e, 0xff,
0x3b, 0x29, 0x1e, 0xff, 0x3b, 0x29, 0x1e, 0xff, 0x3b, 0x29, 0x1e, 0xff, 0x3b, 0x29, 0x1e, 0xff,
0x3b, 0x29, 0x1e, 0xff, 0x71, 0x2a, 0xc5, 0xff, 0x73, 0x2a, 0xcf, 0xef, 0x00, 0x00, 0x00, 0x00,
0x00, 0x00, 0x00, 0x00, 0x00, 0x00, 0x00, 0x00, 0x00, 0x00, 0x00, 0x00, 0x00, 0x00, 0x00, 0x00,
0x00, 0x00, 0x00, 0x00, 0x00, 0x00, 0x00, 0x00, 0x00, 0x00, 0x00, 0x00, 0x00, 0x00, 0x00, 0x00,
0x00, 0x00, 0x00, 0x00, 0x91, 0x42, 0xe6, 0xef, 0x8b, 0x40, 0xd9, 0xff, 0x3b, 0x29, 0x1e, 0xff,
0x3b, 0x29, 0x1e, 0xff, 0x3b, 0x29, 0x1e, 0xff, 0x3b, 0x29, 0x1e, 0xff, 0x21, 0x9b, 0xb8, 0xff,
0x15, 0xcc, 0xfa, 0xff, 0x15, 0xcc, 0xfa, 0xff, 0x15, 0xcc, 0xfa, 0xff, 0x15, 0xcc, 0xfa, 0xff,
0x15, 0xcc, 0xfa, 0xff, 0x15, 0xcc, 0xfa, 0xff, 0x21, 0x9a, 0xb8, 0xff, 0x3b, 0x29, 0x1e, 0xff,
0x3b, 0x29, 0x1e, 0xff, 0x3b, 0x29, 0x1e, 0xff, 0x3b, 0x29, 0x1e, 0xff, 0x3b, 0x29, 0x1e, 0xff,
0x3b, 0x29, 0x1e, 0xff, 0x3b, 0x29, 0x1e, 0xff, 0x3b, 0x29, 0x1e, 0xff, 0x3b, 0x29, 0x1e, 0xff,
0x3b, 0x29, 0x1e, 0xff, 0x3b, 0x29, 0x1e, 0xff, 0x3b, 0x29, 0x1e, 0xff, 0x3b, 0x29, 0x1e, 0xff,
0x3b, 0x29, 0x1e, 0xff, 0x3b, 0x29, 0x1e, 0xff, 0x3b, 0x29, 0x1e, 0xff, 0x3b, 0x29, 0x1e, 0xff,
0x3b, 0x29, 0x1e, 0xff, 0x3b, 0x29, 0x1e, 0xff, 0x3b, 0x29, 0x1e, 0xff, 0x3b, 0x29, 0x1e, 0xff,
0x3b, 0x29, 0x1e, 0xff, 0x70, 0x2a, 0xc4, 0xff, 0x72, 0x29, 0xce, 0xef, 0x00, 0x00, 0x00, 0x00,
0x00, 0x00, 0x00, 0x00, 0x00, 0x00, 0x00, 0x00, 0x00, 0x00, 0x00, 0x00, 0x00, 0x00, 0x00, 0x00,
0x00, 0x00, 0x00, 0x00, 0x00, 0x00, 0x00, 0x00, 0x00, 0x00, 0x00, 0x00, 0x00, 0x00, 0x00, 0x00,
0x00, 0x00, 0x00, 0x00, 0x90, 0x41, 0xe5, 0xef, 0x8a, 0x3f, 0xd8, 0xff, 0x3b, 0x29, 0x1e, 0xff,
0x3b, 0x29, 0x1e, 0xff, 0x3b, 0x29, 0x1e, 0xff, 0x3b, 0x29, 0x1e, 0xff, 0x21, 0x9b, 0xb8, 0xff,
0x15, 0xcc, 0xfa, 0xff, 0x15, 0xcc, 0xfa, 0xff, 0x15, 0xcc, 0xfa, 0xff, 0x15, 0xcc, 0xfa, 0xff,
0x15, 0xcc, 0xfa, 0xff, 0x15, 0xcc, 0xfa, 0xff, 0x21, 0x9a, 0xb8, 0xff, 0x3b, 0x29, 0x1e, 0xff,
0x3b, 0x29, 0x1e, 0xff, 0x3b, 0x29, 0x1e, 0xff, 0x3b, 0x29, 0x1e, 0xff, 0x3b, 0x29, 0x1e, 0xff,
0x3b, 0x29, 0x1e, 0xff, 0x3b, 0x29, 0x1e, 0xff, 0x3b, 0x29, 0x1e, 0xff, 0x3b, 0x29, 0x1e, 0xff,
0x3b, 0x29, 0x1e, 0xff, 0x3b, 0x29, 0x1e, 0xff, 0x3b, 0x29, 0x1e, 0xff, 0x3b, 0x29, 0x1e, 0xff,
0x3b, 0x29, 0x1e, 0xff, 0x3b, 0x29, 0x1e, 0xff, 0x3b, 0x29, 0x1e, 0xff, 0x3b, 0x29, 0x1e, 0xff,
0x3b, 0x29, 0x1e, 0xff, 0x3b, 0x29, 0x1e, 0xff, 0x3b, 0x29, 0x1e, 0xff, 0x3b, 0x29, 0x1e, 0xff,
0x3b, 0x29, 0x1e, 0xff, 0x6f, 0x29, 0xc3, 0xff, 0x71, 0x27, 0xcd, 0xef, 0x00, 0x00, 0x00, 0x00,
0x00, 0x00, 0x00, 0x00, 0x00, 0x00, 0x00, 0x00, 0x00, 0x00, 0x00, 0x00, 0x00, 0x00, 0x00, 0x00,
0x00, 0x00, 0x00, 0x00, 0x00, 0x00, 0x00, 0x00, 0x00, 0x00, 0x00, 0x00, 0x00, 0x00, 0x00, 0x00,
0x00, 0x00, 0x00, 0x00, 0x8f, 0x40, 0xe4, 0xef, 0x89, 0x3e, 0xd8, 0xff, 0x3b, 0x29, 0x1e, 0xff,
0x3b, 0x29, 0x1e, 0xff, 0x3b, 0x29, 0x1e, 0xff, 0x3b, 0x29, 0x1e, 0xff, 0x2a, 0x74, 0x83, 0xff,
0x15, 0xcc, 0xfa, 0xff, 0x15, 0xcc, 0xfa, 0xff, 0x15, 0xcc, 0xfa, 0xff, 0x15, 0xcc, 0xfa, 0xff,
0x15, 0xcc, 0xfa, 0xff, 0x15, 0xcc, 0xfa, 0xff, 0x2a, 0x73, 0x82, 0xff, 0x3b, 0x29, 0x1e, 0xff,
0x3b, 0x29, 0x1e, 0xff, 0x3b, 0x29, 0x1e, 0xff, 0x3b, 0x29, 0x1e, 0xff, 0x3b, 0x29, 0x1e, 0xff,
0x3b, 0x29, 0x1e, 0xff, 0x3b, 0x29, 0x1e, 0xff, 0x3b, 0x29, 0x1e, 0xff, 0x3b, 0x29, 0x1e, 0xff,
0x3b, 0x29, 0x1e, 0xff, 0x3b, 0x29, 0x1e, 0xff, 0x3b, 0x29, 0x1e, 0xff, 0x3b, 0x29, 0x1e, 0xff,
0x3b, 0x29, 0x1e, 0xff, 0x3b, 0x29, 0x1e, 0xff, 0x3b, 0x29, 0x1e, 0xff, 0x3b, 0x29, 0x1e, 0xff,
0x3b, 0x29, 0x1e, 0xff, 0x3b, 0x29, 0x1e, 0xff, 0x3b, 0x29, 0x1e, 0xff, 0x3b, 0x29, 0x1e, 0xff,
0x3b, 0x29, 0x1e, 0xff, 0x6e, 0x28, 0xc2, 0xff, 0x70, 0x27, 0xcd, 0xef, 0x00, 0x00, 0x00, 0x00,
0x00, 0x00, 0x00, 0x00, 0x00, 0x00, 0x00, 0x00, 0x00, 0x00, 0x00, 0x00, 0x00, 0x00, 0x00, 0x00,
0x00, 0x00, 0x00, 0x00, 0x00, 0x00, 0x00, 0x00, 0x00, 0x00, 0x00, 0x00, 0x00, 0x00, 0x00, 0x00,
0x00, 0x00, 0x00, 0x00, 0x8e, 0x3f, 0xe4, 0xef, 0x88, 0x3d, 0xd7, 0xff, 0x3b, 0x29, 0x1e, 0xff,
0x3b, 0x29, 0x1e, 0xff, 0x3b, 0x29, 0x1e, 0xff, 0x3b, 0x29, 0x1e, 0xff, 0x39, 0x30, 0x28, 0xff,
0x1d, 0xaa, 0xcd, 0xff, 0x15, 0xcc, 0xfa, 0xff, 0x15, 0xcc, 0xfa, 0xff, 0x15, 0xcc, 0xfa, 0xff,
0x15, 0xcc, 0xfa, 0xff, 0x1d, 0xab, 0xcc, 0xff, 0x3a, 0x2f, 0x27, 0xff, 0x3b, 0x29, 0x1e, 0xff,
0x3b, 0x29, 0x1e, 0xff, 0x3b, 0x29, 0x1e, 0xff, 0x3b, 0x29, 0x1e, 0xff, 0x3b, 0x29, 0x1e, 0xff,
0x3b, 0x29, 0x1e, 0xff, 0x3b, 0x29, 0x1e, 0xff, 0x3b, 0x29, 0x1e, 0xff, 0x3b, 0x29, 0x1e, 0xff,
0x3b, 0x29, 0x1e, 0xff, 0x3b, 0x29, 0x1e, 0xff, 0x3b, 0x29, 0x1e, 0xff, 0x3b, 0x29, 0x1e, 0xff,
0x3b, 0x29, 0x1e, 0xff, 0x3b, 0x29, 0x1e, 0xff, 0x3b, 0x29, 0x1e, 0xff, 0x3b, 0x29, 0x1e, 0xff,
0x3b, 0x29, 0x1e, 0xff, 0x3b, 0x29, 0x1e, 0xff, 0x3b, 0x29, 0x1e, 0xff, 0x3b, 0x29, 0x1e, 0xff,
0x3b, 0x29, 0x1e, 0xff, 0x6d, 0x28, 0xc2, 0xff, 0x6f, 0x26, 0xcc, 0xef, 0x00, 0x00, 0x00, 0x00,
0x00, 0x00, 0x00, 0x00, 0x00, 0x00, 0x00, 0x00, 0x00, 0x00, 0x00, 0x00, 0x00, 0x00, 0x00, 0x00,
0x00, 0x00, 0x00, 0x00, 0x00, 0x00, 0x00, 0x00, 0x00, 0x00, 0x00, 0x00, 0x00, 0x00, 0x00, 0x00,
0x00, 0x00, 0x00, 0x00, 0x8d, 0x3e, 0xe3, 0xef, 0x87, 0x3d, 0xd6, 0xff, 0x3b, 0x29, 0x1e, 0xff,
0x3b, 0x29, 0x1e, 0xff, 0x3b, 0x29, 0x1e, 0xff, 0x3b, 0x29, 0x1e, 0xff, 0x3b, 0x29, 0x1e, 0xff,
0x3a, 0x2c, 0x22, 0xff, 0x2b, 0x6d, 0x7a, 0xff, 0x22, 0x96, 0xb1, 0xff, 0x22, 0x96, 0xb1, 0xff,
0x2c, 0x6c, 0x79, 0xff, 0x3a, 0x2c, 0x22, 0xff, 0x3b, 0x29, 0x1e, 0xff, 0x3b, 0x29, 0x1e, 0xff,
0x3b, 0x29, 0x1e, 0xff, 0x3b, 0x29, 0x1e, 0xff, 0x3b, 0x29, 0x1e, 0xff, 0x3b, 0x29, 0x1e, 0xff,
0x3b, 0x29, 0x1e, 0xff, 0x3b, 0x29, 0x1e, 0xff, 0x3b, 0x29, 0x1e, 0xff, 0x3b, 0x29, 0x1e, 0xff,
0x3b, 0x29, 0x1e, 0xff, 0x3b, 0x29, 0x1e, 0xff, 0x3b, 0x29, 0x1e, 0xff, 0x3b, 0x29, 0x1e, 0xff,
0x3b, 0x29, 0x1e, 0xff, 0x3b, 0x29, 0x1e, 0xff, 0x3b, 0x29, 0x1e, 0xff, 0x3b, 0x29, 0x1e, 0xff,
0x3b, 0x29, 0x1e, 0xff, 0x3b, 0x29, 0x1e, 0xff, 0x3b, 0x29, 0x1e, 0xff, 0x3b, 0x29, 0x1e, 0xff,
0x3b, 0x29, 0x1e, 0xff, 0x6c, 0x27, 0xc1, 0xff, 0x6e, 0x26, 0xcb, 0xef, 0x00, 0x00, 0x00, 0x00,
0x00, 0x00, 0x00, 0x00, 0x00, 0x00, 0x00, 0x00, 0x00, 0x00, 0x00, 0x00, 0x00, 0x00, 0x00, 0x00,
0x00, 0x00, 0x00, 0x00, 0x00, 0x00, 0x00, 0x00, 0x00, 0x00, 0x00, 0x00, 0x00, 0x00, 0x00, 0x00,
0x00, 0x00, 0x00, 0x00, 0x8c, 0x3e, 0xe2, 0xef, 0x86, 0x3c, 0xd5, 0xff, 0x3b, 0x29, 0x1e, 0xff,
0x3b, 0x29, 0x1e, 0xff, 0x3b, 0x29, 0x1e, 0xff, 0x3b, 0x29, 0x1e, 0xff, 0x3b, 0x29, 0x1e, 0xff,
0x3b, 0x29, 0x1e, 0xff, 0x3b, 0x29, 0x1e, 0xff, 0x3b, 0x29, 0x1e, 0xff, 0x3b, 0x29, 0x1e, 0xff,
0x3b, 0x29, 0x1e, 0xff, 0x3b, 0x29, 0x1e, 0xff, 0x3b, 0x29, 0x1e, 0xff, 0x3b, 0x29, 0x1e, 0xff,
0x3b, 0x29, 0x1e, 0xff, 0x3b, 0x29, 0x1e, 0xff, 0x3b, 0x29, 0x1e, 0xff, 0x3b, 0x29, 0x1e, 0xff,
0x3b, 0x29, 0x1e, 0xff, 0x3b, 0x29, 0x1e, 0xff, 0x3b, 0x29, 0x1e, 0xff, 0x3b, 0x29, 0x1e, 0xff,
0x3b, 0x29, 0x1e, 0xff, 0x3b, 0x29, 0x1e, 0xff, 0x3b, 0x29, 0x1e, 0xff, 0x3b, 0x29, 0x1e, 0xff,
0x3b, 0x29, 0x1e, 0xff, 0x3b, 0x29, 0x1e, 0xff, 0x3b, 0x29, 0x1e, 0xff, 0x3b, 0x29, 0x1e, 0xff,
0x3b, 0x29, 0x1e, 0xff, 0x3b, 0x29, 0x1e, 0xff, 0x3b, 0x29, 0x1e, 0xff, 0x3b, 0x29, 0x1e, 0xff,
0x3b, 0x29, 0x1e, 0xff, 0x6b, 0x27, 0xc0, 0xff, 0x6d, 0x25, 0xca, 0xef, 0x00, 0x00, 0x00, 0x00,
0x00, 0x00, 0x00, 0x00, 0x00, 0x00, 0x00, 0x00, 0x00, 0x00, 0x00, 0x00, 0x00, 0x00, 0x00, 0x00,
0x00, 0x00, 0x00, 0x00, 0x00, 0x00, 0x00, 0x00, 0x00, 0x00, 0x00, 0x00, 0x00, 0x00, 0x00, 0x00,
0x00, 0x00, 0x00, 0x00, 0x8b, 0x3d, 0xe1, 0xef, 0x85, 0x3b, 0xd5, 0xff, 0x3b, 0x29, 0x1e, 0xff,
0x3b, 0x29, 0x1e, 0xff, 0x3b, 0x29, 0x1e, 0xff, 0x3b, 0x29, 0x1e, 0xff, 0x3b, 0x29, 0x1e, 0xff,
0x3b, 0x29, 0x1e, 0xff, 0x3b, 0x29, 0x1e, 0xff, 0x3b, 0x29, 0x1e, 0xff, 0x3b, 0x29, 0x1e, 0xff,
0x3b, 0x29, 0x1e, 0xff, 0x3b, 0x29, 0x1e, 0xff, 0x3b, 0x29, 0x1e, 0xff, 0x3b, 0x29, 0x1e, 0xff,
0x3b, 0x29, 0x1e, 0xff, 0x3b, 0x29, 0x1e, 0xff, 0x3b, 0x29, 0x1e, 0xff, 0x3b, 0x29, 0x1e, 0xff,
0x3b, 0x29, 0x1e, 0xff, 0x3b, 0x29, 0x1e, 0xff, 0x3b, 0x29, 0x1e, 0xff, 0x3b, 0x29, 0x1e, 0xff,
0x3b, 0x29, 0x1e, 0xff, 0x3b, 0x29, 0x1e, 0xff, 0x3b, 0x29, 0x1e, 0xff, 0x3b, 0x29, 0x1e, 0xff,
0x3b, 0x29, 0x1e, 0xff, 0x3b, 0x29, 0x1e, 0xff, 0x3b, 0x29, 0x1e, 0xff, 0x3b, 0x29, 0x1e, 0xff,
0x3b, 0x29, 0x1e, 0xff, 0x3b, 0x29, 0x1e, 0xff, 0x3b, 0x29, 0x1e, 0xff, 0x3b, 0x29, 0x1e, 0xff,
0x3b, 0x29, 0x1e, 0xff, 0x6a, 0x26, 0xbf, 0xff, 0x6c, 0x24, 0xca, 0xef, 0x00, 0x00, 0x00, 0x00,
0x00, 0x00, 0x00, 0x00, 0x00, 0x00, 0x00, 0x00, 0x00, 0x00, 0x00, 0x00, 0x00, 0x00, 0x00, 0x00,
0x00, 0x00, 0x00, 0x00, 0x00, 0x00, 0x00, 0x00, 0x00, 0x00, 0x00, 0x00, 0x00, 0x00, 0x00, 0x00,
0x00, 0x00, 0x00, 0x00, 0x8a, 0x3c, 0xe0, 0xef, 0x84, 0x3a, 0xd4, 0xff, 0x3b, 0x29, 0x1e, 0xff,
0x3b, 0x29, 0x1e, 0xff, 0x3b, 0x29, 0x1e, 0xff, 0x3b, 0x29, 0x1e, 0xff, 0x3b, 0x29, 0x1e, 0xff,
0x3b, 0x29, 0x1e, 0xff, 0x3b, 0x29, 0x1e, 0xff, 0x3b, 0x29, 0x1e, 0xff, 0x3b, 0x29, 0x1e, 0xff,
0x3b, 0x29, 0x1e, 0xff, 0x60, 0x33, 0x73, 0xff, 0x68, 0x35, 0x88, 0xff, 0x3b, 0x29, 0x1e, 0xff,
0x3b, 0x29, 0x1e, 0xff, 0x3b, 0x29, 0x1e, 0xff, 0x3b, 0x29, 0x1e, 0xff, 0x3b, 0x29, 0x1e, 0xff,
0x3b, 0x29, 0x1e, 0xff, 0x3b, 0x29, 0x1e, 0xff, 0x3b, 0x29, 0x1e, 0xff, 0x3b, 0x29, 0x1e, 0xff,
0x3b, 0x29, 0x1e, 0xff, 0x3b, 0x29, 0x1e, 0xff, 0x3b, 0x29, 0x1e, 0xff, 0x3b, 0x29, 0x1e, 0xff,
0x3b, 0x29, 0x1e, 0xff, 0x3b, 0x29, 0x1e, 0xff, 0x3b, 0x29, 0x1e, 0xff, 0x3b, 0x29, 0x1e, 0xff,
0x3b, 0x29, 0x1e, 0xff, 0x3b, 0x29, 0x1e, 0xff, 0x3b, 0x29, 0x1e, 0xff, 0x3b, 0x29, 0x1e, 0xff,
0x3b, 0x29, 0x1e, 0xff, 0x69, 0x25, 0xbe, 0xff, 0x6b, 0x23, 0xc9, 0xef, 0x00, 0x00, 0x00, 0x00,
0x00, 0x00, 0x00, 0x00, 0x00, 0x00, 0x00, 0x00, 0x00, 0x00, 0x00, 0x00, 0x00, 0x00, 0x00, 0x00,
0x00, 0x00, 0x00, 0x00, 0x00, 0x00, 0x00, 0x00, 0x00, 0x00, 0x00, 0x00, 0x00, 0x00, 0x00, 0x00,
0x00, 0x00, 0x00, 0x00, 0x89, 0x3b, 0xe0, 0xef, 0x83, 0x39, 0xd3, 0xff, 0x3b, 0x29, 0x1e, 0xff,
0x3b, 0x29, 0x1e, 0xff, 0x3b, 0x29, 0x1e, 0xff, 0x3b, 0x29, 0x1e, 0xff, 0x3b, 0x29, 0x1e, 0xff,
0x3b, 0x29, 0x1e, 0xff, 0x3b, 0x29, 0x1e, 0xff, 0x3b, 0x29, 0x1e, 0xff, 0x3b, 0x29, 0x1e, 0xff,
0x53, 0x30, 0x59, 0xff, 0x8b, 0x3d, 0xdf, 0xff, 0x8b, 0x3d, 0xe1, 0xff, 0x62, 0x32, 0x80, 0xff,
0x3b, 0x29, 0x1e, 0xff, 0x3b, 0x29, 0x1e, 0xff, 0x3b, 0x29, 0x1e, 0xff, 0x3b, 0x29, 0x1e, 0xff,
0x3b, 0x29, 0x1e, 0xff, 0x3b, 0x29, 0x1e, 0xff, 0x3b, 0x29, 0x1e, 0xff, 0x3b, 0x29, 0x1e, 0xff,
0x3b, 0x29, 0x1e, 0xff, 0x3b, 0x29, 0x1e, 0xff, 0x3b, 0x29, 0x1e, 0xff, 0x4b, 0x2c, 0x48, 0xff,
0x3b, 0x29, 0x1e, 0xff, 0x3b, 0x29, 0x1e, 0xff, 0x3b, 0x29, 0x1e, 0xff, 0x3b, 0x29, 0x1e, 0xff,
0x3b, 0x29, 0x1e, 0xff, 0x3b, 0x29, 0x1e, 0xff, 0x3b, 0x29, 0x1e, 0xff, 0x3b, 0x29, 0x1e, 0xff,
0x3b, 0x29, 0x1e, 0xff, 0x68, 0x24, 0xbe, 0xff, 0x6a, 0x22, 0xc8, 0xef, 0x00, 0x00, 0x00, 0x00,
0x00, 0x00, 0x00, 0x00, 0x00, 0x00, 0x00, 0x00, 0x00, 0x00, 0x00, 0x00, 0x00, 0x00, 0x00, 0x00,
0x00, 0x00, 0x00, 0x00, 0x00, 0x00, 0x00, 0x00, 0x00, 0x00, 0x00, 0x00, 0x00, 0x00, 0x00, 0x00,
0x00, 0x00, 0x00, 0x00, 0x88, 0x3a, 0xdf, 0xef, 0x83, 0x39, 0xd2, 0xff, 0x3b, 0x29, 0x1e, 0xff,
0x3b, 0x29, 0x1e, 0xff, 0x3b, 0x29, 0x1e, 0xff, 0x3b, 0x29, 0x1e, 0xff, 0x3b, 0x29, 0x1e, 0xff,
0x3b, 0x29, 0x1e, 0xff, 0x3b, 0x29, 0x1e, 0xff, 0x3b, 0x29, 0x1e, 0xff, 0x4b, 0x2d, 0x43, 0xff,
0x87, 0x3b, 0xd7, 0xff, 0x89, 0x3b, 0xe0, 0xff, 0x88, 0x3b, 0xdf, 0xff, 0x87, 0x3a, 0xde, 0xff,
0x63, 0x31, 0x84, 0xff, 0x3b, 0x29, 0x1e, 0xff, 0x3b, 0x29, 0x1e, 0xff, 0x3b, 0x29, 0x1e, 0xff,
0x3b, 0x29, 0x1e, 0xff, 0x3b, 0x29, 0x1e, 0xff, 0x3b, 0x29, 0x1e, 0xff, 0x3b, 0x29, 0x1e, 0xff,
0x3b, 0x29, 0x1e, 0xff, 0x3b, 0x29, 0x1e, 0xff, 0x5b, 0x2d, 0x7a, 0xff, 0x7b, 0x30, 0xd4, 0xff,
0x51, 0x2b, 0x5e, 0xff, 0x3b, 0x29, 0x1e, 0xff, 0x3b, 0x29, 0x1e, 0xff, 0x3b, 0x29, 0x1e, 0xff,
0x3b, 0x29, 0x1e, 0xff, 0x3b, 0x29, 0x1e, 0xff, 0x3b, 0x29, 0x1e, 0xff, 0x3b, 0x29, 0x1e, 0xff,
0x3b, 0x29, 0x1e, 0xff, 0x67, 0x23, 0xbd, 0xff, 0x69, 0x22, 0xc8, 0xef, 0x00, 0x00, 0x00, 0x00,
0x00, 0x00, 0x00, 0x00, 0x00, 0x00, 0x00, 0x00, 0x00, 0x00, 0x00, 0x00, 0x00, 0x00, 0x00, 0x00,
0x00, 0x00, 0x00, 0x00, 0x00, 0x00, 0x00, 0x00, 0x00, 0x00, 0x00, 0x00, 0x00, 0x00, 0x00, 0x00,
0x00, 0x00, 0x00, 0x00, 0x88, 0x3a, 0xde, 0xef, 0x82, 0x38, 0xd1, 0xff, 0x3b, 0x29, 0x1e, 0xff,
0x3b, 0x29, 0x1e, 0xff, 0x3b, 0x29, 0x1e, 0xff, 0x3b, 0x29, 0x1e, 0xff, 0x3b, 0x29, 0x1e, 0xff,
0x3b, 0x29, 0x1e, 0xff, 0x3b, 0x29, 0x1e, 0xff, 0x43, 0x2b, 0x32, 0xff, 0x80, 0x39, 0xc9, 0xff,
0x88, 0x3a, 0xdf, 0xff, 0x87, 0x39, 0xde, 0xff, 0x86, 0x38, 0xdd, 0xff, 0x85, 0x38, 0xdc, 0xff,
0x84, 0x37, 0xdc, 0xff, 0x62, 0x30, 0x83, 0xff, 0x3b, 0x29, 0x1e, 0xff, 0x3b, 0x29, 0x1e, 0xff,
0x3b, 0x29, 0x1e, 0xff, 0x3b, 0x29, 0x1e, 0xff, 0x3b, 0x29, 0x1e, 0xff, 0x3b, 0x29, 0x1e, 0xff,
0x3b, 0x29, 0x1e, 0xff, 0x5b, 0x2c, 0x7a, 0xff, 0x79, 0x2f, 0xd4, 0xff, 0x78, 0x2e, 0xd3, 0xff,
0x75, 0x2d, 0xcc, 0xff, 0x48, 0x29, 0x44, 0xff, 0x3b, 0x29, 0x1e, 0xff, 0x3b, 0x29, 0x1e, 0xff,
0x3b, 0x29, 0x1e, 0xff, 0x3b, 0x29, 0x1e, 0xff, 0x3b, 0x29, 0x1e, 0xff, 0x3b, 0x29, 0x1e, 0xff,
0x3b, 0x29, 0x1e, 0xff, 0x66, 0x23, 0xbd, 0xff, 0x67, 0x21, 0xc6, 0xef, 0x00, 0x00, 0x00, 0x00,
0x00, 0x00, 0x00, 0x00, 0x00, 0x00, 0x00, 0x00, 0x00, 0x00, 0x00, 0x00, 0x00, 0x00, 0x00, 0x00,
0x00, 0x00, 0x00, 0x00, 0x00, 0x00, 0x00, 0x00, 0x00, 0x00, 0x00, 0x00, 0x00, 0x00, 0x00, 0x00,
0x00, 0x00, 0x00, 0x00, 0x86, 0x39, 0xdd, 0xef, 0x81, 0x37, 0xd1, 0xff, 0x3b, 0x29, 0x1e, 0xff,
0x3b, 0x29, 0x1e, 0xff, 0x3b, 0x29, 0x1e, 0xff, 0x3b, 0x29, 0x1e, 0xff, 0x3b, 0x29, 0x1e, 0xff,
0x3b, 0x29, 0x1e, 0xff, 0x3e, 0x2a, 0x27, 0xff, 0x79, 0x36, 0xba, 0xff, 0x86, 0x39, 0xdd, 0xff,
0x85, 0x38, 0xdc, 0xff, 0x84, 0x37, 0xdc, 0xff, 0x83, 0x36, 0xdb, 0xff, 0x82, 0x35, 0xda, 0xff,
0x81, 0x35, 0xd9, 0xff, 0x80, 0x34, 0xd9, 0xff, 0x60, 0x2e, 0x81, 0xff, 0x3b, 0x29, 0x1e, 0xff,
0x3b, 0x29, 0x1e, 0xff, 0x3b, 0x29, 0x1e, 0xff, 0x3b, 0x29, 0x1e, 0xff, 0x3b, 0x29, 0x1e, 0xff,
0x5a, 0x2b, 0x79, 0xff, 0x78, 0x2d, 0xd2, 0xff, 0x77, 0x2d, 0xd2, 0xff, 0x76, 0x2c, 0xd1, 0xff,
0x75, 0x2b, 0xd0, 0xff, 0x6f, 0x2a, 0xbe, 0xff, 0x42, 0x29, 0x32, 0xff, 0x3b, 0x29, 0x1e, 0xff,
0x3b, 0x29, 0x1e, 0xff, 0x3b, 0x29, 0x1e, 0xff, 0x3b, 0x29, 0x1e, 0xff, 0x3b, 0x29, 0x1e, 0xff,
0x3b, 0x29, 0x1e, 0xff, 0x65, 0x22, 0xbc, 0xff, 0x67, 0x20, 0xc6, 0xef, 0x00, 0x00, 0x00, 0x00,
0x00, 0x00, 0x00, 0x00, 0x00, 0x00, 0x00, 0x00, 0x00, 0x00, 0x00, 0x00, 0x00, 0x00, 0x00, 0x00,
0x00, 0x00, 0x00, 0x00, 0x00, 0x00, 0x00, 0x00, 0x00, 0x00, 0x00, 0x00, 0x00, 0x00, 0x00, 0x00,
0x00, 0x00, 0x00, 0x00, 0x85, 0x37, 0xdd, 0xef, 0x80, 0x37, 0xd0, 0xff, 0x3b, 0x29, 0x1e, 0xff,
0x3b, 0x29, 0x1e, 0xff, 0x3b, 0x29, 0x1e, 0xff, 0x3b, 0x29, 0x1e, 0xff, 0x3b, 0x29, 0x1e, 0xff,
0x3c, 0x29, 0x20, 0xff, 0x6e, 0x34, 0xa2, 0xff, 0x84, 0x37, 0xdc, 0xff, 0x83, 0x36, 0xdb, 0xff,
0x82, 0x35, 0xda, 0xff, 0x81, 0x35, 0xd9, 0xff, 0x80, 0x34, 0xd9, 0xff, 0x7f, 0x33, 0xd8, 0xff,
0x7e, 0x32, 0xd7, 0xff, 0x7d, 0x31, 0xd6, 0xff, 0x7c, 0x31, 0xd6, 0xff, 0x5e, 0x2d, 0x80, 0xff,
0x3b, 0x29, 0x1e, 0xff, 0x3b, 0x29, 0x1e, 0xff, 0x3b, 0x29, 0x1e, 0xff, 0x59, 0x2b, 0x78, 0xff,
0x76, 0x2c, 0xd1, 0xff, 0x75, 0x2b, 0xd0, 0xff, 0x74, 0x2a, 0xcf, 0xff, 0x73, 0x29, 0xcf, 0xff,
0x72, 0x29, 0xce, 0xff, 0x71, 0x28, 0xcd, 0xff, 0x66, 0x27, 0xaa, 0xff, 0x3d, 0x29, 0x26, 0xff,
0x3b, 0x29, 0x1e, 0xff, 0x3b, 0x29, 0x1e, 0xff, 0x3b, 0x29, 0x1e, 0xff, 0x3b, 0x29, 0x1e, 0xff,
0x3b, 0x29, 0x1e, 0xff, 0x65, 0x21, 0xbc, 0xff, 0x66, 0x1f, 0xc5, 0xef, 0x00, 0x00, 0x00, 0x00,
0x00, 0x00, 0x00, 0x00, 0x00, 0x00, 0x00, 0x00, 0x00, 0x00, 0x00, 0x00, 0x00, 0x00, 0x00, 0x00,
0x00, 0x00, 0x00, 0x00, 0x00, 0x00, 0x00, 0x00, 0x00, 0x00, 0x00, 0x00, 0x00, 0x00, 0x00, 0x00,
0x00, 0x00, 0x00, 0x00, 0x84, 0x37, 0xdc, 0xef, 0x7f, 0x36, 0xcf, 0xff, 0x3b, 0x29, 0x1e, 0xff,
0x3b, 0x29, 0x1e, 0xff, 0x3b, 0x29, 0x1e, 0xff, 0x3b, 0x29, 0x1e, 0xff, 0x3b, 0x29, 0x1e, 0xff,
0x64, 0x31, 0x8a, 0xff, 0x82, 0x36, 0xda, 0xff, 0x81, 0x35, 0xda, 0xff, 0x80, 0x34, 0xd9, 0xff,
0x7f, 0x33, 0xd8, 0xff, 0x7e, 0x32, 0xd7, 0xff, 0x7d, 0x32, 0xd6, 0xff, 0x7c, 0x31, 0xd6, 0xff,
0x7b, 0x30, 0xd5, 0xff, 0x7a, 0x2f, 0xd4, 0xff, 0x79, 0x2e, 0xd3, 0xff, 0x78, 0x2e, 0xd3, 0xff,
0x5b, 0x2b, 0x7e, 0xff, 0x3b, 0x29, 0x1e, 0xff, 0x58, 0x2a, 0x77, 0xff, 0x74, 0x2a, 0xd0, 0xff,
0x73, 0x2a, 0xcf, 0xff, 0x72, 0x29, 0xce, 0xff, 0x71, 0x28, 0xcd, 0xff, 0x70, 0x27, 0xcd, 0xff,
0x6f, 0x26, 0xcc, 0xff, 0x6e, 0x26, 0xcb, 0xff, 0x6d, 0x25, 0xca, 0xff, 0x5c, 0x25, 0x92, 0xff,
0x3b, 0x29, 0x1f, 0xff, 0x3b, 0x29, 0x1e, 0xff, 0x3b, 0x29, 0x1e, 0xff, 0x3b, 0x29, 0x1e, 0xff,
0x3b, 0x29, 0x1e, 0xff, 0x64, 0x20, 0xbb, 0xff, 0x65, 0x1e, 0xc4, 0xef, 0x00, 0x00, 0x00, 0x00,
0x00, 0x00, 0x00, 0x00, 0x00, 0x00, 0x00, 0x00, 0x00, 0x00, 0x00, 0x00, 0x00, 0x00, 0x00, 0x00,
0x00, 0x00, 0x00, 0x00, 0x00, 0x00, 0x00, 0x00, 0x00, 0x00, 0x00, 0x00, 0x00, 0x00, 0x00, 0x00,
0x00, 0x00, 0x00, 0x00, 0x83, 0x36, 0xdb, 0xef, 0x7e, 0x36, 0xce, 0xff, 0x3b, 0x29, 0x1e, 0xff,
0x3b, 0x29, 0x1e, 0xff, 0x3b, 0x29, 0x1e, 0xff, 0x3b, 0x29, 0x1e, 0xff, 0x59, 0x2e, 0x6e, 0xff,
0x80, 0x34, 0xd9, 0xff, 0x7f, 0x33, 0xd8, 0xff, 0x7e, 0x32, 0xd7, 0xff, 0x7d, 0x32, 0xd7, 0xff,
0x7c, 0x31, 0xd6, 0xff, 0x7b, 0x30, 0xd5, 0xff, 0x7a, 0x2f, 0xd4, 0xff, 0x79, 0x2e, 0xd4, 0xff,
0x78, 0x2e, 0xd3, 0xff, 0x77, 0x2d, 0xd2, 0xff, 0x76, 0x2c, 0xd1, 0xff, 0x75, 0x2b, 0xd0, 0xff,
0x74, 0x2a, 0xd0, 0xff, 0x66, 0x2a, 0xa3, 0xff, 0x72, 0x29, 0xce, 0xff, 0x71, 0x28, 0xcd, 0xff,
0x70, 0x27, 0xcd, 0xff, 0x6f, 0x26, 0xcc, 0xff, 0x6e, 0x26, 0xcb, 0xff, 0x6d, 0x25, 0xca, 0xff,
0x6c, 0x24, 0xca, 0xff, 0x6b, 0x23, 0xc9, 0xff, 0x6a, 0x22, 0xc8, 0xff, 0x69, 0x22, 0xc7, 0xff,
0x51, 0x25, 0x72, 0xff, 0x3b, 0x29, 0x1e, 0xff, 0x3b, 0x29, 0x1e, 0xff, 0x3b, 0x29, 0x1e, 0xff,
0x3b, 0x29, 0x1e, 0xff, 0x63, 0x1f, 0xba, 0xff, 0x64, 0x1e, 0xc3, 0xef, 0x00, 0x00, 0x00, 0x00,
0x00, 0x00, 0x00, 0x00, 0x00, 0x00, 0x00, 0x00, 0x00, 0x00, 0x00, 0x00, 0x00, 0x00, 0x00, 0x00,
0x00, 0x00, 0x00, 0x00, 0x00, 0x00, 0x00, 0x00, 0x00, 0x00, 0x00, 0x00, 0x00, 0x00, 0x00, 0x00,
0x00, 0x00, 0x00, 0x00, 0x82, 0x36, 0xda, 0xef, 0x7d, 0x35, 0xce, 0xff, 0x3b, 0x29, 0x1e, 0xff,
0x3b, 0x29, 0x1e, 0xff, 0x3b, 0x29, 0x1e, 0xff, 0x4e, 0x2c, 0x53, 0xff, 0x7d, 0x33, 0xd4, 0xff,
0x7d, 0x32, 0xd7, 0xff, 0x7c, 0x31, 0xd6, 0xff, 0x7b, 0x30, 0xd5, 0xff, 0x7a, 0x2f, 0xd4, 0xff,
0x79, 0x2f, 0xd4, 0xff, 0x78, 0x2e, 0xd3, 0xff, 0x77, 0x2d, 0xd2, 0xff, 0x76, 0x2c, 0xd1, 0xff,
0x75, 0x2b, 0xd1, 0xff, 0x74, 0x2b, 0xd0, 0xff, 0x73, 0x2a, 0xcf, 0xff, 0x72, 0x29, 0xce, 0xff,
0x71, 0x28, 0xcd, 0xff, 0x70, 0x27, 0xcd, 0xff, 0x6f, 0x27, 0xcc, 0xff, 0x6e, 0x26, 0xcb, 0xff,
0x6d, 0x25, 0xca, 0xff, 0x6c, 0x24, 0xca, 0xff, 0x6b, 0x23, 0xc9, 0xff, 0x6a, 0x23, 0xc8, 0xff,
0x69, 0x22, 0xc7, 0xff, 0x68, 0x21, 0xc7, 0xff, 0x67, 0x20, 0xc6, 0xff, 0x66, 0x1f, 0xc5, 0xff,
0x65, 0x1f, 0xc3, 0xff, 0x49, 0x25, 0x58, 0xff, 0x3b, 0x29, 0x1e, 0xff, 0x3b, 0x29, 0x1e, 0xff,
0x3b, 0x29, 0x1e, 0xff, 0x62, 0x1f, 0xb9, 0xff, 0x63, 0x1d, 0xc3, 0xef, 0x00, 0x00, 0x00, 0x00,
0x00, 0x00, 0x00, 0x00, 0x00, 0x00, 0x00, 0x00, 0x00, 0x00, 0x00, 0x00, 0x00, 0x00, 0x00, 0x00,
0x00, 0x00, 0x00, 0x00, 0x00, 0x00, 0x00, 0x00, 0x00, 0x00, 0x00, 0x00, 0x00, 0x00, 0x00, 0x00,
0x00, 0x00, 0x00, 0x00, 0x81, 0x35, 0xda, 0xef, 0x7c, 0x34, 0xcd, 0xff, 0x3b, 0x29, 0x1e, 0xff,
0x3b, 0x29, 0x1e, 0xff, 0x48, 0x2b, 0x41, 0xff, 0x79, 0x31, 0xcd, 0xff, 0x7b, 0x30, 0xd5, 0xff,
0x7a, 0x2f, 0xd5, 0xff, 0x79, 0x2f, 0xd4, 0xff, 0x78, 0x2e, 0xd3, 0xff, 0x77, 0x2d, 0xd2, 0xff,
0x76, 0x2c, 0xd1, 0xff, 0x75, 0x2b, 0xd1, 0xff, 0x74, 0x2b, 0xd0, 0xff, 0x73, 0x2a, 0xcf, 0xff,
0x72, 0x29, 0xce, 0xff, 0x71, 0x28, 0xce, 0xff, 0x70, 0x27, 0xcd, 0xff, 0x6f, 0x27, 0xcc, 0xff,
0x6e, 0x26, 0xcb, 0xff, 0x6d, 0x25, 0xcb, 0xff, 0x6c, 0x24, 0xca, 0xff, 0x6b, 0x23, 0xc9, 0xff,
0x6a, 0x23, 0xc8, 0xff, 0x69, 0x22, 0xc7, 0xff, 0x68, 0x21, 0xc7, 0xff, 0x67, 0x20, 0xc6, 0xff,
0x66, 0x1f, 0xc5, 0xff, 0x65, 0x1f, 0xc4, 0xff, 0x64, 0x1e, 0xc4, 0xff, 0x63, 0x1d, 0xc3, 0xff,
0x62, 0x1c, 0xc2, 0xff, 0x60, 0x1b, 0xbc, 0xff, 0x43, 0x26, 0x41, 0xff, 0x3b, 0x29, 0x1e, 0xff,
0x3b, 0x29, 0x1e, 0xff, 0x61, 0x1e, 0xb9, 0xff, 0x62, 0x1c, 0xc2, 0xef, 0x00, 0x00, 0x00, 0x00,
0x00, 0x00, 0x00, 0x00, 0x00, 0x00, 0x00, 0x00, 0x00, 0x00, 0x00, 0x00, 0x00, 0x00, 0x00, 0x00,
0x00, 0x00, 0x00, 0x00, 0x00, 0x00, 0x00, 0x00, 0x00, 0x00, 0x00, 0x00, 0x00, 0x00, 0x00, 0x00,
0x00, 0x00, 0x00, 0x00, 0x80, 0x34, 0xd9, 0xeb, 0x7c, 0x33, 0xcf, 0xff, 0x3b, 0x29, 0x1e, 0xff,
0x3b, 0x29, 0x1e, 0xff, 0x57, 0x2c, 0x6c, 0xff, 0x5d, 0x2c, 0x7f, 0xff, 0x5d, 0x2c, 0x7f, 0xff,
0x5c, 0x2b, 0x7e, 0xff, 0x5b, 0x2a, 0x7e, 0xff, 0x5b, 0x2a, 0x7d, 0xff, 0x5a, 0x2a, 0x7d, 0xff,
0x5a, 0x29, 0x7c, 0xff, 0x59, 0x29, 0x7c, 0xff, 0x59, 0x28, 0x7c, 0xff, 0x58, 0x28, 0x7b, 0xff,
0x58, 0x28, 0x7b, 0xff, 0x57, 0x27, 0x7a, 0xff, 0x57, 0x27, 0x7a, 0xff, 0x56, 0x26, 0x7a, 0xff,
0x56, 0x26, 0x79, 0xff, 0x55, 0x26, 0x79, 0xff, 0x54, 0x25, 0x79, 0xff, 0x53, 0x25, 0x78, 0xff,
0x53, 0x24, 0x78, 0xff, 0x52, 0x24, 0x77, 0xff, 0x52, 0x24, 0x77, 0xff, 0x51, 0x23, 0x77, 0xff,
0x51, 0x22, 0x76, 0xff, 0x50, 0x22, 0x75, 0xff, 0x50, 0x22, 0x75, 0xff, 0x4f, 0x21, 0x75, 0xff,
0x4f, 0x21, 0x74, 0xff, 0x4e, 0x20, 0x74, 0xff, 0x4a, 0x21, 0x63, 0xff, 0x3b, 0x29, 0x1e, 0xff,
0x3b, 0x29, 0x1e, 0xff, 0x60, 0x1d, 0xba, 0xff, 0x61, 0x1b, 0xc1, 0xec, 0x00, 0x00, 0x00, 0x00,
0x00, 0x00, 0x00, 0x00, 0x00, 0x00, 0x00, 0x00, 0x00, 0x00, 0x00, 0x00, 0x00, 0x00, 0x00, 0x00,
0x00, 0x00, 0x00, 0x00, 0x00, 0x00, 0x00, 0x00, 0x00, 0x00, 0x00, 0x00, 0x00, 0x00, 0x00, 0x00,
0x00, 0x00, 0x00, 0x00, 0x80, 0x32, 0xd8, 0xca, 0x7e, 0x32, 0xd7, 0xff, 0x46, 0x2a, 0x3d, 0xff,
0x3b, 0x29, 0x1e, 0xff, 0x3b, 0x29, 0x1e, 0xff, 0x3b, 0x29, 0x1e, 0xff, 0x3b, 0x29, 0x1e, 0xff,
0x3b, 0x29, 0x1e, 0xff, 0x3b, 0x29, 0x1e, 0xff, 0x3b, 0x29, 0x1e, 0xff, 0x3b, 0x29, 0x1e, 0xff,
0x3b, 0x29, 0x1e, 0xff, 0x3b, 0x29, 0x1e, 0xff, 0x3b, 0x29, 0x1e, 0xff, 0x3b, 0x29, 0x1e, 0xff,
0x3b, 0x29, 0x1e, 0xff, 0x3b, 0x29, 0x1e, 0xff, 0x3b, 0x29, 0x1e, 0xff, 0x3b, 0x29, 0x1e, 0xff,
0x3b, 0x29, 0x1e, 0xff, 0x3b, 0x29, 0x1e, 0xff, 0x3b, 0x29, 0x1e, 0xff, 0x3b, 0x29, 0x1e, 0xff,
0x3b, 0x29, 0x1e, 0xff, 0x3b, 0x29, 0x1e, 0xff, 0x3b, 0x29, 0x1e, 0xff, 0x3b, 0x29, 0x1e, 0xff,
0x3b, 0x29, 0x1e, 0xff, 0x3b, 0x29, 0x1e, 0xff, 0x3b, 0x29, 0x1e, 0xff, 0x3b, 0x29, 0x1e, 0xff,
0x3b, 0x29, 0x1e, 0xff, 0x3b, 0x29, 0x1e, 0xff, 0x3b, 0x29, 0x1e, 0xff, 0x3b, 0x29, 0x1e, 0xff,
0x40, 0x27, 0x30, 0xff, 0x61, 0x1b, 0xc1, 0xff, 0x60, 0x1a, 0xc0, 0xcf, 0x00, 0x00, 0x00, 0x00,
0x00, 0x00, 0x00, 0x00, 0x00, 0x00, 0x00, 0x00, 0x00, 0x00, 0x00, 0x00, 0x00, 0x00, 0x00, 0x00,
0x00, 0x00, 0x00, 0x00, 0x00, 0x00, 0x00, 0x00, 0x00, 0x00, 0x00, 0x00, 0x00, 0x00, 0x00, 0x00,
0x00, 0x00, 0x00, 0x00, 0x7d, 0x33, 0xd8, 0x6e, 0x7d, 0x32, 0xd7, 0xff, 0x6c, 0x2f, 0xa8, 0xff,
0x3b, 0x2a, 0x21, 0xff, 0x3b, 0x29, 0x1e, 0xff, 0x3b, 0x29, 0x1e, 0xff, 0x3b, 0x29, 0x1e, 0xff,
0x3b, 0x29, 0x1e, 0xff, 0x3b, 0x29, 0x1e, 0xff, 0x3b, 0x29, 0x1e, 0xff, 0x3b, 0x29, 0x1e, 0xff,
0x3b, 0x29, 0x1e, 0xff, 0x3b, 0x29, 0x1e, 0xff, 0x3b, 0x29, 0x1e, 0xff, 0x3b, 0x29, 0x1e, 0xff,
0x3b, 0x29, 0x1e, 0xff, 0x3b, 0x29, 0x1e, 0xff, 0x3b, 0x29, 0x1e, 0xff, 0x3b, 0x29, 0x1e, 0xff,
0x3b, 0x29, 0x1e, 0xff, 0x3b, 0x29, 0x1e, 0xff, 0x3b, 0x29, 0x1e, 0xff, 0x3b, 0x29, 0x1e, 0xff,
0x3b, 0x29, 0x1e, 0xff, 0x3b, 0x29, 0x1e, 0xff, 0x3b, 0x29, 0x1e, 0xff, 0x3b, 0x29, 0x1e, 0xff,
0x3b, 0x29, 0x1e, 0xff, 0x3b, 0x29, 0x1e, 0xff, 0x3b, 0x29, 0x1e, 0xff, 0x3b, 0x29, 0x1e, 0xff,
0x3b, 0x29, 0x1e, 0xff, 0x3b, 0x29, 0x1e, 0xff, 0x3b, 0x29, 0x1e, 0xff, 0x3b, 0x29, 0x1e, 0xff,
0x51, 0x21, 0x7e, 0xff, 0x60, 0x1a, 0xc0, 0xff, 0x60, 0x1b, 0xc0, 0x85, 0x00, 0x00, 0x00, 0x00,
0x00, 0x00, 0x00, 0x00, 0x00, 0x00, 0x00, 0x00, 0x00, 0x00, 0x00, 0x00, 0x00, 0x00, 0x00, 0x00,
0x00, 0x00, 0x00, 0x00, 0x00, 0x00, 0x00, 0x00, 0x00, 0x00, 0x00, 0x00, 0x00, 0x00, 0x00, 0x00,
0x00, 0x00, 0x00, 0x00, 0x55, 0x55, 0xff, 0x03, 0x7c, 0x30, 0xd6, 0xc8, 0x7b, 0x30, 0xd5, 0xff,
0x67, 0x2e, 0x9f, 0xff, 0x44, 0x2a, 0x38, 0xff, 0x3b, 0x29, 0x1e, 0xff, 0x3b, 0x29, 0x1e, 0xff,
0x3b, 0x29, 0x1e, 0xff, 0x3b, 0x29, 0x1e, 0xff, 0x3b, 0x29, 0x1e, 0xff, 0x3b, 0x29, 0x1e, 0xff,
0x3b, 0x29, 0x1e, 0xff, 0x3b, 0x29, 0x1e, 0xff, 0x3b, 0x29, 0x1e, 0xff, 0x3b, 0x29, 0x1e, 0xff,
0x3b, 0x29, 0x1e, 0xff, 0x3b, 0x29, 0x1e, 0xff, 0x3b, 0x29, 0x1e, 0xff, 0x3b, 0x29, 0x1e, 0xff,
0x3b, 0x29, 0x1e, 0xff, 0x3b, 0x29, 0x1e, 0xff, 0x3b, 0x29, 0x1e, 0xff, 0x3b, 0x29, 0x1e, 0xff,
0x3b, 0x29, 0x1e, 0xff, 0x3b, 0x29, 0x1e, 0xff, 0x3b, 0x29, 0x1e, 0xff, 0x3b, 0x29, 0x1e, 0xff,
0x3b, 0x29, 0x1e, 0xff, 0x3b, 0x29, 0x1e, 0xff, 0x3b, 0x29, 0x1e, 0xff, 0x3b, 0x29, 0x1e, 0xff,
0x3b, 0x29, 0x1e, 0xff, 0x3b, 0x29, 0x1e, 0xff, 0x40, 0x27, 0x30, 0xff, 0x51, 0x21, 0x7e, 0xff,
0x60, 0x1a, 0xc0, 0xff, 0x5f, 0x1a, 0xbf, 0xea, 0x59, 0x1a, 0xbf, 0x14, 0x00, 0x00, 0x00, 0x00,
0x00, 0x00, 0x00, 0x00, 0x00, 0x00, 0x00, 0x00, 0x00, 0x00, 0x00, 0x00, 0x00, 0x00, 0x00, 0x00,
0x00, 0x00, 0x00, 0x00, 0x00, 0x00, 0x00, 0x00, 0x00, 0x00, 0x00, 0x00, 0x00, 0x00, 0x00, 0x00,
0x00, 0x00, 0x00, 0x00, 0x00, 0x00, 0x00, 0x00, 0x7b, 0x31, 0xd6, 0x1f, 0x7a, 0x2f, 0xd4, 0xd7,
0x79, 0x2f, 0xd4, 0xff, 0x79, 0x2e, 0xd3, 0xff, 0x75, 0x2d, 0xca, 0xff, 0x73, 0x2d, 0xc6, 0xff,
0x72, 0x2c, 0xc5, 0xff, 0x71, 0x2b, 0xc5, 0xff, 0x70, 0x2b, 0xc4, 0xff, 0x70, 0x2a, 0xc3, 0xff,
0x6f, 0x29, 0xc3, 0xff, 0x6e, 0x29, 0xc2, 0xff, 0x6d, 0x28, 0xc1, 0xff, 0x6d, 0x27, 0xc1, 0xff,
0x6c, 0x27, 0xc0, 0xff, 0x6c, 0x26, 0xbf, 0xff, 0x6b, 0x26, 0xbf, 0xff, 0x6a, 0x26, 0xbf, 0xff,
0x69, 0x25, 0xbf, 0xff, 0x68, 0x24, 0xbe, 0xff, 0x67, 0x24, 0xbd, 0xff, 0x67, 0x23, 0xbd, 0xff,
0x66, 0x22, 0xbc, 0xff, 0x65, 0x22, 0xbb, 0xff, 0x64, 0x21, 0xbb, 0xff, 0x63, 0x20, 0xba, 0xff,
0x62, 0x20, 0xb9, 0xff, 0x62, 0x1f, 0xb9, 0xff, 0x61, 0x1e, 0xb8, 0xff, 0x60, 0x1e, 0xb8, 0xff,
0x5f, 0x1d, 0xb7, 0xff, 0x5f, 0x1c, 0xb9, 0xff, 0x60, 0x1b, 0xc1, 0xff, 0x60, 0x1a, 0xc0, 0xff,
0x5f, 0x19, 0xbf, 0xea, 0x5d, 0x17, 0xbe, 0x37, 0x00, 0x00, 0x00, 0x00, 0x00, 0x00, 0x00, 0x00,
0x00, 0x00, 0x00, 0x00, 0x00, 0x00, 0x00, 0x00, 0x00, 0x00, 0x00, 0x00, 0x00, 0x00, 0x00, 0x00,
0x00, 0x00, 0x00, 0x00, 0x00, 0x00, 0x00, 0x00, 0x00, 0x00, 0x00, 0x00, 0x00, 0x00, 0x00, 0x00,
0x00, 0x00, 0x00, 0x00, 0x00, 0x00, 0x00, 0x00, 0x00, 0x00, 0x00, 0x00, 0x71, 0x39, 0xc6, 0x09,
0x78, 0x2d, 0xd2, 0x77, 0x79, 0x2d, 0xd2, 0xcb, 0x77, 0x2c, 0xd3, 0xeb, 0x76, 0x2c, 0xd1, 0xee,
0x75, 0x2b, 0xd0, 0xee, 0x74, 0x2b, 0xd0, 0xee, 0x73, 0x2a, 0xcf, 0xee, 0x73, 0x29, 0xcf, 0xee,
0x72, 0x29, 0xce, 0xee, 0x71, 0x28, 0xcd, 0xee, 0x71, 0x27, 0xcd, 0xee, 0x6f, 0x27, 0xcc, 0xee,
0x6e, 0x26, 0xcb, 0xee, 0x6e, 0x26, 0xcb, 0xee, 0x6d, 0x26, 0xcb, 0xee, 0x6c, 0x24, 0xc9, 0xee,
0x6b, 0x23, 0xc9, 0xee, 0x6a, 0x23, 0xc8, 0xee, 0x69, 0x22, 0xc8, 0xee, 0x69, 0x21, 0xc7, 0xee,
0x68, 0x21, 0xc6, 0xee, 0x67, 0x20, 0xc6, 0xee, 0x66, 0x1f, 0xc5, 0xee, 0x65, 0x1f, 0xc4, 0xee,
0x64, 0x1e, 0xc4, 0xee, 0x64, 0x1d, 0xc3, 0xee, 0x63, 0x1d, 0xc2, 0xee, 0x62, 0x1c, 0xc2, 0xee,
0x62, 0x1b, 0xc1, 0xee, 0x5f, 0x1b, 0xc0, 0xeb, 0x5e, 0x1a, 0xc0, 0xd0, 0x60, 0x19, 0xc0, 0x85,
0x59, 0x1a, 0xbf, 0x14, 0x00, 0x00, 0x00, 0x00, 0x00, 0x00, 0x00, 0x00, 0x00, 0x00, 0x00, 0x00,
0x00, 0x00, 0x00, 0x00, 0x00, 0x00, 0x00, 0x00, 0x00, 0x00, 0x00, 0x00, 0x00, 0x00, 0x00, 0x00,
0x00, 0x00, 0x00, 0x00, 0x00, 0x00, 0x00, 0x00, 0x00, 0x00, 0x00, 0x00, 0x00, 0x00, 0x00, 0x00,
0x00, 0x00, 0x00, 0x00, 0x00, 0x00, 0x00, 0x00, 0x00, 0x00, 0x00, 0x00, 0x00, 0x00, 0x00, 0x00,
0x00, 0x00, 0x00, 0x00, 0x00, 0x00, 0x00, 0x00, 0x00, 0x00, 0x00, 0x00, 0x00, 0x00, 0x00, 0x00,
0x00, 0x00, 0x00, 0x00, 0x00, 0x00, 0x00, 0x00, 0x00, 0x00, 0x00, 0x00, 0x00, 0x00, 0x00, 0x00,
0x00, 0x00, 0x00, 0x00, 0x00, 0x00, 0x00, 0x00, 0x00, 0x00, 0x00, 0x00, 0x00, 0x00, 0x00, 0x00,
0x00, 0x00, 0x00, 0x00, 0x00, 0x00, 0x00, 0x00, 0x00, 0x00, 0x00, 0x00, 0x00, 0x00, 0x00, 0x00,
0x00, 0x00, 0x00, 0x00, 0x00, 0x00, 0x00, 0x00, 0x00, 0x00, 0x00, 0x00, 0x00, 0x00, 0x00, 0x00,
0x00, 0x00, 0x00, 0x00, 0x00, 0x00, 0x00, 0x00, 0x00, 0x00, 0x00, 0x00, 0x00, 0x00, 0x00, 0x00,
0x00, 0x00, 0x00, 0x00, 0x00, 0x00, 0x00, 0x00, 0x00, 0x00, 0x00, 0x00, 0x00, 0x00, 0x00, 0x00,
0x00, 0x00, 0x00, 0x00, 0x00, 0x00, 0x00, 0x00, 0x00, 0x00, 0x00, 0x00, 0x00, 0x00, 0x00, 0x00,
0x00, 0x00, 0x00, 0x00, 0x00, 0x00, 0x00, 0x00, 0x00, 0x00, 0x00, 0x00, 0x00, 0x00, 0x00, 0x00,
0x00, 0x00, 0x00, 0x00, 0x00, 0x00, 0x00, 0x00, 0x00, 0x00, 0x00, 0x00, 0x00, 0x00, 0x00, 0x00,
0x00, 0x00, 0x00, 0x00, 0x00, 0x00, 0x00, 0x00, 0x00, 0x00, 0x00, 0x00, 0x00, 0x00, 0x00, 0x00,
0x00, 0x00, 0x00, 0x00, 0x00, 0x00, 0x00, 0x00, 0x00, 0x00, 0x00, 0x00, 0x00, 0x00, 0x00, 0x00,
0x00, 0x00, 0x00, 0x00, 0x00, 0x00, 0x00, 0x00, 0x00, 0x00, 0x00, 0x00, 0x00, 0x00, 0x00, 0x00,
0x00, 0x00, 0x00, 0x00, 0x00, 0x00, 0x00, 0x00, 0x00, 0x00, 0x00, 0x00, 0x00, 0x00, 0x00, 0x00,
0x00, 0x00, 0x00, 0x00, 0x00, 0x00, 0x00, 0x00, 0x00, 0x00, 0x00, 0x00, 0x00, 0x00, 0x00, 0x00,
0x00, 0x00, 0x00, 0x00, 0x00, 0x00, 0x00, 0x00, 0x00, 0x00, 0x00, 0x00, 0x00, 0x00, 0x00, 0x00,
0x00, 0x00, 0x00, 0x00, 0x00, 0x00, 0x00, 0x00, 0x00, 0x00, 0x00, 0x00, 0x00, 0x00, 0x00, 0x00,
0x00, 0x00, 0x00, 0x00, 0x00, 0x00, 0x00, 0x00, 0x00, 0x00, 0x00, 0x00, 0x00, 0x00, 0x00, 0x00,
0x00, 0x00, 0x00, 0x00, 0x00, 0x00, 0x00, 0x00, 0x00, 0x00, 0x00, 0x00, 0x00, 0x00, 0x00, 0x00,
0x00, 0x00, 0x00, 0x00, 0x00, 0x00, 0x00, 0x00, 0x00, 0x00, 0x00, 0x00, 0x00, 0x00, 0x00, 0x00,
0x00, 0x00, 0x00, 0x00, 0x00, 0x00, 0x00, 0x00, 0x00, 0x00, 0x00, 0x00, 0x00, 0x00, 0x00, 0x00,
0x00, 0x00, 0x00, 0x00, 0x00, 0x00, 0x00, 0x00, 0x00, 0x00, 0x00, 0x00, 0x00, 0x00, 0x00, 0x00,
0x00, 0x00, 0x00, 0x00, 0x00, 0x00, 0x00, 0x00, 0x00, 0x00, 0x00, 0x00, 0x00, 0x00, 0x00, 0x00,
0x00, 0x00, 0x00, 0x00, 0x00, 0x00, 0x00, 0x00, 0x00, 0x00, 0x00, 0x00, 0x00, 0x00, 0x00, 0x00,
0x00, 0x00, 0x00, 0x00, 0x00, 0x00, 0x00, 0x00, 0x00, 0x00, 0x00, 0x00, 0x00, 0x00, 0x00, 0x00,
0x00, 0x00, 0x00, 0x00, 0x00, 0x00, 0x00, 0x00, 0x00, 0x00, 0x00, 0x00, 0x00, 0x00, 0x00, 0x00,
0x00, 0x00, 0x00, 0x00, 0x00, 0x00, 0x00, 0x00, 0x00, 0x00, 0x00, 0x00, 0x00, 0x00, 0x00, 0x00,
0x00, 0x00, 0x00, 0x00, 0x00, 0x00, 0x00, 0x00, 0x00, 0x00, 0x00, 0x00, 0x00, 0x00, 0x00, 0x00,
0x00, 0x00, 0x00, 0x00, 0x00, 0x00, 0x00, 0x00, 0x00, 0x00, 0x00, 0x00, 0x00, 0x00, 0x00, 0x00,
0x00, 0x00, 0x00, 0x00, 0x00, 0x00, 0x00, 0x00, 0x00, 0x00, 0x00, 0x00, 0x00, 0x00, 0x00, 0x00,
0x00, 0x00, 0x00, 0x00, 0x00, 0x00, 0x00, 0x00, 0x00, 0x00, 0x00, 0x00, 0x00, 0x00, 0x00, 0x00,
0x00, 0x00, 0x00, 0x00, 0x00, 0x00, 0x00, 0x00, 0x00, 0x00, 0x00, 0x00, 0x00, 0x00, 0x00, 0x00,
0x00, 0x00, 0x00, 0x00, 0x00, 0x00, 0x00, 0x00, 0x00, 0x00, 0x00, 0x00, 0x00, 0x00, 0x00, 0x00,
0x00, 0x00, 0x00, 0x00, 0x00, 0x00, 0x00, 0x00, 0x00, 0x00, 0x00, 0x00, 0x00, 0x00, 0x00, 0x00,
0x00, 0x00, 0x00, 0x00, 0x00, 0x00, 0x00, 0x00, 0x00, 0x00, 0x00, 0x00, 0x00, 0x00, 0x00, 0x00,
0x00, 0x00, 0x00, 0x00, 0x00, 0x00, 0x00, 0x00, 0x00, 0x00, 0x00, 0x00, 0x00, 0x00, 0x00, 0x00,
0x00, 0x00, 0x00, 0x00, 0x00, 0x00, 0x00, 0x00, 0x00, 0x00, 0x00, 0x00, 0x00, 0x00, 0x00, 0x00,
0x00, 0x00, 0x00, 0x00, 0x00, 0x00, 0x00, 0x00, 0x00, 0x00, 0x00, 0x00, 0x00, 0x00, 0x00, 0x00,
0x00, 0x00, 0x00, 0x00, 0x00, 0x00, 0x00, 0x00, 0x00, 0x00, 0x00, 0x00, 0x00, 0x00, 0x00, 0x00,
0x00, 0x00, 0x00, 0x00, 0x00, 0x00, 0x00, 0x00, 0x00, 0x00, 0x00, 0x00, 0x00, 0x00, 0x00, 0x00,
0x00, 0x00, 0x00, 0x00, 0x00, 0x00, 0x00, 0x00, 0x00, 0x00, 0x00, 0x00, 0x00, 0x00, 0x00, 0x00,
0x00, 0x00, 0x00, 0x00, 0x00, 0x00, 0x00, 0x00, 0x00, 0x00, 0x00, 0x00, 0x00, 0x00, 0x00, 0x00,
0x00, 0x00, 0x00, 0x00, 0x00, 0x00, 0x00, 0x00, 0x00, 0x00, 0x00, 0x00, 0x00, 0x00, 0x00, 0x00,
0x00, 0x00, 0x00, 0x00, 0x00, 0x00, 0x00, 0x00, 0x00, 0x00, 0x00, 0x00, 0x00, 0x00, 0x00, 0x00,
0x00, 0x00, 0x00, 0x00, 0x00, 0x00, 0x00, 0x00, 0x00, 0x00, 0x00, 0x00, 0x00, 0x00, 0x00, 0x00,
0x00, 0x00, 0x00, 0x00, 0x00, 0x00, 0x00, 0x00, 0x00, 0x00, 0x00, 0x00, 0x00, 0x00, 0x00, 0x00,
0x00, 0x00, 0x00, 0x00, 0x00, 0x00, 0x00, 0x00, 0x00, 0x00, 0x00, 0x00, 0x00, 0x00, 0x00, 0x00,
0x00, 0x00, 0x00, 0x00, 0x00, 0x00, 0x00, 0x00, 0x00, 0x00, 0x00, 0x00, 0x00, 0x00, 0x00, 0x00,
0x00, 0x00, 0x00, 0x00, 0x00, 0x00, 0x00, 0x00, 0x00, 0x00, 0x00, 0x00, 0x00, 0x00, 0x00, 0x00,
0x00, 0x00, 0x00, 0x00, 0x00, 0x00, 0x00, 0x00, 0x00, 0x00, 0x00, 0x00, 0x00, 0x00, 0x00, 0x00,
0x00, 0x00, 0x00, 0x00, 0x00, 0x00, 0x00, 0x00, 0x00, 0x00, 0x00, 0x00, 0x00, 0x00, 0x00, 0x00,
0x00, 0x00, 0x00, 0x00, 0x00, 0x00, 0x00, 0x00, 0x00, 0x00, 0x00, 0x00, 0x00, 0x00, 0x00, 0x00,
0x00, 0x00, 0x00, 0x00, 0x00, 0x00, 0x00, 0x00, 0x00, 0x00, 0x00, 0x00, 0x00, 0x00, 0x00, 0x00,
0x00, 0x00, 0x00, 0x00, 0x00, 0x00, 0x00, 0x00, 0x00, 0x00, 0x00, 0x00, 0x00, 0x00, 0x00, 0x00,
0x00, 0x00, 0x00, 0x00, 0x00, 0x00, 0x00, 0x00, 0x00, 0x00, 0x00, 0x00, 0x00, 0x00, 0x00, 0x00,
0x00, 0x00, 0x00, 0x00, 0x00, 0x00, 0x00, 0x00, 0x00, 0x00, 0x00, 0x00, 0x00, 0x00, 0x00, 0x00,
0x00, 0x00, 0x00, 0x00, 0x00, 0x00, 0x00, 0x00, 0x00, 0x00, 0x00, 0x00, 0x00, 0x00, 0x00, 0x00,
0x00, 0x00, 0x00, 0x00, 0x00, 0x00, 0x00, 0x00, 0x00, 0x00, 0x00, 0x00, 0x00, 0x00, 0x00, 0x00,
0x00, 0x00, 0x00, 0x00, 0x00, 0x00, 0x00, 0x00, 0x00, 0x00, 0x00, 0x00, 0x00, 0x00, 0x00, 0x00,
0x00, 0x00, 0x00, 0x00, 0x00, 0x00, 0x00, 0x00, 0x00, 0x00, 0x00, 0x00, 0x00, 0x00, 0x00, 0x00,
0x00, 0x00, 0x00, 0x00, 0x00, 0x00, 0x00, 0x00, 0x00, 0x00, 0x00, 0x00, 0x00, 0x00, 0x00, 0x00,
0x00, 0x00, 0x00, 0x00, 0x00, 0x00, 0x00, 0x00, 0x00, 0x00, 0x00, 0x00, 0x00, 0x00, 0x00, 0x00,
0x00, 0x00, 0x00, 0x00, 0x00, 0x00, 0x00, 0x00, 0x00, 0x00, 0x00, 0x00, 0x00, 0x00, 0x00, 0x00,
0x00, 0x00, 0x00, 0x00, 0x00, 0x00, 0x00, 0x00, 0x00, 0x00, 0x00, 0x00, 0x00, 0x00, 0x00, 0x00,
0x00, 0x00, 0x00, 0x00, 0x00, 0x00, 0x00, 0x00, 0x00, 0x00, 0x00, 0x00, 0x00, 0x00, 0x00, 0x00,
0x00, 0x00, 0x00, 0x00, 0x00, 0x00, 0x00, 0x00, 0x00, 0x00, 0x00, 0x00, 0x00, 0x00, 0x00, 0x00,
0x00, 0x00, 0x00, 0x00, 0x00, 0x00, 0x00, 0x00, 0x00, 0x00, 0x00, 0x00, 0x00, 0x00, 0x00, 0x00,
0x00, 0x00, 0x00, 0x00, 0x00, 0x00, 0x00, 0x00, 0x00, 0x00, 0x00, 0x00, 0x00, 0x00, 0x00, 0x00,
0x00, 0x00, 0x00, 0x00, 0x00, 0x00, 0x00, 0x00, 0x00, 0x00, 0x00, 0x00, 0x00, 0x00, 0x00, 0x00,
0x00, 0x00, 0x00, 0x00, 0x00, 0x00, 0x00, 0x00, 0x00, 0x00, 0x00, 0x00, 0x00, 0x00, 0x00, 0x00,
0x00, 0x00, 0x00, 0x00, 0x00, 0x00, 0x00, 0x00, 0x00, 0x00, 0x00, 0x00, 0x00, 0x00, 0x00, 0x00,
0x00, 0x00, 0x00, 0x00, 0x00, 0x00, 0x00, 0x00, 0x00, 0x00, 0x00, 0x00, 0x00, 0x00, 0x00, 0x00,
0x00, 0x00, 0x00, 0x00, 0x00, 0x00, 0x00, 0x00, 0x00, 0x00, 0x00, 0x00, 0x00, 0x00, 0x00, 0x00,
0x00, 0x00, 0x00, 0x00, 0x00, 0x00, 0x00, 0x00, 0x00, 0x00, 0x00, 0x00, 0x00, 0x00, 0x00, 0x00,
0x00, 0x00, 0x00, 0x00, 0x00, 0x00, 0x00, 0x00, 0x00, 0x00, 0x00, 0x00, 0x00, 0x00, 0x00, 0x00,
0x00, 0x00, 0x00, 0x00, 0x00, 0x00, 0x00, 0x00, 0x00, 0x00, 0x00, 0x00, 0x00, 0x00, 0x00, 0x00,
0x00, 0x00, 0x00, 0x00, 0x00, 0x00, 0x00, 0x00, 0x00, 0x00, 0x00, 0x00, 0x00, 0x00, 0x00, 0x00,
0x00, 0x00, 0x00, 0x00, 0x00, 0x00, 0x00, 0x00, 0x00, 0x00, 0x00, 0x00, 0x00, 0x00, 0x00, 0x00,
0x00, 0x00, 0x00, 0x00, 0x00, 0x00, 0x00, 0x00, 0x00, 0x00, 0x00, 0x00, 0x00, 0x00, 0x00, 0x00,
0x00, 0x00, 0x00, 0x00, 0x00, 0x00, 0x00, 0x00, 0x00, 0x00, 0x00, 0x00, 0x00, 0x00, 0x00, 0x00,
0x00, 0x00, 0x00, 0x00, 0x00, 0x00, 0x00, 0x00, 0x00, 0x00, 0x00, 0x00, 0x00, 0x00, 0x00, 0x00,
0x00, 0x00, 0x00, 0x00, 0x00, 0x00, 0x00, 0x00, 0x00, 0x00, 0x00, 0x00, 0x00, 0x00, 0x00, 0x00,
0x00, 0x00, 0x00, 0x00, 0x00, 0x00, 0x00, 0x00, 0x00, 0x00, 0x00, 0x00, 0x00, 0x00, 0x00, 0x00,
0x00, 0x00, 0x00, 0x00, 0x00, 0x00, 0x00, 0x00, 0x00, 0x00, 0x00, 0x00, 0x00, 0x00, 0x00, 0x00,
0x00, 0x00, 0x00, 0x00, 0x00, 0x00, 0x00, 0x00, 0x00, 0x00, 0x00, 0x00, 0x00, 0x00, 0x00, 0x00,
0x00, 0x00, 0x00, 0x00, 0x00, 0x00, 0x00, 0x00, 0x00, 0x00, 0x00, 0x00, 0x00, 0x00, 0x00, 0x00,
0x00, 0x00, 0x00, 0x00, 0x00, 0x00, 0x00, 0x00, 0x00, 0x00, 0x00, 0x00, 0x00, 0x00, 0x00, 0x00,
0x00, 0x00, 0x00, 0x00, 0x00, 0x00, 0x00, 0x00, 0x00, 0x00, 0x00, 0x00, 0x00, 0x00, 0x00, 0x00,
0x00, 0x00, 0x00, 0x00, 0x00, 0x00, 0x00, 0x00, 0x00, 0x00, 0x00, 0x00, 0x00, 0x00, 0x00, 0x00,
0x00, 0x00, 0x00, 0x00, 0x00, 0x00, 0x00, 0x00, 0x00, 0x00, 0x00, 0x00, 0x00, 0x00, 0x00, 0x00,
0x00, 0x00, 0x00, 0x00, 0x00, 0x00, 0x00, 0x00, 0x00, 0x00, 0x00, 0x00, 0x00, 0x00, 0x00, 0x00,
0x00, 0x00, 0x00, 0x00, 0x00, 0x00, 0x00, 0x00, 0x00, 0x00, 0x00, 0x00, 0x00, 0x00, 0x00, 0x00,
0x00, 0x00, 0x00, 0x00, 0x00, 0x00, 0x00, 0x00, 0x00, 0x00, 0x00, 0x00, 0x00, 0x00, 0x00, 0x00,
0x00, 0x00, 0x00, 0x00, 0x00, 0x00, 0x00, 0x00, 0x00, 0x00, 0x00, 0x00, 0x00, 0x00, 0x00, 0x00
};

extern const uint8_t app_files_bin[9216] = {
0x00, 0x00, 0x00, 0x00, 0x00, 0x00, 0x00, 0x00, 0x00, 0x00, 0x00, 0x00, 0x00, 0x00, 0x00, 0x00,
0x00, 0x00, 0x00, 0x00, 0x00, 0x00, 0x00, 0x00, 0x00, 0x00, 0x00, 0x00, 0x00, 0x00, 0x00, 0x00,
0x00, 0x00, 0x00, 0x00, 0x00, 0x00, 0x00, 0x00, 0x00, 0x00, 0x00, 0x00, 0x00, 0x00, 0x00, 0x00,
0x00, 0x00, 0x00, 0x00, 0x00, 0x00, 0x00, 0x00, 0x00, 0x00, 0x00, 0x00, 0x00, 0x00, 0x00, 0x00,
0x00, 0x00, 0x00, 0x00, 0x00, 0x00, 0x00, 0x00, 0x00, 0x00, 0x00, 0x00, 0x00, 0x00, 0x00, 0x00,
0x00, 0x00, 0x00, 0x00, 0x00, 0x00, 0x00, 0x00, 0x00, 0x00, 0x00, 0x00, 0x00, 0x00, 0x00, 0x00,
0x00, 0x00, 0x00, 0x00, 0x00, 0x00, 0x00, 0x00, 0x00, 0x00, 0x00, 0x00, 0x00, 0x00, 0x00, 0x00,
0x00, 0x00, 0x00, 0x00, 0x00, 0x00, 0x00, 0x00, 0x00, 0x00, 0x00, 0x00, 0x00, 0x00, 0x00, 0x00,
0x00, 0x00, 0x00, 0x00, 0x00, 0x00, 0x00, 0x00, 0x00, 0x00, 0x00, 0x00, 0x00, 0x00, 0x00, 0x00,
0x00, 0x00, 0x00, 0x00, 0x00, 0x00, 0x00, 0x00, 0x00, 0x00, 0x00, 0x00, 0x00, 0x00, 0x00, 0x00,
0x00, 0x00, 0x00, 0x00, 0x00, 0x00, 0x00, 0x00, 0x00, 0x00, 0x00, 0x00, 0x00, 0x00, 0x00, 0x00,
0x00, 0x00, 0x00, 0x00, 0x00, 0x00, 0x00, 0x00, 0x00, 0x00, 0x00, 0x00, 0x00, 0x00, 0x00, 0x00,
0x00, 0x00, 0x00, 0x00, 0x00, 0x00, 0x00, 0x00, 0x00, 0x00, 0x00, 0x00, 0x00, 0x00, 0x00, 0x00,
0x00, 0x00, 0x00, 0x00, 0x00, 0x00, 0x00, 0x00, 0x00, 0x00, 0x00, 0x00, 0x00, 0x00, 0x00, 0x00,
0x00, 0x00, 0x00, 0x00, 0x00, 0x00, 0x00, 0x00, 0x00, 0x00, 0x00, 0x00, 0x00, 0x00, 0x00, 0x00,
0x00, 0x00, 0x00, 0x00, 0x00, 0x00, 0x00, 0x00, 0x00, 0x00, 0x00, 0x00, 0x00, 0x00, 0x00, 0x00,
0x00, 0x00, 0x00, 0x00, 0x00, 0x00, 0x00, 0x00, 0x00, 0x00, 0x00, 0x00, 0x00, 0x00, 0x00, 0x00,
0x00, 0x00, 0x00, 0x00, 0x00, 0x00, 0x00, 0x00, 0x00, 0x00, 0x00, 0x00, 0x00, 0x00, 0x00, 0x00,
0x00, 0x00, 0x00, 0x00, 0x00, 0x00, 0x00, 0x00, 0x00, 0x00, 0x00, 0x00, 0x00, 0x00, 0x00, 0x00,
0x00, 0x00, 0x00, 0x00, 0x00, 0x00, 0x00, 0x00, 0x00, 0x00, 0x00, 0x00, 0x00, 0x00, 0x00, 0x00,
0x00, 0x00, 0x00, 0x00, 0x00, 0x00, 0x00, 0x00, 0x00, 0x00, 0x00, 0x00, 0x00, 0x00, 0x00, 0x00,
0x00, 0x00, 0x00, 0x00, 0x00, 0x00, 0x00, 0x00, 0x00, 0x00, 0x00, 0x00, 0x00, 0x00, 0x00, 0x00,
0x00, 0x00, 0x00, 0x00, 0x00, 0x00, 0x00, 0x00, 0x00, 0x00, 0x00, 0x00, 0x00, 0x00, 0x00, 0x00,
0x00, 0x00, 0x00, 0x00, 0x00, 0x00, 0x00, 0x00, 0x00, 0x00, 0x00, 0x00, 0x00, 0x00, 0x00, 0x00,
0x00, 0x00, 0x00, 0x00, 0x00, 0x00, 0x00, 0x00, 0x00, 0x00, 0x00, 0x00, 0x00, 0x00, 0x00, 0x00,
0x00, 0x00, 0x00, 0x00, 0x00, 0x00, 0x00, 0x00, 0x00, 0x00, 0x00, 0x00, 0x00, 0x00, 0x00, 0x00,
0x00, 0x00, 0x00, 0x00, 0x00, 0x00, 0x00, 0x00, 0x00, 0x00, 0x00, 0x00, 0x00, 0x00, 0x00, 0x00,
0x00, 0x00, 0x00, 0x00, 0x00, 0x00, 0x00, 0x00, 0x00, 0x00, 0x00, 0x00, 0x00, 0x00, 0x00, 0x00,
0x00, 0x00, 0x00, 0x00, 0x00, 0x00, 0x00, 0x00, 0x00, 0x00, 0x00, 0x00, 0x00, 0x00, 0x00, 0x00,
0x00, 0x00, 0x00, 0x00, 0x00, 0x00, 0x00, 0x00, 0x00, 0x00, 0x00, 0x00, 0x00, 0x00, 0x00, 0x00,
0x00, 0x00, 0x00, 0x00, 0x00, 0x00, 0x00, 0x00, 0x00, 0x00, 0x00, 0x00, 0x00, 0x00, 0x00, 0x00,
0x00, 0x00, 0x00, 0x00, 0x00, 0x00, 0x00, 0x00, 0x00, 0x00, 0x00, 0x00, 0x00, 0x00, 0x00, 0x00,
0x00, 0x00, 0x00, 0x00, 0x00, 0x00, 0x00, 0x00, 0x00, 0x00, 0x00, 0x00, 0x00, 0x00, 0x00, 0x00,
0x00, 0x00, 0x00, 0x00, 0x00, 0x00, 0x00, 0x00, 0x00, 0x00, 0x00, 0x00, 0x00, 0x00, 0x00, 0x00,
0x00, 0x00, 0x00, 0x00, 0x00, 0x00, 0x00, 0x00, 0x00, 0x00, 0x00, 0x00, 0x00, 0x00, 0x00, 0x00,
0x00, 0x00, 0x00, 0x00, 0x00, 0x00, 0x00, 0x00, 0x00, 0x00, 0x00, 0x00, 0x00, 0x00, 0x00, 0x00,
0x00, 0x00, 0x00, 0x00, 0x00, 0x00, 0x00, 0x00, 0x00, 0x00, 0x00, 0x00, 0x00, 0x00, 0x00, 0x00,
0x00, 0x00, 0x00, 0x00, 0x00, 0x00, 0x00, 0x00, 0x00, 0x00, 0x00, 0x00, 0x00, 0x00, 0x00, 0x00,
0x00, 0x00, 0x00, 0x00, 0x00, 0x00, 0x00, 0x00, 0x00, 0x00, 0x00, 0x00, 0x00, 0x00, 0x00, 0x00,
0x00, 0x00, 0x00, 0x00, 0x00, 0x00, 0x00, 0x00, 0x00, 0x00, 0x00, 0x00, 0x00, 0x00, 0x00, 0x00,
0x00, 0x00, 0x00, 0x00, 0x00, 0x00, 0x00, 0x00, 0x00, 0x00, 0x00, 0x00, 0x00, 0x00, 0x00, 0x00,
0x00, 0x00, 0x00, 0x00, 0x00, 0x00, 0x00, 0x00, 0x00, 0x00, 0x00, 0x00, 0x00, 0x00, 0x00, 0x00,
0x00, 0x00, 0x00, 0x00, 0x00, 0x00, 0x00, 0x00, 0x00, 0x00, 0x00, 0x00, 0x00, 0x00, 0x00, 0x00,
0x00, 0x00, 0x00, 0x00, 0x00, 0x00, 0x00, 0x00, 0x00, 0x00, 0x00, 0x00, 0x00, 0x00, 0x00, 0x00,
0x00, 0x00, 0x00, 0x00, 0x00, 0x00, 0x00, 0x00, 0x00, 0x00, 0x00, 0x00, 0x00, 0x00, 0x00, 0x00,
0x00, 0x00, 0x00, 0x00, 0x00, 0x00, 0x00, 0x00, 0x00, 0x00, 0x00, 0x00, 0x00, 0x00, 0x00, 0x00,
0x00, 0x00, 0x00, 0x00, 0x00, 0x00, 0x00, 0x00, 0x00, 0x00, 0x00, 0x00, 0x00, 0x00, 0x00, 0x00,
0x00, 0x00, 0x00, 0x00, 0x00, 0x00, 0x00, 0x00, 0x00, 0x00, 0x00, 0x00, 0x00, 0x00, 0x00, 0x00,
0x00, 0x00, 0x00, 0x00, 0x00, 0x00, 0x00, 0x00, 0x00, 0x00, 0x00, 0x00, 0x00, 0x00, 0x00, 0x00,
0x00, 0x00, 0x00, 0x00, 0x00, 0x00, 0x00, 0x00, 0x00, 0x00, 0x00, 0x00, 0x00, 0x00, 0x00, 0x00,
0x00, 0x00, 0x00, 0x00, 0x00, 0x00, 0x00, 0x00, 0x00, 0x00, 0x00, 0x00, 0x00, 0x00, 0x00, 0x00,
0x00, 0x00, 0x00, 0x00, 0x00, 0x00, 0x00, 0x00, 0x00, 0x00, 0x00, 0x00, 0x00, 0x00, 0x00, 0x00,
0x00, 0x00, 0x00, 0x00, 0x00, 0x00, 0x00, 0x00, 0x00, 0x00, 0x00, 0x00, 0x00, 0x00, 0x00, 0x00,
0x00, 0x00, 0x00, 0x00, 0x00, 0x00, 0x00, 0x00, 0x00, 0x00, 0x00, 0x00, 0x00, 0x00, 0x00, 0x00,
0x00, 0x00, 0x00, 0x00, 0x00, 0x00, 0x00, 0x00, 0x00, 0x00, 0x00, 0x00, 0x00, 0x00, 0x00, 0x00,
0x00, 0x00, 0x00, 0x00, 0x00, 0x00, 0x00, 0x00, 0x00, 0x00, 0x00, 0x00, 0x00, 0x00, 0x00, 0x00,
0x00, 0x00, 0x00, 0x00, 0x00, 0x00, 0x00, 0x00, 0x00, 0x00, 0x00, 0x00, 0x00, 0x00, 0x00, 0x00,
0x00, 0x00, 0x00, 0x00, 0x00, 0x00, 0x00, 0x00, 0x00, 0x00, 0x00, 0x00, 0x00, 0x00, 0x00, 0x00,
0x00, 0x00, 0x00, 0x00, 0x00, 0x00, 0x00, 0x00, 0x00, 0x00, 0x00, 0x00, 0x00, 0x00, 0x00, 0x00,
0x00, 0x00, 0x00, 0x00, 0x00, 0x00, 0x00, 0x00, 0x00, 0x00, 0x00, 0x00, 0x00, 0x00, 0x00, 0x00,
0x00, 0x00, 0x00, 0x00, 0x00, 0x00, 0x00, 0x00, 0x00, 0x00, 0x00, 0x00, 0x00, 0x00, 0x00, 0x00,
0x00, 0x00, 0x00, 0x00, 0x00, 0x00, 0x00, 0x00, 0x00, 0x00, 0x00, 0x00, 0x00, 0x00, 0x00, 0x00,
0x00, 0x00, 0x00, 0x00, 0x00, 0x00, 0x00, 0x00, 0x00, 0x00, 0x00, 0x00, 0x00, 0x00, 0x00, 0x00,
0x00, 0x00, 0x00, 0x00, 0x00, 0x00, 0x00, 0x00, 0x00, 0x00, 0x00, 0x00, 0x00, 0x00, 0x00, 0x00,
0x00, 0x00, 0x00, 0x00, 0x00, 0x00, 0x00, 0x00, 0x00, 0x00, 0x00, 0x00, 0x00, 0x00, 0x00, 0x00,
0x00, 0x00, 0x00, 0x00, 0x00, 0x00, 0x00, 0x00, 0x00, 0x00, 0x00, 0x00, 0x00, 0x00, 0x00, 0x00,
0x00, 0x00, 0x00, 0x00, 0x00, 0x00, 0x00, 0x00, 0x00, 0x00, 0x00, 0x00, 0x00, 0x00, 0x00, 0x00,
0x00, 0x00, 0x00, 0x00, 0x00, 0x00, 0x00, 0x00, 0x00, 0x00, 0x00, 0x00, 0x00, 0x00, 0x00, 0x00,
0x00, 0x00, 0x00, 0x00, 0x00, 0x00, 0x00, 0x00, 0x00, 0x00, 0x00, 0x00, 0x00, 0x00, 0x00, 0x00,
0x00, 0x00, 0x00, 0x00, 0x00, 0x00, 0x00, 0x00, 0x00, 0x00, 0x00, 0x00, 0x00, 0x00, 0x00, 0x00,
0x00, 0x00, 0x00, 0x00, 0x00, 0x00, 0x00, 0x00, 0x00, 0x00, 0x00, 0x00, 0x00, 0x00, 0x00, 0x00,
0x00, 0x00, 0x00, 0x00, 0x00, 0x00, 0x00, 0x00, 0x00, 0x00, 0x00, 0x00, 0x00, 0x00, 0x00, 0x00,
0x00, 0x00, 0x00, 0x00, 0x00, 0x00, 0x00, 0x00, 0x00, 0x00, 0x00, 0x00, 0x00, 0x00, 0x00, 0x00,
0x00, 0x00, 0x00, 0x00, 0x00, 0x00, 0x00, 0x00, 0x00, 0x00, 0x00, 0x00, 0x00, 0x00, 0x00, 0x00,
0x00, 0x00, 0x00, 0x00, 0x00, 0x00, 0x00, 0x00, 0x00, 0x00, 0x00, 0x00, 0x00, 0x00, 0x00, 0x00,
0x00, 0x00, 0x00, 0x00, 0x00, 0x00, 0x00, 0x00, 0x00, 0x00, 0x00, 0x00, 0x00, 0x00, 0x00, 0x00,
0x00, 0x00, 0x00, 0x00, 0x00, 0x00, 0x00, 0x00, 0x00, 0x00, 0x00, 0x00, 0x00, 0x00, 0x00, 0x00,
0x00, 0x00, 0x00, 0x00, 0x00, 0x00, 0x00, 0x00, 0x00, 0x00, 0x00, 0x00, 0x00, 0x00, 0x00, 0x00,
0x00, 0x00, 0x00, 0x00, 0x00, 0x00, 0x00, 0x00, 0x00, 0x00, 0x00, 0x00, 0x00, 0x00, 0x00, 0x00,
0x00, 0x00, 0x00, 0x00, 0x00, 0x00, 0x00, 0x00, 0x00, 0x00, 0x00, 0x00, 0x00, 0x00, 0x00, 0x00,
0x00, 0x00, 0x00, 0x00, 0x00, 0x00, 0x00, 0x00, 0x00, 0x00, 0x00, 0x00, 0x00, 0x00, 0x00, 0x00,
0x00, 0x00, 0x00, 0x00, 0x00, 0x00, 0x00, 0x00, 0x00, 0x00, 0x00, 0x00, 0x00, 0x00, 0x00, 0x00,
0x00, 0x00, 0x00, 0x00, 0x00, 0x00, 0x00, 0x00, 0x00, 0x00, 0x00, 0x00, 0x00, 0x00, 0x00, 0x00,
0x00, 0x00, 0x00, 0x00, 0x00, 0x00, 0x00, 0x00, 0x00, 0x00, 0x00, 0x00, 0x00, 0x00, 0x00, 0x00,
0x00, 0x00, 0x00, 0x00, 0x00, 0x00, 0x00, 0x00, 0x00, 0x00, 0x00, 0x00, 0x00, 0x00, 0x00, 0x00,
0x00, 0x00, 0x00, 0x00, 0x00, 0x00, 0x00, 0x00, 0x00, 0x00, 0x00, 0x00, 0x00, 0x00, 0x00, 0x00,
0x00, 0x00, 0x00, 0x00, 0x00, 0x00, 0x00, 0x00, 0x00, 0x00, 0x00, 0x00, 0x00, 0x00, 0x00, 0x00,
0x00, 0x00, 0x00, 0x00, 0x00, 0x00, 0x00, 0x00, 0x00, 0x00, 0x00, 0x00, 0x00, 0x00, 0x00, 0x00,
0x00, 0x00, 0x00, 0x00, 0x00, 0x00, 0x00, 0x00, 0x00, 0x00, 0x00, 0x00, 0x00, 0x00, 0x00, 0x00,
0x00, 0x00, 0x00, 0x00, 0x00, 0x00, 0x00, 0x00, 0x00, 0x00, 0x00, 0x00, 0x00, 0x00, 0x00, 0x00,
0x00, 0x00, 0x00, 0x00, 0x00, 0x00, 0x00, 0x00, 0x00, 0x00, 0x00, 0x00, 0x00, 0x00, 0x00, 0x00,
0x00, 0x00, 0x00, 0x00, 0x00, 0x00, 0x00, 0x00, 0x00, 0x00, 0x00, 0x00, 0x00, 0x00, 0x00, 0x00,
0x00, 0x00, 0x00, 0x00, 0x00, 0x00, 0x00, 0x00, 0x00, 0x00, 0x00, 0x00, 0x00, 0x00, 0x00, 0x00,
0x00, 0x00, 0x00, 0x00, 0x00, 0x00, 0x00, 0x00, 0x00, 0x00, 0x00, 0x00, 0x00, 0x00, 0x00, 0x00,
0x00, 0x00, 0x00, 0x00, 0x00, 0x00, 0x00, 0x00, 0x00, 0x00, 0x00, 0x00, 0x00, 0x00, 0x00, 0x00,
0x00, 0x00, 0x00, 0x00, 0x00, 0x00, 0x00, 0x00, 0x00, 0x00, 0x00, 0x00, 0x00, 0x00, 0x00, 0x00,
0x00, 0x00, 0x00, 0x00, 0x00, 0x00, 0x00, 0x00, 0x00, 0x00, 0x00, 0x00, 0x00, 0x00, 0x00, 0x00,
0x00, 0x00, 0x00, 0x00, 0x00, 0x00, 0x00, 0x00, 0x00, 0x00, 0x00, 0x00, 0x00, 0x00, 0x00, 0x00,
0x00, 0x00, 0x00, 0x00, 0x00, 0x00, 0x00, 0x00, 0x00, 0x00, 0x00, 0x00, 0x00, 0x00, 0x00, 0x00,
0x00, 0x00, 0x00, 0x00, 0x00, 0x00, 0x00, 0x00, 0x00, 0x00, 0x00, 0x00, 0x00, 0x00, 0x00, 0x00,
0x00, 0x00, 0x00, 0x00, 0x00, 0x00, 0x00, 0x00, 0x00, 0x00, 0x00, 0x00, 0x00, 0x00, 0x00, 0x00,
0x00, 0x00, 0x00, 0x00, 0x00, 0x00, 0x00, 0x00, 0x00, 0x00, 0x00, 0x00, 0x00, 0x00, 0x00, 0x00,
0x00, 0x00, 0x00, 0x00, 0x00, 0x00, 0x00, 0x00, 0x00, 0x00, 0x00, 0x00, 0x00, 0x00, 0x00, 0x00,
0x00, 0x00, 0x00, 0x00, 0x00, 0x00, 0x00, 0x00, 0x00, 0x00, 0x00, 0x00, 0x00, 0x00, 0x00, 0x00,
0x00, 0x00, 0x00, 0x00, 0x00, 0x00, 0x00, 0x00, 0x00, 0x00, 0x00, 0x00, 0x00, 0x00, 0x00, 0x00,
0x00, 0x00, 0x00, 0x00, 0x00, 0x00, 0x00, 0x00, 0x00, 0x00, 0x00, 0x00, 0x00, 0x00, 0x00, 0x00,
0x00, 0x00, 0x00, 0x00, 0x00, 0x00, 0x00, 0x00, 0x00, 0x00, 0x00, 0x00, 0x00, 0x00, 0x00, 0x00,
0x00, 0x00, 0x00, 0x00, 0x00, 0x00, 0x00, 0x00, 0x00, 0x00, 0x00, 0x00, 0x00, 0x00, 0x00, 0x00,
0x00, 0x00, 0x00, 0x00, 0x00, 0x00, 0x00, 0x00, 0x00, 0x00, 0x00, 0x00, 0x00, 0x00, 0x00, 0x00,
0x00, 0x00, 0x00, 0x00, 0x00, 0x00, 0x00, 0x00, 0x00, 0x00, 0x00, 0x00, 0xff, 0xff, 0xff, 0x01,
0x8d, 0xe4, 0xff, 0x26, 0x8b, 0xe5, 0xfb, 0x44, 0x8b, 0xe5, 0xfb, 0x44, 0x8b, 0xe5, 0xfb, 0x44,
0x8b, 0xe5, 0xfb, 0x44, 0x8b, 0xe5, 0xfb, 0x44, 0x8b, 0xe5, 0xfb, 0x44, 0x8b, 0xe5, 0xfb, 0x44,
0x8b, 0xe5, 0xfb, 0x44, 0x8b, 0xe5, 0xfb, 0x44, 0x8d, 0xe5, 0xff, 0x1d, 0x00, 0x00, 0x00, 0x00,
0x00, 0x00, 0x00, 0x00, 0x00, 0x00, 0x00, 0x00, 0x00, 0x00, 0x00, 0x00, 0x00, 0x00, 0x00, 0x00,
0x00, 0x00, 0x00, 0x00, 0x00, 0x00, 0x00, 0x00, 0x00, 0x00, 0x00, 0x00, 0x00, 0x00, 0x00, 0x00,
0x00, 0x00, 0x00, 0x00, 0x00, 0x00, 0x00, 0x00, 0x00, 0x00, 0x00, 0x00, 0x00, 0x00, 0x00, 0x00,
0x00, 0x00, 0x00, 0x00, 0x00, 0x00, 0x00, 0x00, 0x00, 0x00, 0x00, 0x00, 0x00, 0x00, 0x00, 0x00,
0x00, 0x00, 0x00, 0x00, 0x00, 0x00, 0x00, 0x00, 0x00, 0x00, 0x00, 0x00, 0x00, 0x00, 0x00, 0x00,
0x00, 0x00, 0x00, 0x00, 0x00, 0x00, 0x00, 0x00, 0x00, 0x00, 0x00, 0x00, 0x00, 0x00, 0x00, 0x00,
0x00, 0x00, 0x00, 0x00, 0x00, 0x00, 0x00, 0x00, 0x00, 0x00, 0x00, 0x00, 0x00, 0x00, 0x00, 0x00,
0x00, 0x00, 0x00, 0x00, 0x00, 0x00, 0x00, 0x00, 0x00, 0x00, 0x00, 0x00, 0x00, 0x00, 0x00, 0x00,
0x00, 0x00, 0x00, 0x00, 0x00, 0x00, 0x00, 0x00, 0x8b, 0xe7, 0xfb, 0x40, 0x89, 0xe5, 0xfd, 0xe2,
0x8a, 0xe6, 0xfd, 0xff, 0x8a, 0xe6, 0xfd, 0xff, 0x8a, 0xe6, 0xfd, 0xff, 0x8a, 0xe6, 0xfd, 0xff,
0x8a, 0xe6, 0xfd, 0xff, 0x8a, 0xe6, 0xfd, 0xff, 0x8a, 0xe6, 0xfd, 0xff, 0x8a, 0xe6, 0xfd, 0xff,
0x8a, 0xe6, 0xfd, 0xff, 0x8a, 0xe6, 0xfd, 0xff, 0x88, 0xe5, 0xfd, 0xea, 0x8c, 0xe6, 0xff, 0x28,
0x00, 0x00, 0x00, 0x00, 0x00, 0x00, 0x00, 0x00, 0x00, 0x00, 0x00, 0x00, 0x00, 0x00, 0x00, 0x00,
0x00, 0x00, 0x00, 0x00, 0x00, 0x00, 0x00, 0x00, 0x00, 0x00, 0x00, 0x00, 0x00, 0x00, 0x00, 0x00,
0x00, 0x00, 0x00, 0x00, 0x00, 0x00, 0x00, 0x00, 0x00, 0x00, 0x00, 0x00, 0x00, 0x00, 0x00, 0x00,
0x00, 0x00, 0x00, 0x00, 0x00, 0x00, 0x00, 0x00, 0x00, 0x00, 0x00, 0x00, 0x00, 0x00, 0x00, 0x00,
0x00, 0x00, 0x00, 0x00, 0x00, 0x00, 0x00, 0x00, 0x00, 0x00, 0x00, 0x00, 0x00, 0x00, 0x00, 0x00,
0x00, 0x00, 0x00, 0x00, 0x00, 0x00, 0x00, 0x00, 0x00, 0x00, 0x00, 0x00, 0x00, 0x00, 0x00, 0x00,
0x00, 0x00, 0x00, 0x00, 0x00, 0x00, 0x00, 0x00, 0x00, 0x00, 0x00, 0x00, 0x00, 0x00, 0x00, 0x00,
0x00, 0x00, 0x00, 0x00, 0x00, 0x00, 0x00, 0x00, 0x00, 0x00, 0x00, 0x00, 0x00, 0x00, 0x00, 0x00,
0x00, 0x00, 0x00, 0x00, 0x8a, 0xe9, 0xff, 0x23, 0x89, 0xe5, 0xfd, 0xf6, 0x75, 0xda, 0xfb, 0xfc,
0x38, 0xb5, 0xf6, 0xff, 0x2d, 0xad, 0xf4, 0xff, 0x2d, 0xac, 0xf3, 0xff, 0x2d, 0xac, 0xf2, 0xff,
0x2d, 0xab, 0xf2, 0xff, 0x2d, 0xaa, 0xf1, 0xff, 0x2d, 0xaa, 0xf0, 0xff, 0x2d, 0xa9, 0xef, 0xff,
0x2d, 0xa8, 0xef, 0xff, 0x33, 0xab, 0xef, 0xff, 0x80, 0xdf, 0xfb, 0xfc, 0x88, 0xe5, 0xfd, 0xea,
0x8c, 0xe6, 0xff, 0x28, 0x00, 0x00, 0x00, 0x00, 0x00, 0x00, 0x00, 0x00, 0x00, 0x00, 0x00, 0x00,
0x00, 0x00, 0x00, 0x00, 0x00, 0x00, 0x00, 0x00, 0x00, 0x00, 0x00, 0x00, 0x00, 0x00, 0x00, 0x00,
0x00, 0x00, 0x00, 0x00, 0x00, 0x00, 0x00, 0x00, 0x00, 0x00, 0x00, 0x00, 0x00, 0x00, 0x00, 0x00,
0x00, 0x00, 0x00, 0x00, 0x00, 0x00, 0x00, 0x00, 0x00, 0x00, 0x00, 0x00, 0x00, 0x00, 0x00, 0x00,
0x00, 0x00, 0x00, 0x00, 0x00, 0x00, 0x00, 0x00, 0x00, 0x00, 0x00, 0x00, 0x00, 0x00, 0x00, 0x00,
0x00, 0x00, 0x00, 0x00, 0x00, 0x00, 0x00, 0x00, 0x00, 0x00, 0x00, 0x00, 0x00, 0x00, 0x00, 0x00,
0x00, 0x00, 0x00, 0x00, 0x00, 0x00, 0x00, 0x00, 0x00, 0x00, 0x00, 0x00, 0x00, 0x00, 0x00, 0x00,
0x00, 0x00, 0x00, 0x00, 0x00, 0x00, 0x00, 0x00, 0x00, 0x00, 0x00, 0x00, 0x00, 0x00, 0x00, 0x00,
0x00, 0x00, 0x00, 0x00, 0x8a, 0xe6, 0xfd, 0x8c, 0x86, 0xe4, 0xfd, 0xfc, 0x16, 0xa1, 0xf2, 0xff,
0x0b, 0x99, 0xf0, 0xff, 0x0b, 0x98, 0xf0, 0xff, 0x0b, 0x97, 0xef, 0xff, 0x0b, 0x96, 0xee, 0xff,
0x0b, 0x95, 0xed, 0xff, 0x0b, 0x94, 0xec, 0xff, 0x0b, 0x93, 0xeb, 0xff, 0x0b, 0x91, 0xea, 0xff,
0x0b, 0x90, 0xe9, 0xff, 0x0b, 0x8f, 0xe8, 0xff, 0x1f, 0x9c, 0xeb, 0xff, 0x80, 0xdf, 0xfb, 0xfc,
0x88, 0xe5, 0xfd, 0xea, 0x8c, 0xe6, 0xff, 0x28, 0x00, 0x00, 0x00, 0x00, 0x00, 0x00, 0x00, 0x00,
0x00, 0x00, 0x00, 0x00, 0x00, 0x00, 0x00, 0x00, 0x00, 0x00, 0x00, 0x00, 0x00, 0x00, 0x00, 0x00,
0x00, 0x00, 0x00, 0x00, 0x00, 0x00, 0x00, 0x00, 0x00, 0x00, 0x00, 0x00, 0x00, 0x00, 0x00, 0x00,
0x00, 0x00, 0x00, 0x00, 0x00, 0x00, 0x00, 0x00, 0x00, 0x00, 0x00, 0x00, 0x00, 0x00, 0x00, 0x00,
0x00, 0x00, 0x00, 0x00, 0x00, 0x00, 0x00, 0x00, 0x00, 0x00, 0x00, 0x00, 0x00, 0x00, 0x00, 0x00,
0x00, 0x00, 0x00, 0x00, 0x00, 0x00, 0x00, 0x00, 0x00, 0x00, 0x00, 0x00, 0x00, 0x00, 0x00, 0x00,
0x00, 0x00, 0x00, 0x00, 0x00, 0x00, 0x00, 0x00, 0x00, 0x00, 0x00, 0x00, 0x00, 0x00, 0x00, 0x00,
0x00, 0x00, 0x00, 0x00, 0x00, 0x00, 0x00, 0x00, 0x00, 0x00, 0x00, 0x00, 0x00, 0x00, 0x00, 0x00,
0x00, 0x00, 0x00, 0x00, 0x8a, 0xe6, 0xfe, 0xb9, 0x6d, 0xd5, 0xf9, 0xfe, 0x0b, 0x98, 0xf0, 0xff,
0x0b, 0x97, 0xef, 0xff, 0x0b, 0x96, 0xee, 0xff, 0x0b, 0x95, 0xee, 0xff, 0x0b, 0x94, 0xed, 0xff,
0x0b, 0x93, 0xec, 0xff, 0x0b, 0x92, 0xeb, 0xff, 0x0b, 0x91, 0xea, 0xff, 0x0b, 0x90, 0xe9, 0xff,
0x0b, 0x8f, 0xe8, 0xff, 0x0b, 0x8e, 0xe7, 0xff, 0x0b, 0x8d, 0xe6, 0xff, 0x1f, 0x9a, 0xe9, 0xff,
0x80, 0xde, 0xfb, 0xfc, 0x88, 0xe5, 0xfd, 0xea, 0x8c, 0xe6, 0xff, 0x28, 0x00, 0x00, 0x00, 0x00,
0x00, 0x00, 0x00, 0x00, 0x00, 0x00, 0x00, 0x00, 0x00, 0x00, 0x00, 0x00, 0x00, 0x00, 0x00, 0x00,
0x00, 0x00, 0x00, 0x00, 0x00, 0x00, 0x00, 0x00, 0x00, 0x00, 0x00, 0x00, 0x00, 0x00, 0x00, 0x00,
0x00, 0x00, 0x00, 0x00, 0x00, 0x00, 0x00, 0x00, 0x00, 0x00, 0x00, 0x00, 0x00, 0x00, 0x00, 0x00,
0x00, 0x00, 0x00, 0x00, 0x00, 0x00, 0x00, 0x00, 0x00, 0x00, 0x00, 0x00, 0x00, 0x00, 0x00, 0x00,
0x00, 0x00, 0x00, 0x00, 0x00, 0x00, 0x00, 0x00, 0x00, 0x00, 0x00, 0x00, 0x00, 0x00, 0x00, 0x00,
0x00, 0x00, 0x00, 0x00, 0x00, 0x00, 0x00, 0x00, 0x00, 0x00, 0x00, 0x00, 0x00, 0x00, 0x00, 0x00,
0x00, 0x00, 0x00, 0x00, 0x00, 0x00, 0x00, 0x00, 0x00, 0x00, 0x00, 0x00, 0x00, 0x00, 0x00, 0x00,
0x00, 0x00, 0x00, 0x00, 0x8a, 0xe6, 0xfc, 0xbf, 0x6a, 0xd2, 0xf9, 0xff, 0x0b, 0x97, 0xef, 0xff,
0x0b, 0x96, 0xee, 0xff, 0x0b, 0x95, 0xed, 0xff, 0x0b, 0x94, 0xec, 0xff, 0x0b, 0x93, 0xeb, 0xff,
0x0b, 0x92, 0xeb, 0xff, 0x0b, 0x91, 0xea, 0xff, 0x0b, 0x90, 0xe9, 0xff, 0x0b, 0x8f, 0xe8, 0xff,
0x0b, 0x8e, 0xe7, 0xff, 0x0b, 0x8d, 0xe6, 0xff, 0x0b, 0x8c, 0xe5, 0xff, 0x0a, 0x8b, 0xe4, 0xff,
0x1e, 0x98, 0xe7, 0xff, 0x80, 0xde, 0xfb, 0xfc, 0x89, 0xe4, 0xfc, 0xed, 0x8a, 0xe6, 0xfe, 0xbb,
0x8a, 0xe6, 0xfe, 0xbb, 0x8a, 0xe6, 0xfe, 0xbb, 0x8a, 0xe6, 0xfe, 0xbb, 0x8a, 0xe6, 0xfe, 0xbb,
0x8a, 0xe6, 0xfe, 0xbb, 0x8a, 0xe6, 0xfe, 0xbb, 0x8a, 0xe6, 0xfe, 0xbb, 0x8a, 0xe6, 0xfe, 0xbb,
0x8a, 0xe6, 0xfe, 0xbb, 0x8a, 0xe6, 0xfe, 0xbb, 0x8a, 0xe6, 0xfe, 0xbb, 0x8a, 0xe6, 0xfe, 0xbb,
0x8a, 0xe6, 0xfe, 0xbb, 0x8a, 0xe6, 0xfe, 0xbb, 0x8a, 0xe6, 0xfe, 0xbb, 0x8a, 0xe6, 0xfd, 0xa5,
0x8a, 0xe7, 0xfc, 0x60, 0xff, 0xff, 0xff, 0x01, 0x00, 0x00, 0x00, 0x00, 0x00, 0x00, 0x00, 0x00,
0x00, 0x00, 0x00, 0x00, 0x00, 0x00, 0x00, 0x00, 0x00, 0x00, 0x00, 0x00, 0x00, 0x00, 0x00, 0x00,
0x00, 0x00, 0x00, 0x00, 0x00, 0x00, 0x00, 0x00, 0x00, 0x00, 0x00, 0x00, 0x00, 0x00, 0x00, 0x00,
0x00, 0x00, 0x00, 0x00, 0x8a, 0xe6, 0xfc, 0xbf, 0x6a, 0xd2, 0xf9, 0xff, 0x0b, 0x96, 0xee, 0xff,
0x0b, 0x95, 0xed, 0xff, 0x0b, 0x94, 0xec, 0xff, 0x0b, 0x93, 0xeb, 0xff, 0x0b, 0x92, 0xea, 0xff,
0x0b, 0x91, 0xe9, 0xff, 0x0b, 0x90, 0xe9, 0xff, 0x0b, 0x8f, 0xe8, 0xff, 0x0b, 0x8e, 0xe7, 0xff,
0x0b, 0x8c, 0xe6, 0xff, 0x0b, 0x8b, 0xe5, 0xff, 0x0a, 0x8a, 0xe4, 0xff, 0x0a, 0x89, 0xe3, 0xff,
0x0a, 0x88, 0xe2, 0xff, 0x1e, 0x96, 0xe6, 0xff, 0x66, 0xcb, 0xf5, 0xff, 0x68, 0xcc, 0xf6, 0xff,
0x68, 0xcc, 0xf5, 0xff, 0x68, 0xcc, 0xf5, 0xff, 0x68, 0xcc, 0xf5, 0xff, 0x68, 0xcb, 0xf5, 0xff,
0x68, 0xcb, 0xf4, 0xff, 0x68, 0xcb, 0xf4, 0xff, 0x68, 0xcb, 0xf4, 0xff, 0x68, 0xca, 0xf4, 0xff,
0x68, 0xca, 0xf3, 0xff, 0x68, 0xca, 0xf3, 0xff, 0x68, 0xca, 0xf3, 0xff, 0x68, 0xc9, 0xf3, 0xff,
0x68, 0xc9, 0xf3, 0xff, 0x68, 0xc9, 0xf2, 0xff, 0x68, 0xc8, 0xf2, 0xff, 0x79, 0xd7, 0xf7, 0xfb,
0x8a, 0xe6, 0xfd, 0xff, 0x88, 0xe6, 0xfe, 0xb4, 0xff, 0xff, 0xff, 0x01, 0x00, 0x00, 0x00, 0x00,
0x00, 0x00, 0x00, 0x00, 0x00, 0x00, 0x00, 0x00, 0x00, 0x00, 0x00, 0x00, 0x00, 0x00, 0x00, 0x00,
0x00, 0x00, 0x00, 0x00, 0x00, 0x00, 0x00, 0x00, 0x00, 0x00, 0x00, 0x00, 0x00, 0x00, 0x00, 0x00,
0x00, 0x00, 0x00, 0x00, 0x8a, 0xe6, 0xfc, 0xbf, 0x6a, 0xd2, 0xf9, 0xff, 0x0b, 0x95, 0xed, 0xff,
0x0b, 0x94, 0xec, 0xff, 0x0b, 0x92, 0xeb, 0xff, 0x0b, 0x91, 0xea, 0xff, 0x0b, 0x90, 0xe9, 0xff,
0x0b, 0x8f, 0xe8, 0xff, 0x0b, 0x8e, 0xe7, 0xff, 0x0b, 0x8d, 0xe6, 0xff, 0x0b, 0x8c, 0xe6, 0xff,
0x0a, 0x8b, 0xe5, 0xff, 0x0a, 0x8a, 0xe4, 0xff, 0x0a, 0x89, 0xe3, 0xff, 0x0a, 0x88, 0xe2, 0xff,
0x0a, 0x87, 0xe1, 0xff, 0x0a, 0x86, 0xe0, 0xff, 0x0a, 0x85, 0xdf, 0xff, 0x0a, 0x84, 0xde, 0xff,
0x0a, 0x83, 0xdd, 0xff, 0x0a, 0x82, 0xdd, 0xff, 0x0a, 0x81, 0xdc, 0xff, 0x0a, 0x80, 0xdb, 0xff,
0x0a, 0x7f, 0xda, 0xff, 0x0a, 0x7e, 0xd9, 0xff, 0x0a, 0x7d, 0xd8, 0xff, 0x0a, 0x7c, 0xd7, 0xff,
0x0a, 0x7b, 0xd6, 0xff, 0x0a, 0x79, 0xd5, 0xff, 0x0a, 0x78, 0xd4, 0xff, 0x0a, 0x77, 0xd4, 0xff,
0x0a, 0x76, 0xd3, 0xff, 0x0a, 0x75, 0xd2, 0xff, 0x0a, 0x74, 0xd1, 0xff, 0x0a, 0x73, 0xd0, 0xff,
0x40, 0xa3, 0xe2, 0xff, 0x8a, 0xe6, 0xfd, 0xff, 0x89, 0xe7, 0xfc, 0x5f, 0x00, 0x00, 0x00, 0x00,
0x00, 0x00, 0x00, 0x00, 0x00, 0x00, 0x00, 0x00, 0x00, 0x00, 0x00, 0x00, 0x00, 0x00, 0x00, 0x00,
0x00, 0x00, 0x00, 0x00, 0x00, 0x00, 0x00, 0x00, 0x00, 0x00, 0x00, 0x00, 0x00, 0x00, 0x00, 0x00,
0x00, 0x00, 0x00, 0x00, 0x8a, 0xe6, 0xfc, 0xbf, 0x6a, 0xd1, 0xf8, 0xff, 0x0b, 0x93, 0xec, 0xff,
0x0b, 0x92, 0xeb, 0xff, 0x0b, 0x91, 0xea, 0xff, 0x0b, 0x90, 0xe9, 0xff, 0x0b, 0x8f, 0xe8, 0xff,
0x0b, 0x8e, 0xe7, 0xff, 0x0b, 0x8d, 0xe6, 0xff, 0x0b, 0x8c, 0xe5, 0xff, 0x0a, 0x8b, 0xe4, 0xff,
0x0a, 0x8a, 0xe4, 0xff, 0x0a, 0x89, 0xe3, 0xff, 0x0a, 0x88, 0xe2, 0xff, 0x0a, 0x87, 0xe1, 0xff,
0x0a, 0x86, 0xe0, 0xff, 0x0a, 0x85, 0xdf, 0xff, 0x0a, 0x84, 0xde, 0xff, 0x0a, 0x83, 0xdd, 0xff,
0x0a, 0x82, 0xdc, 0xff, 0x0a, 0x80, 0xdb, 0xff, 0x0a, 0x7f, 0xdb, 0xff, 0x0a, 0x7e, 0xda, 0xff,
0x0a, 0x7d, 0xd9, 0xff, 0x0a, 0x7c, 0xd8, 0xff, 0x0a, 0x7b, 0xd7, 0xff, 0x0a, 0x7a, 0xd6, 0xff,
0x0a, 0x79, 0xd5, 0xff, 0x0a, 0x78, 0xd4, 0xff, 0x0a, 0x77, 0xd3, 0xff, 0x0a, 0x76, 0xd2, 0xff,
0x0a, 0x75, 0xd1, 0xff, 0x0a, 0x74, 0xd1, 0xff, 0x0a, 0x73, 0xd0, 0xff, 0x0a, 0x72, 0xcf, 0xff,
0x0a, 0x71, 0xce, 0xff, 0x7a, 0xd7, 0xf7, 0xfb, 0x8a, 0xe6, 0xfd, 0xa5, 0x00, 0x00, 0x00, 0x00,
0x00, 0x00, 0x00, 0x00, 0x00, 0x00, 0x00, 0x00, 0x00, 0x00, 0x00, 0x00, 0x00, 0x00, 0x00, 0x00,
0x00, 0x00, 0x00, 0x00, 0x00, 0x00, 0x00, 0x00, 0x00, 0x00, 0x00, 0x00, 0x00, 0x00, 0x00, 0x00,
0x00, 0x00, 0x00, 0x00, 0x8a, 0xe6, 0xfc, 0xbf, 0x6a, 0xd1, 0xf8, 0xff, 0x0b, 0x92, 0xeb, 0xff,
0x0b, 0x91, 0xea, 0xff, 0x0b, 0x90, 0xe9, 0xff, 0x0b, 0x8f, 0xe8, 0xff, 0x0b, 0x8e, 0xe7, 0xff,
0x0b, 0x8d, 0xe6, 0xff, 0x0b, 0x8c, 0xe5, 0xff, 0x0a, 0x8b, 0xe4, 0xff, 0x0a, 0x8a, 0xe3, 0xff,
0x0a, 0x89, 0xe2, 0xff, 0x0a, 0x87, 0xe1, 0xff, 0x0a, 0x86, 0xe1, 0xff, 0x0a, 0x85, 0xe0, 0xff,
0x0a, 0x84, 0xdf, 0xff, 0x0a, 0x83, 0xde, 0xff, 0x0a, 0x82, 0xdd, 0xff, 0x0a, 0x81, 0xdc, 0xff,
0x0a, 0x80, 0xdb, 0xff, 0x0a, 0x7f, 0xda, 0xff, 0x0a, 0x7e, 0xd9, 0xff, 0x0a, 0x7d, 0xd8, 0xff,
0x0a, 0x7c, 0xd8, 0xff, 0x0a, 0x7b, 0xd7, 0xff, 0x0a, 0x7a, 0xd6, 0xff, 0x0a, 0x79, 0xd5, 0xff,
0x0a, 0x78, 0xd4, 0xff, 0x0a, 0x77, 0xd3, 0xff, 0x0a, 0x76, 0xd2, 0xff, 0x0a, 0x75, 0xd1, 0xff,
0x0a, 0x74, 0xd0, 0xff, 0x0a, 0x73, 0xcf, 0xff, 0x0a, 0x72, 0xcf, 0xff, 0x0a, 0x71, 0xce, 0xff,
0x0a, 0x70, 0xcd, 0xff, 0x6a, 0xc8, 0xf0, 0xff, 0x8a, 0xe6, 0xfc, 0xbf, 0x00, 0x00, 0x00, 0x00,
0x00, 0x00, 0x00, 0x00, 0x00, 0x00, 0x00, 0x00, 0x00, 0x00, 0x00, 0x00, 0x00, 0x00, 0x00, 0x00,
0x00, 0x00, 0x00, 0x00, 0x00, 0x00, 0x00, 0x00, 0x00, 0x00, 0x00, 0x00, 0x00, 0x00, 0x00, 0x00,
0x00, 0x00, 0x00, 0x00, 0x8a, 0xe6, 0xfc, 0xbf, 0x4f, 0xc3, 0xf8, 0xff, 0x0b, 0x95, 0xed, 0xff,
0x0b, 0x94, 0xec, 0xff, 0x0b, 0x93, 0xec, 0xff, 0x0b, 0x92, 0xec, 0xff, 0x0b, 0x91, 0xeb, 0xff,
0x0b, 0x90, 0xea, 0xff, 0x0a, 0x90, 0xea, 0xff, 0x0a, 0x8f, 0xe9, 0xff, 0x0a, 0x8e, 0xe8, 0xff,
0x0a, 0x8d, 0xe7, 0xff, 0x0a, 0x8d, 0xe7, 0xff, 0x0a, 0x8c, 0xe6, 0xff, 0x0a, 0x8b, 0xe6, 0xff,
0x0a, 0x8b, 0xe5, 0xff, 0x0a, 0x8a, 0xe4, 0xff, 0x0a, 0x89, 0xe4, 0xff, 0x0a, 0x88, 0xe3, 0xff,
0x0a, 0x88, 0xe2, 0xff, 0x0a, 0x87, 0xe2, 0xff, 0x0a, 0x86, 0xe1, 0xff, 0x0a, 0x85, 0xe0, 0xff,
0x0a, 0x85, 0xdf, 0xff, 0x0a, 0x84, 0xdf, 0xff, 0x0a, 0x83, 0xdf, 0xff, 0x0a, 0x83, 0xde, 0xff,
0x0a, 0x82, 0xdd, 0xff, 0x0a, 0x81, 0xdd, 0xff, 0x0a, 0x80, 0xdc, 0xff, 0x0a, 0x7f, 0xdb, 0xff,
0x0a, 0x7e, 0xda, 0xff, 0x0a, 0x7e, 0xda, 0xff, 0x0a, 0x7d, 0xd9, 0xff, 0x0a, 0x7c, 0xd8, 0xff,
0x0a, 0x7b, 0xd8, 0xff, 0x4f, 0xbc, 0xf2, 0xff, 0x8a, 0xe6, 0xfc, 0xbf, 0x00, 0x00, 0x00, 0x00,
0x00, 0x00, 0x00, 0x00, 0x00, 0x00, 0x00, 0x00, 0x00, 0x00, 0x00, 0x00, 0x00, 0x00, 0x00, 0x00,
0x00, 0x00, 0x00, 0x00, 0x00, 0x00, 0x00, 0x00, 0x00, 0x00, 0x00, 0x00, 0x00, 0x00, 0x00, 0x00,
0x00, 0x00, 0x00, 0x00, 0x8a, 0xe6, 0xfc, 0xbf, 0x30, 0xb2, 0xf6, 0xff, 0x0a, 0x98, 0xf0, 0xff,
0x0a, 0x98, 0xef, 0xff, 0x0a, 0x97, 0xef, 0xff, 0x0a, 0x97, 0xef, 0xff, 0x0a, 0x97, 0xef, 0xff,
0x0a, 0x96, 0xee, 0xff, 0x0a, 0x96, 0xee, 0xff, 0x0a, 0x95, 0xed, 0xff, 0x0a, 0x95, 0xed, 0xff,
0x0a, 0x95, 0xed, 0xff, 0x0a, 0x94, 0xec, 0xff, 0x0a, 0x94, 0xec, 0xff, 0x0a, 0x93, 0xeb, 0xff,
0x0a, 0x93, 0xeb, 0xff, 0x0a, 0x93, 0xeb, 0xff, 0x0a, 0x92, 0xeb, 0xff, 0x0a, 0x92, 0xea, 0xff,
0x0a, 0x91, 0xea, 0xff, 0x0a, 0x91, 0xe9, 0xff, 0x0a, 0x90, 0xe9, 0xff, 0x0a, 0x90, 0xe9, 0xff,
0x0a, 0x8f, 0xe8, 0xff, 0x0a, 0x8f, 0xe8, 0xff, 0x0a, 0x8f, 0xe7, 0xff, 0x0a, 0x8e, 0xe7, 0xff,
0x0a, 0x8e, 0xe7, 0xff, 0x0a, 0x8d, 0xe7, 0xff, 0x0a, 0x8d, 0xe6, 0xff, 0x0a, 0x8d, 0xe6, 0xff,
0x0a, 0x8c, 0xe5, 0xff, 0x0a, 0x8c, 0xe5, 0xff, 0x0a, 0x8b, 0xe5, 0xff, 0x0a, 0x8b, 0xe4, 0xff,
0x0a, 0x8b, 0xe4, 0xff, 0x30, 0xaf, 0xf3, 0xff, 0x8a, 0xe6, 0xfc, 0xbf, 0x00, 0x00, 0x00, 0x00,
0x00, 0x00, 0x00, 0x00, 0x00, 0x00, 0x00, 0x00, 0x00, 0x00, 0x00, 0x00, 0x00, 0x00, 0x00, 0x00,
0x00, 0x00, 0x00, 0x00, 0x00, 0x00, 0x00, 0x00, 0x00, 0x00, 0x00, 0x00, 0x00, 0x00, 0x00, 0x00,
0x00, 0x00, 0x00, 0x00, 0x8a, 0xe6, 0xfc, 0xbf, 0x30, 0xb2, 0xf6, 0xff, 0x0a, 0x98, 0xef, 0xff,
0x0a, 0x97, 0xef, 0xff, 0x0a, 0x97, 0xef, 0xff, 0x0a, 0x97, 0xee, 0xff, 0x0a, 0x96, 0xee, 0xff,
0x0a, 0x96, 0xee, 0xff, 0x0a, 0x95, 0xed, 0xff, 0x0a, 0x95, 0xed, 0xff, 0x0a, 0x95, 0xed, 0xff,
0x0a, 0x94, 0xec, 0xff, 0x0a, 0x94, 0xec, 0xff, 0x0a, 0x93, 0xeb, 0xff, 0x0a, 0x93, 0xeb, 0xff,
0x0a, 0x92, 0xeb, 0xff, 0x0a, 0x92, 0xea, 0xff, 0x0a, 0x91, 0xea, 0xff, 0x0a, 0x91, 0xea, 0xff,
0x0a, 0x91, 0xe9, 0xff, 0x0a, 0x90, 0xe9, 0xff, 0x0a, 0x90, 0xe9, 0xff, 0x0a, 0x8f, 0xe8, 0xff,
0x0a, 0x8f, 0xe8, 0xff, 0x0a, 0x8f, 0xe7, 0xff, 0x0a, 0x8e, 0xe7, 0xff, 0x0a, 0x8e, 0xe7, 0xff,
0x0a, 0x8d, 0xe7, 0xff, 0x0a, 0x8d, 0xe6, 0xff, 0x0a, 0x8d, 0xe6, 0xff, 0x0a, 0x8c, 0xe5, 0xff,
0x0a, 0x8c, 0xe5, 0xff, 0x0a, 0x8b, 0xe5, 0xff, 0x0a, 0x8b, 0xe4, 0xff, 0x0a, 0x8b, 0xe4, 0xff,
0x0a, 0x8a, 0xe3, 0xff, 0x30, 0xaf, 0xf3, 0xff, 0x8a, 0xe6, 0xfc, 0xbf, 0x00, 0x00, 0x00, 0x00,
0x00, 0x00, 0x00, 0x00, 0x00, 0x00, 0x00, 0x00, 0x00, 0x00, 0x00, 0x00, 0x00, 0x00, 0x00, 0x00,
0x00, 0x00, 0x00, 0x00, 0x00, 0x00, 0x00, 0x00, 0x00, 0x00, 0x00, 0x00, 0x00, 0x00, 0x00, 0x00,
0x00, 0x00, 0x00, 0x00, 0x8a, 0xe6, 0xfc, 0xbf, 0x30, 0xb2, 0xf6, 0xff, 0x0a, 0x97, 0xef, 0xff,
0x0a, 0x97, 0xef, 0xff, 0x0a, 0x97, 0xee, 0xff, 0x0a, 0x96, 0xee, 0xff, 0x0a, 0x95, 0xed, 0xff,
0x0a, 0x95, 0xed, 0xff, 0x0a, 0x95, 0xed, 0xff, 0x0a, 0x94, 0xed, 0xff, 0x0a, 0x94, 0xec, 0xff,
0x0a, 0x93, 0xec, 0xff, 0x0a, 0x93, 0xeb, 0xff, 0x0a, 0x93, 0xeb, 0xff, 0x0a, 0x92, 0xeb, 0xff,
0x0a, 0x92, 0xea, 0xff, 0x0a, 0x91, 0xea, 0xff, 0x0a, 0x91, 0xe9, 0xff, 0x0a, 0x91, 0xe9, 0xff,
0x0a, 0x90, 0xe9, 0xff, 0x0a, 0x90, 0xe9, 0xff, 0x0a, 0x8f, 0xe8, 0xff, 0x0a, 0x8f, 0xe8, 0xff,
0x0a, 0x8f, 0xe7, 0xff, 0x0a, 0x8e, 0xe7, 0xff, 0x0a, 0x8e, 0xe7, 0xff, 0x0a, 0x8d, 0xe6, 0xff,
0x0a, 0x8d, 0xe6, 0xff, 0x0a, 0x8d, 0xe5, 0xff, 0x0a, 0x8c, 0xe5, 0xff, 0x0a, 0x8b, 0xe5, 0xff,
0x0a, 0x8b, 0xe5, 0xff, 0x0a, 0x8b, 0xe4, 0xff, 0x0a, 0x8a, 0xe4, 0xff, 0x0a, 0x8a, 0xe3, 0xff,
0x0a, 0x89, 0xe3, 0xff, 0x30, 0xae, 0xf3, 0xff, 0x8a, 0xe6, 0xfc, 0xbf, 0x00, 0x00, 0x00, 0x00,
0x00, 0x00, 0x00, 0x00, 0x00, 0x00, 0x00, 0x00, 0x00, 0x00, 0x00, 0x00, 0x00, 0x00, 0x00, 0x00,
0x00, 0x00, 0x00, 0x00, 0x00, 0x00, 0x00, 0x00, 0x00, 0x00, 0x00, 0x00, 0x00, 0x00, 0x00, 0x00,
0x00, 0x00, 0x00, 0x00, 0x8a, 0xe6, 0xfc, 0xbf, 0x30, 0xb2, 0xf6, 0xff, 0x0a, 0x97, 0xef, 0xff,
0x0a, 0x96, 0xee, 0xff, 0x0a, 0x96, 0xee, 0xff, 0x0a, 0x95, 0xed, 0xff, 0x0a, 0x95, 0xed, 0xff,
0x0a, 0x95, 0xed, 0xff, 0x0a, 0x94, 0xec, 0xff, 0x0a, 0x94, 0xec, 0xff, 0x0a, 0x93, 0xec, 0xff,
0x0a, 0x93, 0xeb, 0xff, 0x0a, 0x93, 0xeb, 0xff, 0x0a, 0x92, 0xeb, 0xff, 0x0a, 0x92, 0xea, 0xff,
0x0a, 0x91, 0xea, 0xff, 0x0a, 0x91, 0xe9, 0xff, 0x0a, 0x91, 0xe9, 0xff, 0x0a, 0x90, 0xe9, 0xff,
0x0a, 0x90, 0xe8, 0xff, 0x0a, 0x8f, 0xe8, 0xff, 0x0a, 0x8f, 0xe8, 0xff, 0x0a, 0x8f, 0xe7, 0xff,
0x0a, 0x8e, 0xe7, 0xff, 0x0a, 0x8d, 0xe7, 0xff, 0x0a, 0x8d, 0xe6, 0xff, 0x0a, 0x8d, 0xe6, 0xff,
0x0a, 0x8c, 0xe5, 0xff, 0x0a, 0x8c, 0xe5, 0xff, 0x0a, 0x8b, 0xe5, 0xff, 0x0a, 0x8b, 0xe5, 0xff,
0x0a, 0x8b, 0xe4, 0xff, 0x0a, 0x8a, 0xe4, 0xff, 0x0a, 0x8a, 0xe3, 0xff, 0x0a, 0x89, 0xe3, 0xff,
0x0a, 0x89, 0xe3, 0xff, 0x30, 0xae, 0xf3, 0xff, 0x8a, 0xe6, 0xfc, 0xbf, 0x00, 0x00, 0x00, 0x00,
0x00, 0x00, 0x00, 0x00, 0x00, 0x00, 0x00, 0x00, 0x00, 0x00, 0x00, 0x00, 0x00, 0x00, 0x00, 0x00,
0x00, 0x00, 0x00, 0x00, 0x00, 0x00, 0x00, 0x00, 0x00, 0x00, 0x00, 0x00, 0x00, 0x00, 0x00, 0x00,
0x00, 0x00, 0x00, 0x00, 0x8a, 0xe6, 0xfc, 0xbf, 0x30, 0xb2, 0xf5, 0xff, 0x0a, 0x96, 0xee, 0xff,
0x0a, 0x96, 0xee, 0xff, 0x0a, 0x95, 0xed, 0xff, 0x0a, 0x95, 0xed, 0xff, 0x0a, 0x95, 0xed, 0xff,
0x0a, 0x94, 0xec, 0xff, 0x0a, 0x94, 0xec, 0xff, 0x0a, 0x93, 0xeb, 0xff, 0x0a, 0x93, 0xeb, 0xff,
0x0a, 0x93, 0xeb, 0xff, 0x0a, 0x92, 0xeb, 0xff, 0x0a, 0x92, 0xea, 0xff, 0x0a, 0x91, 0xea, 0xff,
0x0a, 0x91, 0xe9, 0xff, 0x0a, 0x90, 0xe9, 0xff, 0x0a, 0x90, 0xe9, 0xff, 0x0a, 0x8f, 0xe8, 0xff,
0x0a, 0x8f, 0xe8, 0xff, 0x0a, 0x8f, 0xe7, 0xff, 0x0a, 0x8e, 0xe7, 0xff, 0x0a, 0x8e, 0xe7, 0xff,
0x0a, 0x8d, 0xe7, 0xff, 0x0a, 0x8d, 0xe6, 0xff, 0x0a, 0x8d, 0xe6, 0xff, 0x0a, 0x8c, 0xe5, 0xff,
0x0a, 0x8c, 0xe5, 0xff, 0x0a, 0x8b, 0xe5, 0xff, 0x0a, 0x8b, 0xe4, 0xff, 0x0a, 0x8b, 0xe4, 0xff,
0x0a, 0x8a, 0xe4, 0xff, 0x0a, 0x8a, 0xe3, 0xff, 0x0a, 0x89, 0xe3, 0xff, 0x0a, 0x89, 0xe3, 0xff,
0x0a, 0x89, 0xe2, 0xff, 0x30, 0xae, 0xf2, 0xff, 0x8a, 0xe6, 0xfc, 0xbf, 0x00, 0x00, 0x00, 0x00,
0x00, 0x00, 0x00, 0x00, 0x00, 0x00, 0x00, 0x00, 0x00, 0x00, 0x00, 0x00, 0x00, 0x00, 0x00, 0x00,
0x00, 0x00, 0x00, 0x00, 0x00, 0x00, 0x00, 0x00, 0x00, 0x00, 0x00, 0x00, 0x00, 0x00, 0x00, 0x00,
0x00, 0x00, 0x00, 0x00, 0x8a, 0xe6, 0xfc, 0xbf, 0x30, 0xb2, 0xf5, 0xff, 0x0a, 0x96, 0xee, 0xff,
0x0a, 0x95, 0xed, 0xff, 0x0a, 0x95, 0xed, 0xff, 0x0a, 0x95, 0xed, 0xff, 0x0a, 0x94, 0xec, 0xff,
0x0a, 0x93, 0xec, 0xff, 0x0a, 0x93, 0xeb, 0xff, 0x0a, 0x93, 0xeb, 0xff, 0x0a, 0x92, 0xeb, 0xff,
0x0a, 0x92, 0xea, 0xff, 0x0a, 0x91, 0xea, 0xff, 0x0a, 0x91, 0xea, 0xff, 0x0a, 0x91, 0xe9, 0xff,
0x0a, 0x90, 0xe9, 0xff, 0x0a, 0x90, 0xe9, 0xff, 0x0a, 0x8f, 0xe8, 0xff, 0x0a, 0x8f, 0xe8, 0xff,
0x0a, 0x8f, 0xe7, 0xff, 0x0a, 0x8e, 0xe7, 0xff, 0x0a, 0x8e, 0xe7, 0xff, 0x0a, 0x8d, 0xe6, 0xff,
0x0a, 0x8d, 0xe6, 0xff, 0x0a, 0x8d, 0xe6, 0xff, 0x0a, 0x8c, 0xe5, 0xff, 0x0a, 0x8c, 0xe5, 0xff,
0x0a, 0x8b, 0xe5, 0xff, 0x0a, 0x8b, 0xe4, 0xff, 0x0a, 0x8b, 0xe4, 0xff, 0x0a, 0x8a, 0xe3, 0xff,
0x0a, 0x89, 0xe3, 0xff, 0x0a, 0x89, 0xe3, 0xff, 0x0a, 0x89, 0xe3, 0xff, 0x0a, 0x88, 0xe2, 0xff,
0x0a, 0x88, 0xe2, 0xff, 0x30, 0xae, 0xf2, 0xff, 0x8a, 0xe6, 0xfc, 0xbf, 0x00, 0x00, 0x00, 0x00,
0x00, 0x00, 0x00, 0x00, 0x00, 0x00, 0x00, 0x00, 0x00, 0x00, 0x00, 0x00, 0x00, 0x00, 0x00, 0x00,
0x00, 0x00, 0x00, 0x00, 0x00, 0x00, 0x00, 0x00, 0x00, 0x00, 0x00, 0x00, 0x00, 0x00, 0x00, 0x00,
0x00, 0x00, 0x00, 0x00, 0x8a, 0xe6, 0xfc, 0xbf, 0x30, 0xb1, 0xf5, 0xff, 0x0a, 0x95, 0xed, 0xff,
0x0a, 0x95, 0xed, 0xff, 0x0a, 0x94, 0xed, 0xff, 0x0a, 0x94, 0xec, 0xff, 0x0a, 0x93, 0xec, 0xff,
0x0a, 0x93, 0xeb, 0xff, 0x0a, 0x93, 0xeb, 0xff, 0x0a, 0x92, 0xeb, 0xff, 0x0a, 0x92, 0xea, 0xff,
0x0a, 0x91, 0xea, 0xff, 0x0a, 0x91, 0xe9, 0xff, 0x0a, 0x91, 0xe9, 0xff, 0x0a, 0x90, 0xe9, 0xff,
0x0a, 0x90, 0xe9, 0xff, 0x0a, 0x8f, 0xe8, 0xff, 0x0a, 0x8f, 0xe8, 0xff, 0x0a, 0x8f, 0xe7, 0xff,
0x0a, 0x8e, 0xe7, 0xff, 0x0a, 0x8e, 0xe7, 0xff, 0x0a, 0x8d, 0xe6, 0xff, 0x0a, 0x8d, 0xe6, 0xff,
0x0a, 0x8d, 0xe5, 0xff, 0x0a, 0x8c, 0xe5, 0xff, 0x0a, 0x8b, 0xe5, 0xff, 0x0a, 0x8b, 0xe5, 0xff,
0x0a, 0x8b, 0xe4, 0xff, 0x0a, 0x8a, 0xe4, 0xff, 0x0a, 0x8a, 0xe3, 0xff, 0x0a, 0x89, 0xe3, 0xff,
0x0a, 0x89, 0xe3, 0xff, 0x0a, 0x89, 0xe2, 0xff, 0x0a, 0x88, 0xe2, 0xff, 0x0a, 0x88, 0xe2, 0xff,
0x0a, 0x87, 0xe1, 0xff, 0x30, 0xae, 0xf2, 0xff, 0x8a, 0xe6, 0xfc, 0xbf, 0x00, 0x00, 0x00, 0x00,
0x00, 0x00, 0x00, 0x00, 0x00, 0x00, 0x00, 0x00, 0x00, 0x00, 0x00, 0x00, 0x00, 0x00, 0x00, 0x00,
0x00, 0x00, 0x00, 0x00, 0x00, 0x00, 0x00, 0x00, 0x00, 0x00, 0x00, 0x00, 0x00, 0x00, 0x00, 0x00,
0x00, 0x00, 0x00, 0x00, 0x8a, 0xe6, 0xfc, 0xbf, 0x30, 0xb1, 0xf5, 0xff, 0x0a, 0x95, 0xed, 0xff,
0x0a, 0x94, 0xec, 0xff, 0x0a, 0x94, 0xec, 0xff, 0x0a, 0x93, 0xec, 0xff, 0x0a, 0x93, 0xeb, 0xff,
0x0a, 0x93, 0xeb, 0xff, 0x0a, 0x92, 0xeb, 0xff, 0x0a, 0x92, 0xea, 0xff, 0x0a, 0x91, 0xea, 0xff,
0x0a, 0x91, 0xe9, 0xff, 0x0a, 0x91, 0xe9, 0xff, 0x0a, 0x90, 0xe9, 0xff, 0x0a, 0x90, 0xe8, 0xff,
0x0a, 0x8f, 0xe8, 0xff, 0x0a, 0x8f, 0xe8, 0xff, 0x0a, 0x8e, 0xe7, 0xff, 0x0a, 0x8e, 0xe7, 0xff,
0x0a, 0x8d, 0xe7, 0xff, 0x0a, 0x8d, 0xe6, 0xff, 0x0a, 0x8d, 0xe6, 0xff, 0x0a, 0x8c, 0xe5, 0xff,
0x0a, 0x8c, 0xe5, 0xff, 0x0a, 0x8b, 0xe5, 0xff, 0x0a, 0x8b, 0xe4, 0xff, 0x0a, 0x8b, 0xe4, 0xff,
0x0a, 0x8a, 0xe4, 0xff, 0x0a, 0x8a, 0xe3, 0xff, 0x0a, 0x89, 0xe3, 0xff, 0x0a, 0x89, 0xe3, 0xff,
0x0a, 0x89, 0xe2, 0xff, 0x0a, 0x88, 0xe2, 0xff, 0x0a, 0x88, 0xe1, 0xff, 0x0a, 0x87, 0xe1, 0xff,
0x0a, 0x87, 0xe1, 0xff, 0x30, 0xae, 0xf2, 0xff, 0x8a, 0xe6, 0xfc, 0xbf, 0x00, 0x00, 0x00, 0x00,
0x00, 0x00, 0x00, 0x00, 0x00, 0x00, 0x00, 0x00, 0x00, 0x00, 0x00, 0x00, 0x00, 0x00, 0x00, 0x00,
0x00, 0x00, 0x00, 0x00, 0x00, 0x00, 0x00, 0x00, 0x00, 0x00, 0x00, 0x00, 0x00, 0x00, 0x00, 0x00,
0x00, 0x00, 0x00, 0x00, 0x8a, 0xe6, 0xfc, 0xbf, 0x30, 0xb1, 0xf5, 0xff, 0x0a, 0x94, 0xec, 0xff,
0x0a, 0x94, 0xec, 0xff, 0x0a, 0x93, 0xeb, 0xff, 0x0a, 0x93, 0xeb, 0xff, 0x0a, 0x93, 0xeb, 0xff,
0x0a, 0x92, 0xeb, 0xff, 0x0a, 0x92, 0xea, 0xff, 0x0a, 0x91, 0xea, 0xff, 0x0a, 0x91, 0xe9, 0xff,
0x0a, 0x90, 0xe9, 0xff, 0x0a, 0x90, 0xe9, 0xff, 0x0a, 0x8f, 0xe8, 0xff, 0x0a, 0x8f, 0xe8, 0xff,
0x0a, 0x8f, 0xe7, 0xff, 0x0a, 0x8e, 0xe7, 0xff, 0x0a, 0x8e, 0xe7, 0xff, 0x0a, 0x8d, 0xe7, 0xff,
0x0a, 0x8d, 0xe6, 0xff, 0x0a, 0x8d, 0xe6, 0xff, 0x0a, 0x8c, 0xe5, 0xff, 0x0a, 0x8c, 0xe5, 0xff,
0x0a, 0x8b, 0xe5, 0xff, 0x0a, 0x8b, 0xe4, 0xff, 0x0a, 0x8b, 0xe4, 0xff, 0x0a, 0x8a, 0xe3, 0xff,
0x0a, 0x8a, 0xe3, 0xff, 0x0a, 0x89, 0xe3, 0xff, 0x0a, 0x89, 0xe3, 0xff, 0x0a, 0x89, 0xe2, 0xff,
0x0a, 0x88, 0xe2, 0xff, 0x0a, 0x88, 0xe1, 0xff, 0x0a, 0x87, 0xe1, 0xff, 0x0a, 0x87, 0xe1, 0xff,
0x0a, 0x86, 0xe0, 0xff, 0x30, 0xad, 0xf2, 0xff, 0x8a, 0xe6, 0xfc, 0xbf, 0x00, 0x00, 0x00, 0x00,
0x00, 0x00, 0x00, 0x00, 0x00, 0x00, 0x00, 0x00, 0x00, 0x00, 0x00, 0x00, 0x00, 0x00, 0x00, 0x00,
0x00, 0x00, 0x00, 0x00, 0x00, 0x00, 0x00, 0x00, 0x00, 0x00, 0x00, 0x00, 0x00, 0x00, 0x00, 0x00,
0x00, 0x00, 0x00, 0x00, 0x8a, 0xe6, 0xfc, 0xbf, 0x30, 0xb1, 0xf5, 0xff, 0x0a, 0x93, 0xec, 0xff,
0x0a, 0x93, 0xeb, 0xff, 0x0a, 0x93, 0xeb, 0xff, 0x0a, 0x92, 0xeb, 0xff, 0x0a, 0x92, 0xea, 0xff,
0x0a, 0x91, 0xea, 0xff, 0x0a, 0x91, 0xea, 0xff, 0x0a, 0x91, 0xe9, 0xff, 0x0a, 0x90, 0xe9, 0xff,
0x0a, 0x90, 0xe9, 0xff, 0x0a, 0x8f, 0xe8, 0xff, 0x0a, 0x8f, 0xe8, 0xff, 0x0a, 0x8f, 0xe7, 0xff,
0x0a, 0x8e, 0xe7, 0xff, 0x0a, 0x8e, 0xe7, 0xff, 0x0a, 0x8d, 0xe6, 0xff, 0x0a, 0x8d, 0xe6, 0xff,
0x0a, 0x8d, 0xe6, 0xff, 0x0a, 0x8c, 0xe5, 0xff, 0x0a, 0x8c, 0xe5, 0xff, 0x0a, 0x8b, 0xe5, 0xff,
0x0a, 0x8b, 0xe4, 0xff, 0x0a, 0x8b, 0xe4, 0xff, 0x0a, 0x8a, 0xe3, 0xff, 0x0a, 0x89, 0xe3, 0xff,
0x0a, 0x89, 0xe3, 0xff, 0x0a, 0x89, 0xe3, 0xff, 0x0a, 0x88, 0xe2, 0xff, 0x0a, 0x88, 0xe2, 0xff,
0x0a, 0x87, 0xe1, 0xff, 0x0a, 0x87, 0xe1, 0xff, 0x0a, 0x87, 0xe1, 0xff, 0x0a, 0x86, 0xe0, 0xff,
0x0a, 0x86, 0xe0, 0xff, 0x30, 0xad, 0xf2, 0xff, 0x8a, 0xe6, 0xfc, 0xbf, 0x00, 0x00, 0x00, 0x00,
0x00, 0x00, 0x00, 0x00, 0x00, 0x00, 0x00, 0x00, 0x00, 0x00, 0x00, 0x00, 0x00, 0x00, 0x00, 0x00,
0x00, 0x00, 0x00, 0x00, 0x00, 0x00, 0x00, 0x00, 0x00, 0x00, 0x00, 0x00, 0x00, 0x00, 0x00, 0x00,
0x00, 0x00, 0x00, 0x00, 0x8a, 0xe6, 0xfc, 0xbf, 0x30, 0xb1, 0xf5, 0xff, 0x0a, 0x93, 0xeb, 0xff,
0x0a, 0x93, 0xeb, 0xff, 0x0a, 0x92, 0xeb, 0xff, 0x0a, 0x92, 0xea, 0xff, 0x0a, 0x91, 0xea, 0xff,
0x0a, 0x91, 0xe9, 0xff, 0x0a, 0x91, 0xe9, 0xff, 0x0a, 0x90, 0xe9, 0xff, 0x0a, 0x90, 0xe9, 0xff,
0x0a, 0x8f, 0xe8, 0xff, 0x0a, 0x8f, 0xe8, 0xff, 0x0a, 0x8f, 0xe7, 0xff, 0x0a, 0x8e, 0xe7, 0xff,
0x0a, 0x8e, 0xe7, 0xff, 0x0a, 0x8d, 0xe6, 0xff, 0x0a, 0x8d, 0xe6, 0xff, 0x0a, 0x8c, 0xe5, 0xff,
0x0a, 0x8c, 0xe5, 0xff, 0x0a, 0x8b, 0xe5, 0xff, 0x0a, 0x8b, 0xe5, 0xff, 0x0a, 0x8b, 0xe4, 0xff,
0x0a, 0x8a, 0xe4, 0xff, 0x0a, 0x8a, 0xe3, 0xff, 0x0a, 0x89, 0xe3, 0xff, 0x0a, 0x89, 0xe3, 0xff,
0x0a, 0x89, 0xe2, 0xff, 0x0a, 0x88, 0xe2, 0xff, 0x0a, 0x88, 0xe1, 0xff, 0x0a, 0x87, 0xe1, 0xff,
0x0a, 0x87, 0xe1, 0xff, 0x0a, 0x87, 0xe1, 0xff, 0x0a, 0x86, 0xe0, 0xff, 0x0a, 0x86, 0xe0, 0xff,
0x0a, 0x85, 0xdf, 0xff, 0x30, 0xad, 0xf2, 0xff, 0x8a, 0xe6, 0xfc, 0xbf, 0x00, 0x00, 0x00, 0x00,
0x00, 0x00, 0x00, 0x00, 0x00, 0x00, 0x00, 0x00, 0x00, 0x00, 0x00, 0x00, 0x00, 0x00, 0x00, 0x00,
0x00, 0x00, 0x00, 0x00, 0x00, 0x00, 0x00, 0x00, 0x00, 0x00, 0x00, 0x00, 0x00, 0x00, 0x00, 0x00,
0x00, 0x00, 0x00, 0x00, 0x8a, 0xe6, 0xfc, 0xbf, 0x30, 0xb1, 0xf5, 0xff, 0x0a, 0x93, 0xeb, 0xff,
0x0a, 0x92, 0xeb, 0xff, 0x0a, 0x92, 0xea, 0xff, 0x0a, 0x91, 0xea, 0xff, 0x0a, 0x91, 0xe9, 0xff,
0x0a, 0x91, 0xe9, 0xff, 0x0a, 0x90, 0xe9, 0xff, 0x0a, 0x90, 0xe8, 0xff, 0x0a, 0x8f, 0xe8, 0xff,
0x0a, 0x8f, 0xe8, 0xff, 0x0a, 0x8e, 0xe7, 0xff, 0x0a, 0x8e, 0xe7, 0xff, 0x0a, 0x8d, 0xe7, 0xff,
0x0a, 0x8d, 0xe6, 0xff, 0x0a, 0x8d, 0xe6, 0xff, 0x0a, 0x8c, 0xe5, 0xff, 0x0a, 0x8c, 0xe5, 0xff,
0x0a, 0x8b, 0xe5, 0xff, 0x0a, 0x8b, 0xe4, 0xff, 0x0a, 0x8b, 0xe4, 0xff, 0x0a, 0x8a, 0xe4, 0xff,
0x0a, 0x8a, 0xe3, 0xff, 0x0a, 0x89, 0xe3, 0xff, 0x0a, 0x89, 0xe3, 0xff, 0x0a, 0x89, 0xe2, 0xff,
0x0a, 0x88, 0xe2, 0xff, 0x0a, 0x88, 0xe1, 0xff, 0x0a, 0x87, 0xe1, 0xff, 0x0a, 0x87, 0xe1, 0xff,
0x0a, 0x87, 0xe1, 0xff, 0x0a, 0x86, 0xe0, 0xff, 0x0a, 0x86, 0xe0, 0xff, 0x0a, 0x85, 0xdf, 0xff,
0x0a, 0x85, 0xdf, 0xff, 0x30, 0xad, 0xf1, 0xff, 0x8a, 0xe6, 0xfc, 0xbf, 0x00, 0x00, 0x00, 0x00,
0x00, 0x00, 0x00, 0x00, 0x00, 0x00, 0x00, 0x00, 0x00, 0x00, 0x00, 0x00, 0x00, 0x00, 0x00, 0x00,
0x00, 0x00, 0x00, 0x00, 0x00, 0x00, 0x00, 0x00, 0x00, 0x00, 0x00, 0x00, 0x00, 0x00, 0x00, 0x00,
0x00, 0x00, 0x00, 0x00, 0x8a, 0xe6, 0xfc, 0xbf, 0x30, 0xb1, 0xf5, 0xff, 0x0a, 0x92, 0xeb, 0xff,
0x0a, 0x91, 0xea, 0xff, 0x0a, 0x91, 0xea, 0xff, 0x0a, 0x91, 0xe9, 0xff, 0x0a, 0x90, 0xe9, 0xff,
0x0a, 0x90, 0xe9, 0xff, 0x0a, 0x8f, 0xe8, 0xff, 0x0a, 0x8f, 0xe8, 0xff, 0x0a, 0x8f, 0xe7, 0xff,
0x0a, 0x8e, 0xe7, 0xff, 0x0a, 0x8e, 0xe7, 0xff, 0x0a, 0x8d, 0xe7, 0xff, 0x0a, 0x8d, 0xe6, 0xff,
0x0a, 0x8d, 0xe6, 0xff, 0x0a, 0x8c, 0xe5, 0xff, 0x0a, 0x8c, 0xe5, 0xff, 0x0a, 0x8b, 0xe5, 0xff,
0x0a, 0x8b, 0xe4, 0xff, 0x0a, 0x8b, 0xe4, 0xff, 0x0a, 0x8a, 0xe3, 0xff, 0x0a, 0x8a, 0xe3, 0xff,
0x0a, 0x89, 0xe3, 0xff, 0x0a, 0x89, 0xe3, 0xff, 0x0a, 0x89, 0xe2, 0xff, 0x0a, 0x88, 0xe2, 0xff,
0x0a, 0x87, 0xe1, 0xff, 0x0a, 0x87, 0xe1, 0xff, 0x0a, 0x87, 0xe1, 0xff, 0x0a, 0x86, 0xe0, 0xff,
0x0a, 0x86, 0xe0, 0xff, 0x0a, 0x85, 0xdf, 0xff, 0x0a, 0x85, 0xdf, 0xff, 0x0a, 0x85, 0xdf, 0xff,
0x0a, 0x84, 0xdf, 0xff, 0x30, 0xad, 0xf1, 0xff, 0x8a, 0xe6, 0xfc, 0xbf, 0x00, 0x00, 0x00, 0x00,
0x00, 0x00, 0x00, 0x00, 0x00, 0x00, 0x00, 0x00, 0x00, 0x00, 0x00, 0x00, 0x00, 0x00, 0x00, 0x00,
0x00, 0x00, 0x00, 0x00, 0x00, 0x00, 0x00, 0x00, 0x00, 0x00, 0x00, 0x00, 0x00, 0x00, 0x00, 0x00,
0x00, 0x00, 0x00, 0x00, 0x8a, 0xe6, 0xfc, 0xbf, 0x30, 0xb1, 0xf5, 0xff, 0x0a, 0x91, 0xea, 0xff,
0x0a, 0x91, 0xea, 0xff, 0x0a, 0x91, 0xe9, 0xff, 0x0a, 0x90, 0xe9, 0xff, 0x0a, 0x90, 0xe9, 0xff,
0x0a, 0x8f, 0xe8, 0xff, 0x0a, 0x8f, 0xe8, 0xff, 0x0a, 0x8f, 0xe7, 0xff, 0x0a, 0x8e, 0xe7, 0xff,
0x0a, 0x8e, 0xe7, 0xff, 0x0a, 0x8d, 0xe6, 0xff, 0x0a, 0x8d, 0xe6, 0xff, 0x0a, 0x8d, 0xe6, 0xff,
0x0a, 0x8c, 0xe5, 0xff, 0x0a, 0x8c, 0xe5, 0xff, 0x0a, 0x8b, 0xe5, 0xff, 0x0a, 0x8b, 0xe4, 0xff,
0x0a, 0x8a, 0xe4, 0xff, 0x0a, 0x8a, 0xe3, 0xff, 0x0a, 0x89, 0xe3, 0xff, 0x0a, 0x89, 0xe3, 0xff,
0x0a, 0x89, 0xe2, 0xff, 0x0a, 0x88, 0xe2, 0xff, 0x0a, 0x88, 0xe2, 0xff, 0x0a, 0x87, 0xe1, 0xff,
0x0a, 0x87, 0xe1, 0xff, 0x0a, 0x87, 0xe1, 0xff, 0x0a, 0x86, 0xe0, 0xff, 0x0a, 0x86, 0xe0, 0xff,
0x0a, 0x85, 0xdf, 0xff, 0x0a, 0x85, 0xdf, 0xff, 0x0a, 0x85, 0xdf, 0xff, 0x0a, 0x84, 0xdf, 0xff,
0x0a, 0x84, 0xde, 0xff, 0x30, 0xad, 0xf1, 0xff, 0x8a, 0xe6, 0xfc, 0xbf, 0x00, 0x00, 0x00, 0x00,
0x00, 0x00, 0x00, 0x00, 0x00, 0x00, 0x00, 0x00, 0x00, 0x00, 0x00, 0x00, 0x00, 0x00, 0x00, 0x00,
0x00, 0x00, 0x00, 0x00, 0x00, 0x00, 0x00, 0x00, 0x00, 0x00, 0x00, 0x00, 0x00, 0x00, 0x00, 0x00,
0x00, 0x00, 0x00, 0x00, 0x8a, 0xe6, 0xfc, 0xbf, 0x30, 0xb1, 0xf4, 0xff, 0x0a, 0x91, 0xe9, 0xff,
0x0a, 0x91, 0xe9, 0xff, 0x0a, 0x90, 0xe9, 0xff, 0x0a, 0x90, 0xe9, 0xff, 0x0a, 0x8f, 0xe8, 0xff,
0x0a, 0x8f, 0xe8, 0xff, 0x0a, 0x8f, 0xe7, 0xff, 0x0a, 0x8e, 0xe7, 0xff, 0x0a, 0x8e, 0xe7, 0xff,
0x0a, 0x8d, 0xe6, 0xff, 0x0a, 0x8d, 0xe6, 0xff, 0x0a, 0x8c, 0xe5, 0xff, 0x0a, 0x8c, 0xe5, 0xff,
0x0a, 0x8b, 0xe5, 0xff, 0x0a, 0x8b, 0xe5, 0xff, 0x0a, 0x8b, 0xe4, 0xff, 0x0a, 0x8a, 0xe4, 0xff,
0x0a, 0x8a, 0xe3, 0xff, 0x0a, 0x89, 0xe3, 0xff, 0x0a, 0x89, 0xe3, 0xff, 0x0a, 0x89, 0xe2, 0xff,
0x0a, 0x88, 0xe2, 0xff, 0x0a, 0x88, 0xe1, 0xff, 0x0a, 0x87, 0xe1, 0xff, 0x0a, 0x87, 0xe1, 0xff,
0x0a, 0x87, 0xe1, 0xff, 0x0a, 0x86, 0xe0, 0xff, 0x0a, 0x86, 0xe0, 0xff, 0x0a, 0x85, 0xdf, 0xff,
0x0a, 0x85, 0xdf, 0xff, 0x0a, 0x85, 0xdf, 0xff, 0x0a, 0x84, 0xde, 0xff, 0x0a, 0x84, 0xde, 0xff,
0x0a, 0x83, 0xdd, 0xff, 0x30, 0xad, 0xf1, 0xff, 0x8a, 0xe6, 0xfc, 0xbf, 0x00, 0x00, 0x00, 0x00,
0x00, 0x00, 0x00, 0x00, 0x00, 0x00, 0x00, 0x00, 0x00, 0x00, 0x00, 0x00, 0x00, 0x00, 0x00, 0x00,
0x00, 0x00, 0x00, 0x00, 0x00, 0x00, 0x00, 0x00, 0x00, 0x00, 0x00, 0x00, 0x00, 0x00, 0x00, 0x00,
0x00, 0x00, 0x00, 0x00, 0x8a, 0xe6, 0xfc, 0xbf, 0x30, 0xb0, 0xf4, 0xff, 0x0a, 0x91, 0xe9, 0xff,
0x0a, 0x90, 0xe9, 0xff, 0x0a, 0x8f, 0xe8, 0xff, 0x0a, 0x8f, 0xe8, 0xff, 0x0a, 0x8f, 0xe8, 0xff,
0x0a, 0x8e, 0xe7, 0xff, 0x0a, 0x8e, 0xe7, 0xff, 0x0a, 0x8d, 0xe7, 0xff, 0x0a, 0x8d, 0xe6, 0xff,
0x0a, 0x8d, 0xe6, 0xff, 0x0a, 0x8c, 0xe5, 0xff, 0x0a, 0x8c, 0xe5, 0xff, 0x0a, 0x8b, 0xe5, 0xff,
0x0a, 0x8b, 0xe4, 0xff, 0x0a, 0x8b, 0xe4, 0xff, 0x0a, 0x8a, 0xe4, 0xff, 0x0a, 0x8a, 0xe3, 0xff,
0x0a, 0x89, 0xe3, 0xff, 0x0a, 0x89, 0xe3, 0xff, 0x0a, 0x89, 0xe2, 0xff, 0x0a, 0x88, 0xe2, 0xff,
0x0a, 0x88, 0xe1, 0xff, 0x0a, 0x87, 0xe1, 0xff, 0x0a, 0x87, 0xe1, 0xff, 0x0a, 0x87, 0xe0, 0xff,
0x0a, 0x86, 0xe0, 0xff, 0x0a, 0x85, 0xe0, 0xff, 0x0a, 0x85, 0xdf, 0xff, 0x0a, 0x85, 0xdf, 0xff,
0x0a, 0x84, 0xdf, 0xff, 0x0a, 0x84, 0xde, 0xff, 0x0a, 0x83, 0xde, 0xff, 0x0a, 0x83, 0xdd, 0xff,
0x0a, 0x83, 0xdd, 0xff, 0x30, 0xad, 0xf1, 0xff, 0x8a, 0xe6, 0xfc, 0xbf, 0x00, 0x00, 0x00, 0x00,
0x00, 0x00, 0x00, 0x00, 0x00, 0x00, 0x00, 0x00, 0x00, 0x00, 0x00, 0x00, 0x00, 0x00, 0x00, 0x00,
0x00, 0x00, 0x00, 0x00, 0x00, 0x00, 0x00, 0x00, 0x00, 0x00, 0x00, 0x00, 0x00, 0x00, 0x00, 0x00,
0x00, 0x00, 0x00, 0x00, 0x8a, 0xe6, 0xfd, 0xa5, 0x3c, 0xb9, 0xf7, 0xfd, 0x0a, 0x90, 0xe9, 0xff,
0x0a, 0x8f, 0xe8, 0xff, 0x0a, 0x8f, 0xe8, 0xff, 0x0a, 0x8f, 0xe7, 0xff, 0x0a, 0x8e, 0xe7, 0xff,
0x0a, 0x8e, 0xe7, 0xff, 0x0a, 0x8d, 0xe7, 0xff, 0x0a, 0x8d, 0xe6, 0xff, 0x0a, 0x8d, 0xe6, 0xff,
0x0a, 0x8c, 0xe5, 0xff, 0x0a, 0x8c, 0xe5, 0xff, 0x0a, 0x8b, 0xe5, 0xff, 0x0a, 0x8b, 0xe4, 0xff,
0x0a, 0x8b, 0xe4, 0xff, 0x0a, 0x8a, 0xe3, 0xff, 0x0a, 0x8a, 0xe3, 0xff, 0x0a, 0x89, 0xe3, 0xff,
0x0a, 0x89, 0xe3, 0xff, 0x0a, 0x88, 0xe2, 0xff, 0x0a, 0x88, 0xe2, 0xff, 0x0a, 0x87, 0xe1, 0xff,
0x0a, 0x87, 0xe1, 0xff, 0x0a, 0x87, 0xe1, 0xff, 0x0a, 0x86, 0xe0, 0xff, 0x0a, 0x86, 0xe0, 0xff,
0x0a, 0x85, 0xdf, 0xff, 0x0a, 0x85, 0xdf, 0xff, 0x0a, 0x85, 0xdf, 0xff, 0x0a, 0x84, 0xdf, 0xff,
0x0a, 0x84, 0xde, 0xff, 0x0a, 0x83, 0xde, 0xff, 0x0a, 0x83, 0xdd, 0xff, 0x0a, 0x83, 0xdd, 0xff,
0x0a, 0x82, 0xdd, 0xff, 0x3d, 0xb7, 0xf4, 0xfd, 0x8a, 0xe6, 0xfd, 0xa5, 0x00, 0x00, 0x00, 0x00,
0x00, 0x00, 0x00, 0x00, 0x00, 0x00, 0x00, 0x00, 0x00, 0x00, 0x00, 0x00, 0x00, 0x00, 0x00, 0x00,
0x00, 0x00, 0x00, 0x00, 0x00, 0x00, 0x00, 0x00, 0x00, 0x00, 0x00, 0x00, 0x00, 0x00, 0x00, 0x00,
0x00, 0x00, 0x00, 0x00, 0x8a, 0xe7, 0xfc, 0x60, 0x61, 0xcf, 0xfb, 0xff, 0x20, 0xa2, 0xef, 0xff,
0x0a, 0x8f, 0xe8, 0xff, 0x0a, 0x8f, 0xe7, 0xff, 0x0a, 0x8e, 0xe7, 0xff, 0x0a, 0x8e, 0xe7, 0xff,
0x0a, 0x8d, 0xe6, 0xff, 0x0a, 0x8d, 0xe6, 0xff, 0x0a, 0x8d, 0xe6, 0xff, 0x0a, 0x8c, 0xe5, 0xff,
0x0a, 0x8c, 0xe5, 0xff, 0x0a, 0x8b, 0xe5, 0xff, 0x0a, 0x8b, 0xe4, 0xff, 0x0a, 0x8a, 0xe4, 0xff,
0x0a, 0x8a, 0xe3, 0xff, 0x0a, 0x89, 0xe3, 0xff, 0x0a, 0x89, 0xe3, 0xff, 0x0a, 0x89, 0xe2, 0xff,
0x0a, 0x88, 0xe2, 0xff, 0x0a, 0x88, 0xe2, 0xff, 0x0a, 0x87, 0xe1, 0xff, 0x0a, 0x87, 0xe1, 0xff,
0x0a, 0x87, 0xe1, 0xff, 0x0a, 0x86, 0xe0, 0xff, 0x0a, 0x86, 0xe0, 0xff, 0x0a, 0x85, 0xdf, 0xff,
0x0a, 0x85, 0xdf, 0xff, 0x0a, 0x85, 0xdf, 0xff, 0x0a, 0x84, 0xde, 0xff, 0x0a, 0x84, 0xde, 0xff,
0x0a, 0x83, 0xde, 0xff, 0x0a, 0x83, 0xdd, 0xff, 0x0a, 0x83, 0xdd, 0xff, 0x0a, 0x82, 0xdd, 0xff,
0x20, 0x9a, 0xe8, 0xff, 0x62, 0xd0, 0xfb, 0xff, 0x8a, 0xe7, 0xfc, 0x5e, 0x00, 0x00, 0x00, 0x00,
0x00, 0x00, 0x00, 0x00, 0x00, 0x00, 0x00, 0x00, 0x00, 0x00, 0x00, 0x00, 0x00, 0x00, 0x00, 0x00,
0x00, 0x00, 0x00, 0x00, 0x00, 0x00, 0x00, 0x00, 0x00, 0x00, 0x00, 0x00, 0x00, 0x00, 0x00, 0x00,
0x00, 0x00, 0x00, 0x00, 0xff, 0xff, 0xff, 0x01, 0x85, 0xe3, 0xfc, 0xb4, 0x61, 0xcf, 0xfb, 0xff,
0x3d, 0xb9, 0xf7, 0xfd, 0x30, 0xaf, 0xf4, 0xff, 0x30, 0xaf, 0xf4, 0xff, 0x30, 0xaf, 0xf3, 0xff,
0x30, 0xaf, 0xf3, 0xff, 0x30, 0xaf, 0xf3, 0xff, 0x30, 0xaf, 0xf3, 0xff, 0x30, 0xaf, 0xf3, 0xff,
0x30, 0xae, 0xf3, 0xff, 0x30, 0xae, 0xf3, 0xff, 0x30, 0xae, 0xf3, 0xff, 0x30, 0xae, 0xf3, 0xff,
0x30, 0xae, 0xf3, 0xff, 0x30, 0xae, 0xf3, 0xff, 0x30, 0xae, 0xf3, 0xff, 0x30, 0xad, 0xf3, 0xff,
0x30, 0xad, 0xf2, 0xff, 0x2f, 0xad, 0xf2, 0xff, 0x2f, 0xad, 0xf2, 0xff, 0x2f, 0xad, 0xf2, 0xff,
0x2f, 0xad, 0xf2, 0xff, 0x2f, 0xad, 0xf2, 0xff, 0x2f, 0xad, 0xf2, 0xff, 0x2f, 0xad, 0xf2, 0xff,
0x2f, 0xad, 0xf1, 0xff, 0x2f, 0xad, 0xf1, 0xff, 0x2f, 0xac, 0xf1, 0xff, 0x2f, 0xac, 0xf1, 0xff,
0x2f, 0xac, 0xf1, 0xff, 0x2f, 0xac, 0xf1, 0xff, 0x2f, 0xac, 0xf1, 0xff, 0x3d, 0xb7, 0xf4, 0xfd,
0x62, 0xd0, 0xfb, 0xff, 0x85, 0xe3, 0xfb, 0xb4, 0xff, 0xff, 0xff, 0x01, 0x00, 0x00, 0x00, 0x00,
0x00, 0x00, 0x00, 0x00, 0x00, 0x00, 0x00, 0x00, 0x00, 0x00, 0x00, 0x00, 0x00, 0x00, 0x00, 0x00,
0x00, 0x00, 0x00, 0x00, 0x00, 0x00, 0x00, 0x00, 0x00, 0x00, 0x00, 0x00, 0x00, 0x00, 0x00, 0x00,
0x00, 0x00, 0x00, 0x00, 0x00, 0x00, 0x00, 0x00, 0xff, 0xff, 0xff, 0x01, 0x89, 0xe7, 0xfc, 0x5f,
0x8a, 0xe6, 0xfd, 0xa5, 0x8a, 0xe6, 0xfe, 0xbb, 0x8a, 0xe6, 0xfe, 0xbb, 0x8a, 0xe6, 0xfe, 0xbb,
0x8a, 0xe6, 0xfe, 0xbb, 0x8a, 0xe6, 0xfe, 0xbb, 0x8a, 0xe6, 0xfe, 0xbb, 0x8a, 0xe6, 0xfe, 0xbb,
0x8a, 0xe6, 0xfe, 0xbb, 0x8a, 0xe6, 0xfe, 0xbb, 0x8a, 0xe6, 0xfe, 0xbb, 0x8a, 0xe6, 0xfe, 0xbb,
0x8a, 0xe6, 0xfe, 0xbb, 0x8a, 0xe6, 0xfe, 0xbb, 0x8a, 0xe6, 0xfe, 0xbb, 0x8a, 0xe6, 0xfe, 0xbb,
0x8a, 0xe6, 0xfe, 0xbb, 0x8a, 0xe6, 0xfe, 0xbb, 0x8a, 0xe6, 0xfe, 0xbb, 0x8a, 0xe6, 0xfe, 0xbb,
0x8a, 0xe6, 0xfe, 0xbb, 0x8a, 0xe6, 0xfe, 0xbb, 0x8a, 0xe6, 0xfe, 0xbb, 0x8a, 0xe6, 0xfe, 0xbb,
0x8a, 0xe6, 0xfe, 0xbb, 0x8a, 0xe6, 0xfe, 0xbb, 0x8a, 0xe6, 0xfe, 0xbb, 0x8a, 0xe6, 0xfe, 0xbb,
0x8a, 0xe6, 0xfe, 0xbb, 0x8a, 0xe6, 0xfe, 0xbb, 0x8a, 0xe6, 0xfe, 0xbb, 0x8a, 0xe6, 0xfd, 0xa4,
0x89, 0xe7, 0xfc, 0x5f, 0xff, 0xff, 0xff, 0x01, 0x00, 0x00, 0x00, 0x00, 0x00, 0x00, 0x00, 0x00,
0x00, 0x00, 0x00, 0x00, 0x00, 0x00, 0x00, 0x00, 0x00, 0x00, 0x00, 0x00, 0x00, 0x00, 0x00, 0x00,
0x00, 0x00, 0x00, 0x00, 0x00, 0x00, 0x00, 0x00, 0x00, 0x00, 0x00, 0x00, 0x00, 0x00, 0x00, 0x00,
0x00, 0x00, 0x00, 0x00, 0x00, 0x00, 0x00, 0x00, 0x00, 0x00, 0x00, 0x00, 0x00, 0x00, 0x00, 0x00,
0x00, 0x00, 0x00, 0x00, 0x00, 0x00, 0x00, 0x00, 0x00, 0x00, 0x00, 0x00, 0x00, 0x00, 0x00, 0x00,
0x00, 0x00, 0x00, 0x00, 0x00, 0x00, 0x00, 0x00, 0x00, 0x00, 0x00, 0x00, 0x00, 0x00, 0x00, 0x00,
0x00, 0x00, 0x00, 0x00, 0x00, 0x00, 0x00, 0x00, 0x00, 0x00, 0x00, 0x00, 0x00, 0x00, 0x00, 0x00,
0x00, 0x00, 0x00, 0x00, 0x00, 0x00, 0x00, 0x00, 0x00, 0x00, 0x00, 0x00, 0x00, 0x00, 0x00, 0x00,
0x00, 0x00, 0x00, 0x00, 0x00, 0x00, 0x00, 0x00, 0x00, 0x00, 0x00, 0x00, 0x00, 0x00, 0x00, 0x00,
0x00, 0x00, 0x00, 0x00, 0x00, 0x00, 0x00, 0x00, 0x00, 0x00, 0x00, 0x00, 0x00, 0x00, 0x00, 0x00,
0x00, 0x00, 0x00, 0x00, 0x00, 0x00, 0x00, 0x00, 0x00, 0x00, 0x00, 0x00, 0x00, 0x00, 0x00, 0x00,
0x00, 0x00, 0x00, 0x00, 0x00, 0x00, 0x00, 0x00, 0x00, 0x00, 0x00, 0x00, 0x00, 0x00, 0x00, 0x00,
0x00, 0x00, 0x00, 0x00, 0x00, 0x00, 0x00, 0x00, 0x00, 0x00, 0x00, 0x00, 0x00, 0x00, 0x00, 0x00,
0x00, 0x00, 0x00, 0x00, 0x00, 0x00, 0x00, 0x00, 0x00, 0x00, 0x00, 0x00, 0x00, 0x00, 0x00, 0x00,
0x00, 0x00, 0x00, 0x00, 0x00, 0x00, 0x00, 0x00, 0x00, 0x00, 0x00, 0x00, 0x00, 0x00, 0x00, 0x00,
0x00, 0x00, 0x00, 0x00, 0x00, 0x00, 0x00, 0x00, 0x00, 0x00, 0x00, 0x00, 0x00, 0x00, 0x00, 0x00,
0x00, 0x00, 0x00, 0x00, 0x00, 0x00, 0x00, 0x00, 0x00, 0x00, 0x00, 0x00, 0x00, 0x00, 0x00, 0x00,
0x00, 0x00, 0x00, 0x00, 0x00, 0x00, 0x00, 0x00, 0x00, 0x00, 0x00, 0x00, 0x00, 0x00, 0x00, 0x00,
0x00, 0x00, 0x00, 0x00, 0x00, 0x00, 0x00, 0x00, 0x00, 0x00, 0x00, 0x00, 0x00, 0x00, 0x00, 0x00,
0x00, 0x00, 0x00, 0x00, 0x00, 0x00, 0x00, 0x00, 0x00, 0x00, 0x00, 0x00, 0x00, 0x00, 0x00, 0x00,
0x00, 0x00, 0x00, 0x00, 0x00, 0x00, 0x00, 0x00, 0x00, 0x00, 0x00, 0x00, 0x00, 0x00, 0x00, 0x00,
0x00, 0x00, 0x00, 0x00, 0x00, 0x00, 0x00, 0x00, 0x00, 0x00, 0x00, 0x00, 0x00, 0x00, 0x00, 0x00,
0x00, 0x00, 0x00, 0x00, 0x00, 0x00, 0x00, 0x00, 0x00, 0x00, 0x00, 0x00, 0x00, 0x00, 0x00, 0x00,
0x00, 0x00, 0x00, 0x00, 0x00, 0x00, 0x00, 0x00, 0x00, 0x00, 0x00, 0x00, 0x00, 0x00, 0x00, 0x00,
0x00, 0x00, 0x00, 0x00, 0x00, 0x00, 0x00, 0x00, 0x00, 0x00, 0x00, 0x00, 0x00, 0x00, 0x00, 0x00,
0x00, 0x00, 0x00, 0x00, 0x00, 0x00, 0x00, 0x00, 0x00, 0x00, 0x00, 0x00, 0x00, 0x00, 0x00, 0x00,
0x00, 0x00, 0x00, 0x00, 0x00, 0x00, 0x00, 0x00, 0x00, 0x00, 0x00, 0x00, 0x00, 0x00, 0x00, 0x00,
0x00, 0x00, 0x00, 0x00, 0x00, 0x00, 0x00, 0x00, 0x00, 0x00, 0x00, 0x00, 0x00, 0x00, 0x00, 0x00,
0x00, 0x00, 0x00, 0x00, 0x00, 0x00, 0x00, 0x00, 0x00, 0x00, 0x00, 0x00, 0x00, 0x00, 0x00, 0x00,
0x00, 0x00, 0x00, 0x00, 0x00, 0x00, 0x00, 0x00, 0x00, 0x00, 0x00, 0x00, 0x00, 0x00, 0x00, 0x00,
0x00, 0x00, 0x00, 0x00, 0x00, 0x00, 0x00, 0x00, 0x00, 0x00, 0x00, 0x00, 0x00, 0x00, 0x00, 0x00,
0x00, 0x00, 0x00, 0x00, 0x00, 0x00, 0x00, 0x00, 0x00, 0x00, 0x00, 0x00, 0x00, 0x00, 0x00, 0x00,
0x00, 0x00, 0x00, 0x00, 0x00, 0x00, 0x00, 0x00, 0x00, 0x00, 0x00, 0x00, 0x00, 0x00, 0x00, 0x00,
0x00, 0x00, 0x00, 0x00, 0x00, 0x00, 0x00, 0x00, 0x00, 0x00, 0x00, 0x00, 0x00, 0x00, 0x00, 0x00,
0x00, 0x00, 0x00, 0x00, 0x00, 0x00, 0x00, 0x00, 0x00, 0x00, 0x00, 0x00, 0x00, 0x00, 0x00, 0x00,
0x00, 0x00, 0x00, 0x00, 0x00, 0x00, 0x00, 0x00, 0x00, 0x00, 0x00, 0x00, 0x00, 0x00, 0x00, 0x00,
0x00, 0x00, 0x00, 0x00, 0x00, 0x00, 0x00, 0x00, 0x00, 0x00, 0x00, 0x00, 0x00, 0x00, 0x00, 0x00,
0x00, 0x00, 0x00, 0x00, 0x00, 0x00, 0x00, 0x00, 0x00, 0x00, 0x00, 0x00, 0x00, 0x00, 0x00, 0x00,
0x00, 0x00, 0x00, 0x00, 0x00, 0x00, 0x00, 0x00, 0x00, 0x00, 0x00, 0x00, 0x00, 0x00, 0x00, 0x00,
0x00, 0x00, 0x00, 0x00, 0x00, 0x00, 0x00, 0x00, 0x00, 0x00, 0x00, 0x00, 0x00, 0x00, 0x00, 0x00,
0x00, 0x00, 0x00, 0x00, 0x00, 0x00, 0x00, 0x00, 0x00, 0x00, 0x00, 0x00, 0x00, 0x00, 0x00, 0x00,
0x00, 0x00, 0x00, 0x00, 0x00, 0x00, 0x00, 0x00, 0x00, 0x00, 0x00, 0x00, 0x00, 0x00, 0x00, 0x00,
0x00, 0x00, 0x00, 0x00, 0x00, 0x00, 0x00, 0x00, 0x00, 0x00, 0x00, 0x00, 0x00, 0x00, 0x00, 0x00,
0x00, 0x00, 0x00, 0x00, 0x00, 0x00, 0x00, 0x00, 0x00, 0x00, 0x00, 0x00, 0x00, 0x00, 0x00, 0x00,
0x00, 0x00, 0x00, 0x00, 0x00, 0x00, 0x00, 0x00, 0x00, 0x00, 0x00, 0x00, 0x00, 0x00, 0x00, 0x00,
0x00, 0x00, 0x00, 0x00, 0x00, 0x00, 0x00, 0x00, 0x00, 0x00, 0x00, 0x00, 0x00, 0x00, 0x00, 0x00,
0x00, 0x00, 0x00, 0x00, 0x00, 0x00, 0x00, 0x00, 0x00, 0x00, 0x00, 0x00, 0x00, 0x00, 0x00, 0x00,
0x00, 0x00, 0x00, 0x00, 0x00, 0x00, 0x00, 0x00, 0x00, 0x00, 0x00, 0x00, 0x00, 0x00, 0x00, 0x00,
0x00, 0x00, 0x00, 0x00, 0x00, 0x00, 0x00, 0x00, 0x00, 0x00, 0x00, 0x00, 0x00, 0x00, 0x00, 0x00,
0x00, 0x00, 0x00, 0x00, 0x00, 0x00, 0x00, 0x00, 0x00, 0x00, 0x00, 0x00, 0x00, 0x00, 0x00, 0x00,
0x00, 0x00, 0x00, 0x00, 0x00, 0x00, 0x00, 0x00, 0x00, 0x00, 0x00, 0x00, 0x00, 0x00, 0x00, 0x00,
0x00, 0x00, 0x00, 0x00, 0x00, 0x00, 0x00, 0x00, 0x00, 0x00, 0x00, 0x00, 0x00, 0x00, 0x00, 0x00,
0x00, 0x00, 0x00, 0x00, 0x00, 0x00, 0x00, 0x00, 0x00, 0x00, 0x00, 0x00, 0x00, 0x00, 0x00, 0x00,
0x00, 0x00, 0x00, 0x00, 0x00, 0x00, 0x00, 0x00, 0x00, 0x00, 0x00, 0x00, 0x00, 0x00, 0x00, 0x00,
0x00, 0x00, 0x00, 0x00, 0x00, 0x00, 0x00, 0x00, 0x00, 0x00, 0x00, 0x00, 0x00, 0x00, 0x00, 0x00,
0x00, 0x00, 0x00, 0x00, 0x00, 0x00, 0x00, 0x00, 0x00, 0x00, 0x00, 0x00, 0x00, 0x00, 0x00, 0x00,
0x00, 0x00, 0x00, 0x00, 0x00, 0x00, 0x00, 0x00, 0x00, 0x00, 0x00, 0x00, 0x00, 0x00, 0x00, 0x00,
0x00, 0x00, 0x00, 0x00, 0x00, 0x00, 0x00, 0x00, 0x00, 0x00, 0x00, 0x00, 0x00, 0x00, 0x00, 0x00,
0x00, 0x00, 0x00, 0x00, 0x00, 0x00, 0x00, 0x00, 0x00, 0x00, 0x00, 0x00, 0x00, 0x00, 0x00, 0x00,
0x00, 0x00, 0x00, 0x00, 0x00, 0x00, 0x00, 0x00, 0x00, 0x00, 0x00, 0x00, 0x00, 0x00, 0x00, 0x00,
0x00, 0x00, 0x00, 0x00, 0x00, 0x00, 0x00, 0x00, 0x00, 0x00, 0x00, 0x00, 0x00, 0x00, 0x00, 0x00,
0x00, 0x00, 0x00, 0x00, 0x00, 0x00, 0x00, 0x00, 0x00, 0x00, 0x00, 0x00, 0x00, 0x00, 0x00, 0x00,
0x00, 0x00, 0x00, 0x00, 0x00, 0x00, 0x00, 0x00, 0x00, 0x00, 0x00, 0x00, 0x00, 0x00, 0x00, 0x00,
0x00, 0x00, 0x00, 0x00, 0x00, 0x00, 0x00, 0x00, 0x00, 0x00, 0x00, 0x00, 0x00, 0x00, 0x00, 0x00,
0x00, 0x00, 0x00, 0x00, 0x00, 0x00, 0x00, 0x00, 0x00, 0x00, 0x00, 0x00, 0x00, 0x00, 0x00, 0x00,
0x00, 0x00, 0x00, 0x00, 0x00, 0x00, 0x00, 0x00, 0x00, 0x00, 0x00, 0x00, 0x00, 0x00, 0x00, 0x00,
0x00, 0x00, 0x00, 0x00, 0x00, 0x00, 0x00, 0x00, 0x00, 0x00, 0x00, 0x00, 0x00, 0x00, 0x00, 0x00,
0x00, 0x00, 0x00, 0x00, 0x00, 0x00, 0x00, 0x00, 0x00, 0x00, 0x00, 0x00, 0x00, 0x00, 0x00, 0x00,
0x00, 0x00, 0x00, 0x00, 0x00, 0x00, 0x00, 0x00, 0x00, 0x00, 0x00, 0x00, 0x00, 0x00, 0x00, 0x00,
0x00, 0x00, 0x00, 0x00, 0x00, 0x00, 0x00, 0x00, 0x00, 0x00, 0x00, 0x00, 0x00, 0x00, 0x00, 0x00,
0x00, 0x00, 0x00, 0x00, 0x00, 0x00, 0x00, 0x00, 0x00, 0x00, 0x00, 0x00, 0x00, 0x00, 0x00, 0x00,
0x00, 0x00, 0x00, 0x00, 0x00, 0x00, 0x00, 0x00, 0x00, 0x00, 0x00, 0x00, 0x00, 0x00, 0x00, 0x00,
0x00, 0x00, 0x00, 0x00, 0x00, 0x00, 0x00, 0x00, 0x00, 0x00, 0x00, 0x00, 0x00, 0x00, 0x00, 0x00,
0x00, 0x00, 0x00, 0x00, 0x00, 0x00, 0x00, 0x00, 0x00, 0x00, 0x00, 0x00, 0x00, 0x00, 0x00, 0x00,
0x00, 0x00, 0x00, 0x00, 0x00, 0x00, 0x00, 0x00, 0x00, 0x00, 0x00, 0x00, 0x00, 0x00, 0x00, 0x00,
0x00, 0x00, 0x00, 0x00, 0x00, 0x00, 0x00, 0x00, 0x00, 0x00, 0x00, 0x00, 0x00, 0x00, 0x00, 0x00,
0x00, 0x00, 0x00, 0x00, 0x00, 0x00, 0x00, 0x00, 0x00, 0x00, 0x00, 0x00, 0x00, 0x00, 0x00, 0x00,
0x00, 0x00, 0x00, 0x00, 0x00, 0x00, 0x00, 0x00, 0x00, 0x00, 0x00, 0x00, 0x00, 0x00, 0x00, 0x00,
0x00, 0x00, 0x00, 0x00, 0x00, 0x00, 0x00, 0x00, 0x00, 0x00, 0x00, 0x00, 0x00, 0x00, 0x00, 0x00,
0x00, 0x00, 0x00, 0x00, 0x00, 0x00, 0x00, 0x00, 0x00, 0x00, 0x00, 0x00, 0x00, 0x00, 0x00, 0x00,
0x00, 0x00, 0x00, 0x00, 0x00, 0x00, 0x00, 0x00, 0x00, 0x00, 0x00, 0x00, 0x00, 0x00, 0x00, 0x00,
0x00, 0x00, 0x00, 0x00, 0x00, 0x00, 0x00, 0x00, 0x00, 0x00, 0x00, 0x00, 0x00, 0x00, 0x00, 0x00,
0x00, 0x00, 0x00, 0x00, 0x00, 0x00, 0x00, 0x00, 0x00, 0x00, 0x00, 0x00, 0x00, 0x00, 0x00, 0x00,
0x00, 0x00, 0x00, 0x00, 0x00, 0x00, 0x00, 0x00, 0x00, 0x00, 0x00, 0x00, 0x00, 0x00, 0x00, 0x00,
0x00, 0x00, 0x00, 0x00, 0x00, 0x00, 0x00, 0x00, 0x00, 0x00, 0x00, 0x00, 0x00, 0x00, 0x00, 0x00,
0x00, 0x00, 0x00, 0x00, 0x00, 0x00, 0x00, 0x00, 0x00, 0x00, 0x00, 0x00, 0x00, 0x00, 0x00, 0x00,
0x00, 0x00, 0x00, 0x00, 0x00, 0x00, 0x00, 0x00, 0x00, 0x00, 0x00, 0x00, 0x00, 0x00, 0x00, 0x00,
0x00, 0x00, 0x00, 0x00, 0x00, 0x00, 0x00, 0x00, 0x00, 0x00, 0x00, 0x00, 0x00, 0x00, 0x00, 0x00,
0x00, 0x00, 0x00, 0x00, 0x00, 0x00, 0x00, 0x00, 0x00, 0x00, 0x00, 0x00, 0x00, 0x00, 0x00, 0x00,
0x00, 0x00, 0x00, 0x00, 0x00, 0x00, 0x00, 0x00, 0x00, 0x00, 0x00, 0x00, 0x00, 0x00, 0x00, 0x00,
0x00, 0x00, 0x00, 0x00, 0x00, 0x00, 0x00, 0x00, 0x00, 0x00, 0x00, 0x00, 0x00, 0x00, 0x00, 0x00,
0x00, 0x00, 0x00, 0x00, 0x00, 0x00, 0x00, 0x00, 0x00, 0x00, 0x00, 0x00, 0x00, 0x00, 0x00, 0x00,
0x00, 0x00, 0x00, 0x00, 0x00, 0x00, 0x00, 0x00, 0x00, 0x00, 0x00, 0x00, 0x00, 0x00, 0x00, 0x00,
0x00, 0x00, 0x00, 0x00, 0x00, 0x00, 0x00, 0x00, 0x00, 0x00, 0x00, 0x00, 0x00, 0x00, 0x00, 0x00,
0x00, 0x00, 0x00, 0x00, 0x00, 0x00, 0x00, 0x00, 0x00, 0x00, 0x00, 0x00, 0x00, 0x00, 0x00, 0x00,
0x00, 0x00, 0x00, 0x00, 0x00, 0x00, 0x00, 0x00, 0x00, 0x00, 0x00, 0x00, 0x00, 0x00, 0x00, 0x00,
0x00, 0x00, 0x00, 0x00, 0x00, 0x00, 0x00, 0x00, 0x00, 0x00, 0x00, 0x00, 0x00, 0x00, 0x00, 0x00,
0x00, 0x00, 0x00, 0x00, 0x00, 0x00, 0x00, 0x00, 0x00, 0x00, 0x00, 0x00, 0x00, 0x00, 0x00, 0x00
};

extern const uint8_t app_music_bin[9216] = {
0x00, 0x00, 0x00, 0x00, 0x00, 0x00, 0x00, 0x00, 0x00, 0x00, 0x00, 0x00, 0x00, 0x00, 0x00, 0x00,
0x00, 0x00, 0x00, 0x00, 0x00, 0x00, 0x00, 0x00, 0x00, 0x00, 0x00, 0x00, 0x00, 0x00, 0x00, 0x00,
0x00, 0x00, 0x00, 0x00, 0x00, 0x00, 0x00, 0x00, 0x00, 0x00, 0x00, 0x00, 0x00, 0x00, 0x00, 0x00,
0x00, 0x00, 0x00, 0x00, 0x00, 0x00, 0x00, 0x00, 0x00, 0x00, 0x00, 0x00, 0x00, 0x00, 0x00, 0x00,
0x00, 0x00, 0x00, 0x00, 0x00, 0x00, 0x00, 0x00, 0x00, 0x00, 0x00, 0x00, 0x00, 0x00, 0x00, 0x00,
0x00, 0x00, 0x00, 0x00, 0x00, 0x00, 0x00, 0x00, 0x00, 0x00, 0x00, 0x00, 0x00, 0x00, 0x00, 0x00,
0x00, 0x00, 0x00, 0x00, 0x00, 0x00, 0x00, 0x00, 0x00, 0x00, 0x00, 0x00, 0x00, 0x00, 0x00, 0x00,
0x00, 0x00, 0x00, 0x00, 0x00, 0x00, 0x00, 0x00, 0x00, 0x00, 0x00, 0x00, 0x00, 0x00, 0x00, 0x00,
0x00, 0x00, 0x00, 0x00, 0x00, 0x00, 0x00, 0x00, 0x00, 0x00, 0x00, 0x00, 0x00, 0x00, 0x00, 0x00,
0x00, 0x00, 0x00, 0x00, 0x00, 0x00, 0x00, 0x00, 0x00, 0x00, 0x00, 0x00, 0x00, 0x00, 0x00, 0x00,
0x00, 0x00, 0x00, 0x00, 0x00, 0x00, 0x00, 0x00, 0x00, 0x00, 0x00, 0x00, 0x00, 0x00, 0x00, 0x00,
0x00, 0x00, 0x00, 0x00, 0x00, 0x00, 0x00, 0x00, 0x00, 0x00, 0x00, 0x00, 0x00, 0x00, 0x00, 0x00,
0x00, 0x00, 0x00, 0x00, 0x00, 0x00, 0x00, 0x00, 0x00, 0x00, 0x00, 0x00, 0x00, 0x00, 0x00, 0x00,
0x00, 0x00, 0x00, 0x00, 0x00, 0x00, 0x00, 0x00, 0x00, 0x00, 0x00, 0x00, 0x00, 0x00, 0x00, 0x00,
0x00, 0x00, 0x00, 0x00, 0x00, 0x00, 0x00, 0x00, 0x00, 0x00, 0x00, 0x00, 0x00, 0x00, 0x00, 0x00,
0x00, 0x00, 0x00, 0x00, 0x00, 0x00, 0x00, 0x00, 0x00, 0x00, 0x00, 0x00, 0x00, 0x00, 0x00, 0x00,
0x00, 0x00, 0x00, 0x00, 0x00, 0x00, 0x00, 0x00, 0x00, 0x00, 0x00, 0x00, 0x00, 0x00, 0x00, 0x00,
0x00, 0x00, 0x00, 0x00, 0x00, 0x00, 0x00, 0x00, 0x00, 0x00, 0x00, 0x00, 0x00, 0x00, 0x00, 0x00,
0x00, 0x00, 0x00, 0x00, 0x00, 0x00, 0x00, 0x00, 0x00, 0x00, 0x00, 0x00, 0x00, 0x00, 0x00, 0x00,
0x00, 0x00, 0x00, 0x00, 0x00, 0x00, 0x00, 0x00, 0x00, 0x00, 0x00, 0x00, 0x00, 0x00, 0x00, 0x00,
0x00, 0x00, 0x00, 0x00, 0x00, 0x00, 0x00, 0x00, 0x00, 0x00, 0x00, 0x00, 0x00, 0x00, 0x00, 0x00,
0x00, 0x00, 0x00, 0x00, 0x00, 0x00, 0x00, 0x00, 0x00, 0x00, 0x00, 0x00, 0x00, 0x00, 0x00, 0x00,
0x00, 0x00, 0x00, 0x00, 0x00, 0x00, 0x00, 0x00, 0x00, 0x00, 0x00, 0x00, 0x00, 0x00, 0x00, 0x00,
0x00, 0x00, 0x00, 0x00, 0x00, 0x00, 0x00, 0x00, 0x00, 0x00, 0x00, 0x00, 0x00, 0x00, 0x00, 0x00,
0x00, 0x00, 0x00, 0x00, 0x00, 0x00, 0x00, 0x00, 0x00, 0x00, 0x00, 0x00, 0x00, 0x00, 0x00, 0x00,
0x00, 0x00, 0x00, 0x00, 0x00, 0x00, 0x00, 0x00, 0x00, 0x00, 0x00, 0x00, 0x00, 0x00, 0x00, 0x00,
0x00, 0x00, 0x00, 0x00, 0x00, 0x00, 0x00, 0x00, 0x00, 0x00, 0x00, 0x00, 0x00, 0x00, 0x00, 0x00,
0x00, 0x00, 0x00, 0x00, 0x00, 0x00, 0x00, 0x00, 0x00, 0x00, 0x00, 0x00, 0x00, 0x00, 0x00, 0x00,
0x00, 0x00, 0x00, 0x00, 0x00, 0x00, 0x00, 0x00, 0x00, 0x00, 0x00, 0x00, 0x00, 0x00, 0x00, 0x00,
0x00, 0x00, 0x00, 0x00, 0x00, 0x00, 0x00, 0x00, 0x00, 0x00, 0x00, 0x00, 0x00, 0x00, 0x00, 0x00,
0x00, 0x00, 0x00, 0x00, 0x00, 0x00, 0x00, 0x00, 0x00, 0x00, 0x00, 0x00, 0x00, 0x00, 0x00, 0x00,
0x00, 0x00, 0x00, 0x00, 0x00, 0x00, 0x00, 0x00, 0x00, 0x00, 0x00, 0x00, 0x00, 0x00, 0x00, 0x00,
0x00, 0x00, 0x00, 0x00, 0x00, 0x00, 0x00, 0x00, 0x00, 0x00, 0x00, 0x00, 0x00, 0x00, 0x00, 0x00,
0x00, 0x00, 0x00, 0x00, 0x00, 0x00, 0x00, 0x00, 0x00, 0x00, 0x00, 0x00, 0x00, 0x00, 0x00, 0x00,
0x00, 0x00, 0x00, 0x00, 0x00, 0x00, 0x00, 0x00, 0x00, 0x00, 0x00, 0x00, 0x00, 0x00, 0x00, 0x00,
0x00, 0x00, 0x00, 0x00, 0x00, 0x00, 0x00, 0x00, 0x00, 0x00, 0x00, 0x00, 0x00, 0x00, 0x00, 0x00,
0x00, 0x00, 0x00, 0x00, 0x00, 0x00, 0x00, 0x00, 0x00, 0x00, 0x00, 0x00, 0x00, 0x00, 0x00, 0x00,
0x00, 0x00, 0x00, 0x00, 0x00, 0x00, 0x00, 0x00, 0x00, 0x00, 0x00, 0x00, 0x00, 0x00, 0x00, 0x00,
0x00, 0x00, 0x00, 0x00, 0x00, 0x00, 0x00, 0x00, 0x00, 0x00, 0x00, 0x00, 0x00, 0x00, 0x00, 0x00,
0x00, 0x00, 0x00, 0x00, 0x00, 0x00, 0x00, 0x00, 0x00, 0x00, 0x00, 0x00, 0x00, 0x00, 0x00, 0x00,
0x00, 0x00, 0x00, 0x00, 0x00, 0x00, 0x00, 0x00, 0x00, 0x00, 0x00, 0x00, 0x00, 0x00, 0x00, 0x00,
0x00, 0x00, 0x00, 0x00, 0x00, 0x00, 0x00, 0x00, 0x00, 0x00, 0x00, 0x00, 0x00, 0x00, 0x00, 0x00,
0x00, 0x00, 0x00, 0x00, 0x00, 0x00, 0x00, 0x00, 0x00, 0x00, 0x00, 0x00, 0x00, 0x00, 0x00, 0x00,
0x00, 0x00, 0x00, 0x00, 0x00, 0x00, 0x00, 0x00, 0x00, 0x00, 0x00, 0x00, 0x00, 0x00, 0x00, 0x00,
0x00, 0x00, 0x00, 0x00, 0x00, 0x00, 0x00, 0x00, 0x00, 0x00, 0x00, 0x00, 0x00, 0x00, 0x00, 0x00,
0x00, 0x00, 0x00, 0x00, 0x00, 0x00, 0x00, 0x00, 0x00, 0x00, 0x00, 0x00, 0x00, 0x00, 0x00, 0x00,
0x00, 0x00, 0x00, 0x00, 0x00, 0x00, 0x00, 0x00, 0x00, 0x00, 0x00, 0x00, 0x00, 0x00, 0x00, 0x00,
0x00, 0x00, 0x00, 0x00, 0x00, 0x00, 0x00, 0x00, 0x00, 0x00, 0x00, 0x00, 0x00, 0x00, 0x00, 0x00,
0x00, 0x00, 0x00, 0x00, 0x00, 0x00, 0x00, 0x00, 0x00, 0x00, 0x00, 0x00, 0x00, 0x00, 0x00, 0x00,
0x00, 0x00, 0x00, 0x00, 0x00, 0x00, 0x00, 0x00, 0x00, 0x00, 0x00, 0x00, 0x00, 0x00, 0x00, 0x00,
0x00, 0x00, 0x00, 0x00, 0x00, 0x00, 0x00, 0x00, 0x00, 0x00, 0x00, 0x00, 0x00, 0x00, 0x00, 0x00,
0x00, 0x00, 0x00, 0x00, 0x00, 0x00, 0x00, 0x00, 0x00, 0x00, 0x00, 0x00, 0x00, 0x00, 0x00, 0x00,
0x00, 0x00, 0x00, 0x00, 0x00, 0x00, 0x00, 0x00, 0x00, 0x00, 0x00, 0x00, 0x00, 0x00, 0x00, 0x00,
0x00, 0x00, 0x00, 0x00, 0x00, 0x00, 0x00, 0x00, 0x00, 0x00, 0x00, 0x00, 0x00, 0x00, 0x00, 0x00,
0x00, 0x00, 0x00, 0x00, 0x00, 0x00, 0x00, 0x00, 0x00, 0x00, 0x00, 0x00, 0x00, 0x00, 0x00, 0x00,
0x00, 0x00, 0x00, 0x00, 0x00, 0x00, 0x00, 0x00, 0x00, 0x00, 0x00, 0x00, 0x00, 0x00, 0x00, 0x00,
0x00, 0x00, 0x00, 0x00, 0x00, 0x00, 0x00, 0x00, 0x00, 0x00, 0x00, 0x00, 0x00, 0x00, 0x00, 0x00,
0x00, 0x00, 0x00, 0x00, 0x00, 0x00, 0x00, 0x00, 0x00, 0x00, 0x00, 0x00, 0x00, 0x00, 0x00, 0x00,
0x00, 0x00, 0x00, 0x00, 0x00, 0x00, 0x00, 0x00, 0x00, 0x00, 0x00, 0x00, 0x00, 0x00, 0x00, 0x00,
0x00, 0x00, 0x00, 0x00, 0x00, 0x00, 0x00, 0x00, 0x00, 0x00, 0x00, 0x00, 0x00, 0x00, 0x00, 0x00,
0x00, 0x00, 0x00, 0x00, 0x00, 0x00, 0x00, 0x00, 0x00, 0x00, 0x00, 0x00, 0x00, 0x00, 0x00, 0x00,
0x00, 0x00, 0x00, 0x00, 0x00, 0x00, 0x00, 0x00, 0x00, 0x00, 0x00, 0x00, 0x00, 0x00, 0x00, 0x00,
0x00, 0x00, 0x00, 0x00, 0x00, 0x00, 0x00, 0x00, 0x00, 0x00, 0x00, 0x00, 0x00, 0x00, 0x00, 0x00,
0x00, 0x00, 0x00, 0x00, 0x00, 0x00, 0x00, 0x00, 0x00, 0x00, 0x00, 0x00, 0x00, 0x00, 0x00, 0x00,
0x00, 0x00, 0x00, 0x00, 0x00, 0x00, 0x00, 0x00, 0x00, 0x00, 0x00, 0x00, 0x00, 0x00, 0x00, 0x00,
0x00, 0x00, 0x00, 0x00, 0x00, 0x00, 0x00, 0x00, 0x00, 0x00, 0x00, 0x00, 0x00, 0x00, 0x00, 0x00,
0x00, 0x00, 0x00, 0x00, 0x00, 0x00, 0x00, 0x00, 0x00, 0x00, 0x00, 0x00, 0x00, 0x00, 0x00, 0x00,
0x00, 0x00, 0x00, 0x00, 0x00, 0x00, 0x00, 0x00, 0x00, 0x00, 0x00, 0x00, 0x00, 0x00, 0x00, 0x00,
0x00, 0x00, 0x00, 0x00, 0x00, 0x00, 0x00, 0x00, 0x00, 0x00, 0x00, 0x00, 0x00, 0x00, 0x00, 0x00,
0x00, 0x00, 0x00, 0x00, 0x00, 0x00, 0x00, 0x00, 0x00, 0x00, 0x00, 0x00, 0x00, 0x00, 0x00, 0x00,
0x00, 0x00, 0x00, 0x00, 0x00, 0x00, 0x00, 0x00, 0x00, 0x00, 0x00, 0x00, 0x00, 0x00, 0x00, 0x00,
0x00, 0x00, 0x00, 0x00, 0x00, 0x00, 0x00, 0x00, 0x00, 0x00, 0x00, 0x00, 0x00, 0x00, 0x00, 0x00,
0x00, 0x00, 0x00, 0x00, 0x00, 0x00, 0x00, 0x00, 0x00, 0x00, 0x00, 0x00, 0x00, 0x00, 0x00, 0x00,
0x00, 0x00, 0x00, 0x00, 0x00, 0x00, 0x00, 0x00, 0x00, 0x00, 0x00, 0x00, 0x00, 0x00, 0x00, 0x00,
0x00, 0x00, 0x00, 0x00, 0x00, 0x00, 0x00, 0x00, 0x00, 0x00, 0x00, 0x00, 0x00, 0x00, 0x00, 0x00,
0x00, 0x00, 0x00, 0x00, 0x00, 0x00, 0x00, 0x00, 0x00, 0x00, 0x00, 0x00, 0x00, 0x00, 0x00, 0x00,
0x00, 0x00, 0x00, 0x00, 0x00, 0x00, 0x00, 0x00, 0x00, 0x00, 0x00, 0x00, 0x00, 0x00, 0x00, 0x00,
0x00, 0x00, 0x00, 0x00, 0x00, 0x00, 0x00, 0x00, 0x00, 0x00, 0x00, 0x00, 0x00, 0x00, 0x00, 0x00,
0x00, 0x00, 0x00, 0x00, 0x00, 0x00, 0x00, 0x00, 0x00, 0x00, 0x00, 0x00, 0x00, 0x00, 0x00, 0x00,
0x00, 0x00, 0x00, 0x00, 0x00, 0x00, 0x00, 0x00, 0x00, 0x00, 0x00, 0x00, 0x00, 0x00, 0x00, 0x00,
0x00, 0x00, 0x00, 0x00, 0x00, 0x00, 0x00, 0x00, 0x00, 0x00, 0x00, 0x00, 0x00, 0x00, 0x00, 0x00,
0x00, 0x00, 0x00, 0x00, 0x00, 0x00, 0x00, 0x00, 0x00, 0x00, 0x00, 0x00, 0x00, 0x00, 0x00, 0x00,
0x00, 0x00, 0x00, 0x00, 0x00, 0x00, 0x00, 0x00, 0x00, 0x00, 0x00, 0x00, 0x00, 0x00, 0x00, 0x00,
0x00, 0x00, 0x00, 0x00, 0x00, 0x00, 0x00, 0x00, 0x00, 0x00, 0x00, 0x00, 0x00, 0x00, 0x00, 0x00,
0x00, 0x00, 0x00, 0x00, 0x00, 0x00, 0x00, 0x00, 0x00, 0x00, 0x00, 0x00, 0x00, 0x00, 0x00, 0x00,
0x00, 0x00, 0x00, 0x00, 0x00, 0x00, 0x00, 0x00, 0x00, 0x00, 0x00, 0x00, 0x00, 0x00, 0x00, 0x00,
0x00, 0x00, 0x00, 0x00, 0x00, 0x00, 0x00, 0x00, 0x00, 0x00, 0x00, 0x00, 0x00, 0x00, 0x00, 0x00,
0x00, 0x00, 0x00, 0x00, 0x00, 0x00, 0x00, 0x00, 0x00, 0x00, 0x00, 0x00, 0x00, 0x00, 0x00, 0x00,
0x00, 0x00, 0x00, 0x00, 0x00, 0x00, 0x00, 0x00, 0x00, 0x00, 0x00, 0x00, 0x00, 0x00, 0x00, 0x00,
0x00, 0x00, 0x00, 0x00, 0x00, 0x00, 0x00, 0x00, 0x00, 0x00, 0x00, 0x00, 0x00, 0x00, 0x00, 0x00,
0x00, 0x00, 0x00, 0x00, 0x00, 0x00, 0x00, 0x00, 0x00, 0x00, 0x00, 0x00, 0x00, 0x00, 0x00, 0x00,
0x00, 0x00, 0x00, 0x00, 0x00, 0x00, 0x00, 0x00, 0x00, 0x00, 0x00, 0x00, 0x00, 0x00, 0x00, 0x00,
0x00, 0x00, 0x00, 0x00, 0x00, 0x00, 0x00, 0x00, 0x00, 0x00, 0x00, 0x00, 0xdf, 0xbf, 0x00, 0x08,
0xdf, 0xb2, 0x00, 0x3f, 0xdb, 0xad, 0x00, 0x38, 0x00, 0x00, 0x00, 0x00, 0x00, 0x00, 0x00, 0x00,
0x00, 0x00, 0x00, 0x00, 0x00, 0x00, 0x00, 0x00, 0x00, 0x00, 0x00, 0x00, 0x00, 0x00, 0x00, 0x00,
0x00, 0x00, 0x00, 0x00, 0x00, 0x00, 0x00, 0x00, 0x00, 0x00, 0x00, 0x00, 0x00, 0x00, 0x00, 0x00,
0x00, 0x00, 0x00, 0x00, 0x00, 0x00, 0x00, 0x00, 0x00, 0x00, 0x00, 0x00, 0x00, 0x00, 0x00, 0x00,
0x00, 0x00, 0x00, 0x00, 0x00, 0x00, 0x00, 0x00, 0x00, 0x00, 0x00, 0x00, 0x00, 0x00, 0x00, 0x00,
0x00, 0x00, 0x00, 0x00, 0x00, 0x00, 0x00, 0x00, 0x00, 0x00, 0x00, 0x00, 0x00, 0x00, 0x00, 0x00,
0x00, 0x00, 0x00, 0x00, 0x00, 0x00, 0x00, 0x00, 0x00, 0x00, 0x00, 0x00, 0x00, 0x00, 0x00, 0x00,
0x00, 0x00, 0x00, 0x00, 0x00, 0x00, 0x00, 0x00, 0x00, 0x00, 0x00, 0x00, 0x00, 0x00, 0x00, 0x00,
0x00, 0x00, 0x00, 0x00, 0x00, 0x00, 0x00, 0x00, 0x00, 0x00, 0x00, 0x00, 0x00, 0x00, 0x00, 0x00,
0x00, 0x00, 0x00, 0x00, 0x00, 0x00, 0x00, 0x00, 0x00, 0x00, 0x00, 0x00, 0x00, 0x00, 0x00, 0x00,
0x00, 0x00, 0x00, 0x00, 0x00, 0x00, 0x00, 0x00, 0x00, 0x00, 0x00, 0x00, 0xff, 0xbf, 0x00, 0x04,
0xe1, 0xb9, 0x00, 0x33, 0xdf, 0xb4, 0x00, 0x77, 0xdd, 0xb3, 0x00, 0xbb, 0xdb, 0xae, 0x00, 0xf7,
0xd9, 0xab, 0x00, 0xff, 0xd7, 0xa7, 0x00, 0x80, 0x00, 0x00, 0x00, 0x00, 0x00, 0x00, 0x00, 0x00,
0x00, 0x00, 0x00, 0x00, 0x00, 0x00, 0x00, 0x00, 0x00, 0x00, 0x00, 0x00, 0x00, 0x00, 0x00, 0x00,
0x00, 0x00, 0x00, 0x00, 0x00, 0x00, 0x00, 0x00, 0x00, 0x00, 0x00, 0x00, 0x00, 0x00, 0x00, 0x00,
0x00, 0x00, 0x00, 0x00, 0x00, 0x00, 0x00, 0x00, 0x00, 0x00, 0x00, 0x00, 0x00, 0x00, 0x00, 0x00,
0x00, 0x00, 0x00, 0x00, 0x00, 0x00, 0x00, 0x00, 0x00, 0x00, 0x00, 0x00, 0x00, 0x00, 0x00, 0x00,
0x00, 0x00, 0x00, 0x00, 0x00, 0x00, 0x00, 0x00, 0x00, 0x00, 0x00, 0x00, 0x00, 0x00, 0x00, 0x00,
0x00, 0x00, 0x00, 0x00, 0x00, 0x00, 0x00, 0x00, 0x00, 0x00, 0x00, 0x00, 0x00, 0x00, 0x00, 0x00,
0x00, 0x00, 0x00, 0x00, 0x00, 0x00, 0x00, 0x00, 0x00, 0x00, 0x00, 0x00, 0x00, 0x00, 0x00, 0x00,
0x00, 0x00, 0x00, 0x00, 0x00, 0x00, 0x00, 0x00, 0x00, 0x00, 0x00, 0x00, 0x00, 0x00, 0x00, 0x00,
0x00, 0x00, 0x00, 0x00, 0x00, 0x00, 0x00, 0x00, 0x00, 0x00, 0x00, 0x00, 0xff, 0xbf, 0x00, 0x04,
0xe6, 0xbe, 0x00, 0x33, 0xe3, 0xba, 0x00, 0x77, 0xe1, 0xb8, 0x00, 0xbb, 0xdf, 0xb5, 0x00, 0xf7,
0xdd, 0xb2, 0x00, 0xff, 0xdb, 0xaf, 0x00, 0xff, 0xd9, 0xac, 0x00, 0xff, 0xd7, 0xa9, 0x00, 0xff,
0xd5, 0xa6, 0x00, 0xff, 0xd3, 0xa3, 0x00, 0x80, 0x00, 0x00, 0x00, 0x00, 0x00, 0x00, 0x00, 0x00,
0x00, 0x00, 0x00, 0x00, 0x00, 0x00, 0x00, 0x00, 0x00, 0x00, 0x00, 0x00, 0x00, 0x00, 0x00, 0x00,
0x00, 0x00, 0x00, 0x00, 0x00, 0x00, 0x00, 0x00, 0x00, 0x00, 0x00, 0x00, 0x00, 0x00, 0x00, 0x00,
0x00, 0x00, 0x00, 0x00, 0x00, 0x00, 0x00, 0x00, 0x00, 0x00, 0x00, 0x00, 0x00, 0x00, 0x00, 0x00,
0x00, 0x00, 0x00, 0x00, 0x00, 0x00, 0x00, 0x00, 0x00, 0x00, 0x00, 0x00, 0x00, 0x00, 0x00, 0x00,
0x00, 0x00, 0x00, 0x00, 0x00, 0x00, 0x00, 0x00, 0x00, 0x00, 0x00, 0x00, 0x00, 0x00, 0x00, 0x00,
0x00, 0x00, 0x00, 0x00, 0x00, 0x00, 0x00, 0x00, 0x00, 0x00, 0x00, 0x00, 0x00, 0x00, 0x00, 0x00,
0x00, 0x00, 0x00, 0x00, 0x00, 0x00, 0x00, 0x00, 0x00, 0x00, 0x00, 0x00, 0x00, 0x00, 0x00, 0x00,
0x00, 0x00, 0x00, 0x00, 0x00, 0x00, 0x00, 0x00, 0x00, 0x00, 0x00, 0x00, 0xff, 0xbf, 0x00, 0x04,
0xeb, 0xc3, 0x00, 0x33, 0xe7, 0xc3, 0x00, 0x77, 0xe6, 0xbf, 0x00, 0xbb, 0xe4, 0xbc, 0x00, 0xf7,
0xe2, 0xb9, 0x00, 0xff, 0xdf, 0xb6, 0x00, 0xff, 0xdd, 0xb2, 0x00, 0xff, 0xdb, 0xaf, 0x00, 0xff,
0xd9, 0xac, 0x00, 0xff, 0xd7, 0xa9, 0x00, 0xff, 0xd5, 0xa6, 0x00, 0xff, 0xd3, 0xa3, 0x00, 0xff,
0xd1, 0xa0, 0x00, 0xff, 0xcf, 0x9d, 0x00, 0x80, 0x00, 0x00, 0x00, 0x00, 0x00, 0x00, 0x00, 0x00,
0x00, 0x00, 0x00, 0x00, 0x00, 0x00, 0x00, 0x00, 0x00, 0x00, 0x00, 0x00, 0x00, 0x00, 0x00, 0x00,
0x00, 0x00, 0x00, 0x00, 0x00, 0x00, 0x00, 0x00, 0x00, 0x00, 0x00, 0x00, 0x00, 0x00, 0x00, 0x00,
0x00, 0x00, 0x00, 0x00, 0x00, 0x00, 0x00, 0x00, 0x00, 0x00, 0x00, 0x00, 0x00, 0x00, 0x00, 0x00,
0x00, 0x00, 0x00, 0x00, 0x00, 0x00, 0x00, 0x00, 0x00, 0x00, 0x00, 0x00, 0x00, 0x00, 0x00, 0x00,
0x00, 0x00, 0x00, 0x00, 0x00, 0x00, 0x00, 0x00, 0x00, 0x00, 0x00, 0x00, 0x00, 0x00, 0x00, 0x00,
0x00, 0x00, 0x00, 0x00, 0x00, 0x00, 0x00, 0x00, 0x00, 0x00, 0x00, 0x00, 0x00, 0x00, 0x00, 0x00,
0x00, 0x00, 0x00, 0x00, 0x00, 0x00, 0x00, 0x00, 0x00, 0x00, 0x00, 0x00, 0xff, 0xbf, 0x00, 0x04,
0xf0, 0xcd, 0x00, 0x33, 0xec, 0xc7, 0x00, 0x77, 0xeb, 0xc4, 0x00, 0xbb, 0xe8, 0xc2, 0x00, 0xf7,
0xe6, 0xbf, 0x00, 0xff, 0xe4, 0xbc, 0x00, 0xff, 0xe2, 0xb9, 0x00, 0xff, 0xe0, 0xb6, 0x00, 0xff,
0xde, 0xb3, 0x00, 0xff, 0xdc, 0xb0, 0x00, 0xff, 0xda, 0xad, 0x00, 0xff, 0xd8, 0xaa, 0x00, 0xff,
0xd6, 0xa7, 0x00, 0xff, 0xd4, 0xa4, 0x00, 0xff, 0xd2, 0xa1, 0x00, 0xff, 0xd0, 0x9e, 0x00, 0xff,
0xce, 0x9a, 0x00, 0xff, 0xcb, 0x97, 0x00, 0x80, 0x00, 0x00, 0x00, 0x00, 0x00, 0x00, 0x00, 0x00,
0x00, 0x00, 0x00, 0x00, 0x00, 0x00, 0x00, 0x00, 0x00, 0x00, 0x00, 0x00, 0x00, 0x00, 0x00, 0x00,
0x00, 0x00, 0x00, 0x00, 0x00, 0x00, 0x00, 0x00, 0x00, 0x00, 0x00, 0x00, 0x00, 0x00, 0x00, 0x00,
0x00, 0x00, 0x00, 0x00, 0x00, 0x00, 0x00, 0x00, 0x00, 0x00, 0x00, 0x00, 0x00, 0x00, 0x00, 0x00,
0x00, 0x00, 0x00, 0x00, 0x00, 0x00, 0x00, 0x00, 0x00, 0x00, 0x00, 0x00, 0x00, 0x00, 0x00, 0x00,
0x00, 0x00, 0x00, 0x00, 0x00, 0x00, 0x00, 0x00, 0x00, 0x00, 0x00, 0x00, 0x00, 0x00, 0x00, 0x00,
0x00, 0x00, 0x00, 0x00, 0x00, 0x00, 0x00, 0x00, 0x00, 0x00, 0x00, 0x00, 0x00, 0x00, 0x00, 0x00,
0x00, 0x00, 0x00, 0x00, 0x00, 0x00, 0x00, 0x00, 0x00, 0x00, 0x00, 0x00, 0xeb, 0xc9, 0x00, 0x80,
0xea, 0xc6, 0x00, 0xff, 0xe8, 0xc3, 0x00, 0xff, 0xe6, 0xc0, 0x00, 0xff, 0xe4, 0xbd, 0x00, 0xff,
0xe2, 0xba, 0x00, 0xff, 0xe0, 0xb6, 0x00, 0xff, 0xde, 0xb3, 0x00, 0xff, 0xdc, 0xb0, 0x00, 0xff,
0xda, 0xad, 0x00, 0xff, 0xd8, 0xaa, 0x00, 0xff, 0xd6, 0xa7, 0x00, 0xff, 0xd4, 0xa4, 0x00, 0xff,
0xd2, 0xa1, 0x00, 0xff, 0xd0, 0x9e, 0x00, 0xff, 0xce, 0x9b, 0x00, 0xff, 0xcc, 0x98, 0x00, 0xff,
0xca, 0x95, 0x00, 0xf7, 0xc9, 0x93, 0x00, 0x68, 0x00, 0x00, 0x00, 0x00, 0x00, 0x00, 0x00, 0x00,
0x00, 0x00, 0x00, 0x00, 0x00, 0x00, 0x00, 0x00, 0x00, 0x00, 0x00, 0x00, 0x00, 0x00, 0x00, 0x00,
0x00, 0x00, 0x00, 0x00, 0x00, 0x00, 0x00, 0x00, 0x00, 0x00, 0x00, 0x00, 0x00, 0x00, 0x00, 0x00,
0x00, 0x00, 0x00, 0x00, 0x00, 0x00, 0x00, 0x00, 0x00, 0x00, 0x00, 0x00, 0x00, 0x00, 0x00, 0x00,
0x00, 0x00, 0x00, 0x00, 0x00, 0x00, 0x00, 0x00, 0x00, 0x00, 0x00, 0x00, 0x00, 0x00, 0x00, 0x00,
0x00, 0x00, 0x00, 0x00, 0x00, 0x00, 0x00, 0x00, 0x00, 0x00, 0x00, 0x00, 0x00, 0x00, 0x00, 0x00,
0x00, 0x00, 0x00, 0x00, 0x00, 0x00, 0x00, 0x00, 0x00, 0x00, 0x00, 0x00, 0x00, 0x00, 0x00, 0x00,
0x00, 0x00, 0x00, 0x00, 0x00, 0x00, 0x00, 0x00, 0x00, 0x00, 0x00, 0x00, 0xe9, 0xc3, 0x00, 0x80,
0xe7, 0xc0, 0x00, 0xff, 0xe4, 0xbd, 0x00, 0xff, 0xe2, 0xba, 0x00, 0xff, 0xe0, 0xb7, 0x00, 0xff,
0xde, 0xb4, 0x00, 0xff, 0xdc, 0xb1, 0x00, 0xff, 0xda, 0xae, 0x00, 0xff, 0xd8, 0xab, 0x00, 0xff,
0xd6, 0xa8, 0x00, 0xff, 0xd4, 0xa5, 0x00, 0xff, 0xd2, 0xa2, 0x00, 0xff, 0xd0, 0x9e, 0x00, 0xff,
0xce, 0x9b, 0x00, 0xfb, 0xcc, 0x99, 0x00, 0xcc, 0xcb, 0x94, 0x00, 0x88, 0xc7, 0x92, 0x00, 0x44,
0xc6, 0x8e, 0x00, 0x09, 0x00, 0x00, 0x00, 0x00, 0x00, 0x00, 0x00, 0x00, 0x00, 0x00, 0x00, 0x00,
0x00, 0x00, 0x00, 0x00, 0x00, 0x00, 0x00, 0x00, 0x00, 0x00, 0x00, 0x00, 0x00, 0x00, 0x00, 0x00,
0x00, 0x00, 0x00, 0x00, 0x00, 0x00, 0x00, 0x00, 0x00, 0x00, 0x00, 0x00, 0x00, 0x00, 0x00, 0x00,
0x00, 0x00, 0x00, 0x00, 0x00, 0x00, 0x00, 0x00, 0x00, 0x00, 0x00, 0x00, 0x00, 0x00, 0x00, 0x00,
0x00, 0x00, 0x00, 0x00, 0x00, 0x00, 0x00, 0x00, 0x00, 0x00, 0x00, 0x00, 0x00, 0x00, 0x00, 0x00,
0x00, 0x00, 0x00, 0x00, 0x00, 0x00, 0x00, 0x00, 0x00, 0x00, 0x00, 0x00, 0x00, 0x00, 0x00, 0x00,
0x00, 0x00, 0x00, 0x00, 0x00, 0x00, 0x00, 0x00, 0x00, 0x00, 0x00, 0x00, 0x00, 0x00, 0x00, 0x00,
0x00, 0x00, 0x00, 0x00, 0x00, 0x00, 0x00, 0x00, 0x00, 0x00, 0x00, 0x00, 0xe5, 0xbd, 0x00, 0x80,
0xe3, 0xba, 0x00, 0xff, 0xe1, 0xb7, 0x00, 0xff, 0xdf, 0xb4, 0x00, 0xff, 0xdd, 0xb1, 0x00, 0xff,
0xdb, 0xae, 0x00, 0xff, 0xd9, 0xab, 0x00, 0xff, 0xd7, 0xa8, 0x00, 0xff, 0xd5, 0xa5, 0x00, 0xff,
0xd3, 0xa2, 0x00, 0xfb, 0xd1, 0x9f, 0x00, 0xcc, 0xce, 0x9c, 0x00, 0x88, 0xcb, 0x9a, 0x00, 0x44,
0xc6, 0x8e, 0x00, 0x09, 0x00, 0x00, 0x00, 0x00, 0x00, 0x00, 0x00, 0x00, 0x00, 0x00, 0x00, 0x00,
0x00, 0x00, 0x00, 0x00, 0x00, 0x00, 0x00, 0x00, 0x00, 0x00, 0x00, 0x00, 0x00, 0x00, 0x00, 0x00,
0x00, 0x00, 0x00, 0x00, 0x00, 0x00, 0x00, 0x00, 0x00, 0x00, 0x00, 0x00, 0x00, 0x00, 0x00, 0x00,
0x00, 0x00, 0x00, 0x00, 0x00, 0x00, 0x00, 0x00, 0x00, 0x00, 0x00, 0x00, 0x00, 0x00, 0x00, 0x00,
0x00, 0x00, 0x00, 0x00, 0x00, 0x00, 0x00, 0x00, 0x00, 0x00, 0x00, 0x00, 0x00, 0x00, 0x00, 0x00,
0x00, 0x00, 0x00, 0x00, 0x00, 0x00, 0x00, 0x00, 0x00, 0x00, 0x00, 0x00, 0x00, 0x00, 0x00, 0x00,
0x00, 0x00, 0x00, 0x00, 0x00, 0x00, 0x00, 0x00, 0x00, 0x00, 0x00, 0x00, 0x00, 0x00, 0x00, 0x00,
0x00, 0x00, 0x00, 0x00, 0x00, 0x00, 0x00, 0x00, 0x00, 0x00, 0x00, 0x00, 0x00, 0x00, 0x00, 0x00,
0x00, 0x00, 0x00, 0x00, 0x00, 0x00, 0x00, 0x00, 0x00, 0x00, 0x00, 0x00, 0xe1, 0xb7, 0x00, 0x80,
0xdf, 0xb5, 0x00, 0xff, 0xdd, 0xb2, 0x00, 0xff, 0xdb, 0xaf, 0x00, 0xff, 0xd9, 0xac, 0x00, 0xff,
0xd7, 0xa9, 0x00, 0xfb, 0xd5, 0xa6, 0x00, 0xcc, 0xd4, 0xa1, 0x00, 0x88, 0xd2, 0x9e, 0x00, 0x44,
0xc6, 0xaa, 0x00, 0x09, 0x00, 0x00, 0x00, 0x00, 0x00, 0x00, 0x00, 0x00, 0x00, 0x00, 0x00, 0x00,
0x00, 0x00, 0x00, 0x00, 0x00, 0x00, 0x00, 0x00, 0x00, 0x00, 0x00, 0x00, 0x00, 0x00, 0x00, 0x00,
0x00, 0x00, 0x00, 0x00, 0x00, 0x00, 0x00, 0x00, 0x00, 0x00, 0x00, 0x00, 0x00, 0x00, 0x00, 0x00,
0x00, 0x00, 0x00, 0x00, 0x00, 0x00, 0x00, 0x00, 0x00, 0x00, 0x00, 0x00, 0x00, 0x00, 0x00, 0x00,
0x00, 0x00, 0x00, 0x00, 0x00, 0x00, 0x00, 0x00, 0x00, 0x00, 0x00, 0x00, 0x00, 0x00, 0x00, 0x00,
0x00, 0x00, 0x00, 0x00, 0x00, 0x00, 0x00, 0x00, 0x00, 0x00, 0x00, 0x00, 0x00, 0x00, 0x00, 0x00,
0x00, 0x00, 0x00, 0x00, 0x00, 0x00, 0x00, 0x00, 0x00, 0x00, 0x00, 0x00, 0x00, 0x00, 0x00, 0x00,
0x00, 0x00, 0x00, 0x00, 0x00, 0x00, 0x00, 0x00, 0x00, 0x00, 0x00, 0x00, 0x00, 0x00, 0x00, 0x00,
0x00, 0x00, 0x00, 0x00, 0x00, 0x00, 0x00, 0x00, 0x00, 0x00, 0x00, 0x00, 0x00, 0x00, 0x00, 0x00,
0x00, 0x00, 0x00, 0x00, 0x00, 0x00, 0x00, 0x00, 0x00, 0x00, 0x00, 0x00, 0xdd, 0xb1, 0x00, 0x80,
0xdb, 0xaf, 0x00, 0xfb, 0xda, 0xad, 0x00, 0xcc, 0xd8, 0xa9, 0x00, 0x88, 0xd6, 0xa5, 0x00, 0x44,
0xc6, 0xaa, 0x00, 0x09, 0x00, 0x00, 0x00, 0x00, 0x00, 0x00, 0x00, 0x00, 0x00, 0x00, 0x00, 0x00,
0x00, 0x00, 0x00, 0x00, 0x00, 0x00, 0x00, 0x00, 0x00, 0x00, 0x00, 0x00, 0x00, 0x00, 0x00, 0x00,
0x00, 0x00, 0x00, 0x00, 0x00, 0x00, 0x00, 0x00, 0x00, 0x00, 0x00, 0x00, 0x00, 0x00, 0x00, 0x00,
0x00, 0x00, 0x00, 0x00, 0x00, 0x00, 0x00, 0x00, 0x00, 0x00, 0x00, 0x00, 0x00, 0x00, 0x00, 0x00,
0x00, 0x00, 0x00, 0x00, 0x00, 0x00, 0x00, 0x00, 0x00, 0x00, 0x00, 0x00, 0x00, 0x00, 0x00, 0x00,
0x00, 0x00, 0x00, 0x00, 0x00, 0x00, 0x00, 0x00, 0x00, 0x00, 0x00, 0x00, 0x00, 0x00, 0x00, 0x00,
0x00, 0x00, 0x00, 0x00, 0x00, 0x00, 0x00, 0x00, 0x00, 0x00, 0x00, 0x00, 0x00, 0x00, 0x00, 0x00,
0x00, 0x00, 0x00, 0x00, 0x00, 0x00, 0x00, 0x00, 0x00, 0x00, 0x00, 0x00, 0x00, 0x00, 0x00, 0x00,
0x00, 0x00, 0x00, 0x00, 0x00, 0x00, 0x00, 0x00, 0x00, 0x00, 0x00, 0x00, 0x00, 0x00, 0x00, 0x00,
0x00, 0x00, 0x00, 0x00, 0x00, 0x00, 0x00, 0x00, 0x00, 0x00, 0x00, 0x00, 0x00, 0x00, 0x00, 0x00,
0x00, 0x00, 0x00, 0x00, 0x00, 0x00, 0x00, 0x00, 0x00, 0x00, 0x00, 0x00, 0xdf, 0xaa, 0x00, 0x18,
0xdf, 0x9f, 0x00, 0x08, 0x00, 0x00, 0x00, 0x00, 0x00, 0x00, 0x00, 0x00, 0x00, 0x00, 0x00, 0x00,
0x00, 0x00, 0x00, 0x00, 0x00, 0x00, 0x00, 0x00, 0x00, 0x00, 0x00, 0x00, 0x00, 0x00, 0x00, 0x00,
0x00, 0x00, 0x00, 0x00, 0x00, 0x00, 0x00, 0x00, 0x00, 0x00, 0x00, 0x00, 0x00, 0x00, 0x00, 0x00,
0x00, 0x00, 0x00, 0x00, 0x00, 0x00, 0x00, 0x00, 0x00, 0x00, 0x00, 0x00, 0x00, 0x00, 0x00, 0x00,
0x00, 0x00, 0x00, 0x00, 0x00, 0x00, 0x00, 0x00, 0x00, 0x00, 0x00, 0x00, 0x00, 0x00, 0x00, 0x00,
0x00, 0x00, 0x00, 0x00, 0x00, 0x00, 0x00, 0x00, 0x00, 0x00, 0x00, 0x00, 0x00, 0x00, 0x00, 0x00,
0x00, 0x00, 0x00, 0x00, 0x00, 0x00, 0x00, 0x00, 0x00, 0x00, 0x00, 0x00, 0x00, 0x00, 0x00, 0x00,
0x00, 0x00, 0x00, 0x00, 0x00, 0x00, 0x00, 0x00, 0x00, 0x00, 0x00, 0x00, 0x00, 0x00, 0x00, 0x00,
0x00, 0x00, 0x00, 0x00, 0x00, 0x00, 0x00, 0x00, 0x00, 0x00, 0x00, 0x00, 0x00, 0x00, 0x00, 0x00,
0x00, 0x00, 0x00, 0x00, 0x00, 0x00, 0x00, 0x00, 0x00, 0x00, 0x00, 0x00, 0x00, 0x00, 0x00, 0x00,
0x00, 0x00, 0x00, 0x00, 0x00, 0x00, 0x00, 0x00, 0x00, 0x00, 0x00, 0x00, 0x00, 0x00, 0x00, 0x00,
0x00, 0x00, 0x00, 0x00, 0x00, 0x00, 0x00, 0x00, 0x00, 0x00, 0x00, 0x00, 0x00, 0x00, 0x00, 0x00,
0x00, 0x00, 0x00, 0x00, 0x00, 0x00, 0x00, 0x00, 0x00, 0x00, 0x00, 0x00, 0x00, 0x00, 0x00, 0x00,
0x00, 0x00, 0x00, 0x00, 0x00, 0x00, 0x00, 0x00, 0x00, 0x00, 0x00, 0x00, 0x00, 0x00, 0x00, 0x00,
0x00, 0x00, 0x00, 0x00, 0x00, 0x00, 0x00, 0x00, 0x00, 0x00, 0x00, 0x00, 0x00, 0x00, 0x00, 0x00,
0x00, 0x00, 0x00, 0x00, 0x00, 0x00, 0x00, 0x00, 0x00, 0x00, 0x00, 0x00, 0x00, 0x00, 0x00, 0x00,
0x00, 0x00, 0x00, 0x00, 0x00, 0x00, 0x00, 0x00, 0x00, 0x00, 0x00, 0x00, 0x00, 0x00, 0x00, 0x00,
0x00, 0x00, 0x00, 0x00, 0x00, 0x00, 0x00, 0x00, 0x00, 0x00, 0x00, 0x00, 0x00, 0x00, 0x00, 0x00,
0x00, 0x00, 0x00, 0x00, 0x00, 0x00, 0x00, 0x00, 0x00, 0x00, 0x00, 0x00, 0x00, 0x00, 0x00, 0x00,
0x00, 0x00, 0x00, 0x00, 0x00, 0x00, 0x00, 0x00, 0x00, 0x00, 0x00, 0x00, 0x00, 0x00, 0x00, 0x00,
0x00, 0x00, 0x00, 0x00, 0x00, 0x00, 0x00, 0x00, 0x00, 0x00, 0x00, 0x00, 0x00, 0x00, 0x00, 0x00,
0x00, 0x00, 0x00, 0x00, 0x00, 0x00, 0x00, 0x00, 0x00, 0x00, 0x00, 0x00, 0x00, 0x00, 0x00, 0x00,
0x00, 0x00, 0x00, 0x00, 0x00, 0x00, 0x00, 0x00, 0x00, 0x00, 0x00, 0x00, 0x00, 0x00, 0x00, 0x00,
0x00, 0x00, 0x00, 0x00, 0x00, 0x00, 0x00, 0x00, 0x00, 0x00, 0x00, 0x00, 0x00, 0x00, 0x00, 0x00,
0x00, 0x00, 0x00, 0x00, 0x00, 0x00, 0x00, 0x00, 0x00, 0x00, 0x00, 0x00, 0x00, 0x00, 0x00, 0x00,
0x00, 0x00, 0x00, 0x00, 0x00, 0x00, 0x00, 0x00, 0x00, 0x00, 0x00, 0x00, 0x00, 0x00, 0x00, 0x00,
0x00, 0x00, 0x00, 0x00, 0x00, 0x00, 0x00, 0x00, 0x00, 0x00, 0x00, 0x00, 0x00, 0x00, 0x00, 0x00,
0x00, 0x00, 0x00, 0x00, 0x00, 0x00, 0x00, 0x00, 0x00, 0x00, 0x00, 0x00, 0x00, 0x00, 0x00, 0x00,
0x00, 0x00, 0x00, 0x00, 0x00, 0x00, 0x00, 0x00, 0x00, 0x00, 0x00, 0x00, 0x00, 0x00, 0x00, 0x00,
0x00, 0x00, 0x00, 0x00, 0x00, 0x00, 0x00, 0x00, 0x00, 0x00, 0x00, 0x00, 0x00, 0x00, 0x00, 0x00,
0x00, 0x00, 0x00, 0x00, 0x00, 0x00, 0x00, 0x00, 0x00, 0x00, 0x00, 0x00, 0x00, 0x00, 0x00, 0x00,
0x00, 0x00, 0x00, 0x00, 0x00, 0x00, 0x00, 0x00, 0x00, 0x00, 0x00, 0x00, 0x00, 0x00, 0x00, 0x00,
0x00, 0x00, 0x00, 0x00, 0x00, 0x00, 0x00, 0x00, 0x00, 0x00, 0x00, 0x00, 0x00, 0x00, 0x00, 0x00,
0x00, 0x00, 0x00, 0x00, 0x00, 0x00, 0x00, 0x00, 0x00, 0x00, 0x00, 0x00, 0x00, 0x00, 0x00, 0x00,
0x00, 0x00, 0x00, 0x00, 0x00, 0x00, 0x00, 0x00, 0x00, 0x00, 0x00, 0x00, 0x00, 0x00, 0x00, 0x00,
0x00, 0x00, 0x00, 0x00, 0x00, 0x00, 0x00, 0x00, 0x00, 0x00, 0x00, 0x00, 0x00, 0x00, 0x00, 0x00,
0x00, 0x00, 0x00, 0x00, 0x00, 0x00, 0x00, 0x00, 0x00, 0x00, 0x00, 0x00, 0x00, 0x00, 0x00, 0x00,
0x00, 0x00, 0x00, 0x00, 0x00, 0x00, 0x00, 0x00, 0x00, 0x00, 0x00, 0x00, 0x00, 0x00, 0x00, 0x00,
0x00, 0x00, 0x00, 0x00, 0x00, 0x00, 0x00, 0x00, 0x00, 0x00, 0x00, 0x00, 0x00, 0x00, 0x00, 0x00,
0x00, 0x00, 0x00, 0x00, 0x00, 0x00, 0x00, 0x00, 0x00, 0x00, 0x00, 0x00, 0x00, 0x00, 0x00, 0x00,
0x00, 0x00, 0x00, 0x00, 0x00, 0x00, 0x00, 0x00, 0x00, 0x00, 0x00, 0x00, 0x00, 0x00, 0x00, 0x00,
0x00, 0x00, 0x00, 0x00, 0x00, 0x00, 0x00, 0x00, 0x00, 0x00, 0x00, 0x00, 0x00, 0x00, 0x00, 0x00,
0x00, 0x00, 0x00, 0x00, 0x00, 0x00, 0x00, 0x00, 0x00, 0x00, 0x00, 0x00, 0x00, 0x00, 0x00, 0x00,
0x00, 0x00, 0x00, 0x00, 0x00, 0x00, 0x00, 0x00, 0x00, 0x00, 0x00, 0x00, 0x00, 0x00, 0x00, 0x00,
0x00, 0x00, 0x00, 0x00, 0x00, 0x00, 0x00, 0x00, 0x00, 0x00, 0x00, 0x00, 0x00, 0x00, 0x00, 0x00,
0x00, 0x00, 0x00, 0x00, 0x00, 0x00, 0x00, 0x00, 0x00, 0x00, 0x00, 0x00, 0x00, 0x00, 0x00, 0x00,
0x00, 0x00, 0x00, 0x00, 0x00, 0x00, 0x00, 0x00, 0x00, 0x00, 0x00, 0x00, 0x00, 0x00, 0x00, 0x00,
0x00, 0x00, 0x00, 0x00, 0x00, 0x00, 0x00, 0x00, 0x00, 0x00, 0x00, 0x00, 0x00, 0x00, 0x00, 0x00,
0x00, 0x00, 0x00, 0x00, 0x00, 0x00, 0x00, 0x00, 0x00, 0x00, 0x00, 0x00, 0x00, 0x00, 0x00, 0x00,
0x00, 0x00, 0x00, 0x00, 0x00, 0x00, 0x00, 0x00, 0x00, 0x00, 0x00, 0x00, 0x00, 0x00, 0x00, 0x00,
0x00, 0x00, 0x00, 0x00, 0x00, 0x00, 0x00, 0x00, 0x00, 0x00, 0x00, 0x00, 0x00, 0x00, 0x00, 0x00,
0x00, 0x00, 0x00, 0x00, 0x00, 0x00, 0x00, 0x00, 0x00, 0x00, 0x00, 0x00, 0x00, 0x00, 0x00, 0x00,
0x00, 0x00, 0x00, 0x00, 0x00, 0x00, 0x00, 0x00, 0x00, 0x00, 0x00, 0x00, 0x00, 0x00, 0x00, 0x00,
0x00, 0x00, 0x00, 0x00, 0x00, 0x00, 0x00, 0x00, 0x00, 0x00, 0x00, 0x00, 0x00, 0x00, 0x00, 0x00,
0x00, 0x00, 0x00, 0x00, 0x00, 0x00, 0x00, 0x00, 0x00, 0x00, 0x00, 0x00, 0x00, 0x00, 0x00, 0x00,
0x00, 0x00, 0x00, 0x00, 0x00, 0x00, 0x00, 0x00, 0x00, 0x00, 0x00, 0x00, 0x00, 0x00, 0x00, 0x00,
0x00, 0x00, 0x00, 0x00, 0x00, 0x00, 0x00, 0x00, 0x00, 0x00, 0x00, 0x00, 0x00, 0x00, 0x00, 0x00,
0x00, 0x00, 0x00, 0x00, 0x00, 0x00, 0x00, 0x00, 0x00, 0x00, 0x00, 0x00, 0x00, 0x00, 0x00, 0x00,
0x00, 0x00, 0x00, 0x00, 0x00, 0x00, 0x00, 0x00, 0x00, 0x00, 0x00, 0x00, 0x00, 0x00, 0x00, 0x00,
0x00, 0x00, 0x00, 0x00, 0x00, 0x00, 0x00, 0x00, 0x00, 0x00, 0x00, 0x00, 0x00, 0x00, 0x00, 0x00,
0x00, 0x00, 0x00, 0x00, 0x00, 0x00, 0x00, 0x00, 0x00, 0x00, 0x00, 0x00, 0x00, 0x00, 0x00, 0x00,
0x00, 0x00, 0x00, 0x00, 0x00, 0x00, 0x00, 0x00, 0x00, 0x00, 0x00, 0x00, 0x00, 0x00, 0x00, 0x00,
0x00, 0x00, 0x00, 0x00, 0x00, 0x00, 0x00, 0x00, 0x00, 0x00, 0x00, 0x00, 0x00, 0x00, 0x00, 0x00,
0x00, 0x00, 0x00, 0x00, 0x00, 0x00, 0x00, 0x00, 0x00, 0x00, 0x00, 0x00, 0x00, 0x00, 0x00, 0x00,
0x00, 0x00, 0x00, 0x00, 0x00, 0x00, 0x00, 0x00, 0x00, 0x00, 0x00, 0x00, 0x00, 0x00, 0x00, 0x00,
0x00, 0x00, 0x00, 0x00, 0x00, 0x00, 0x00, 0x00, 0x00, 0x00, 0x00, 0x00, 0x00, 0x00, 0x00, 0x00,
0x00, 0x00, 0x00, 0x00, 0x00, 0x00, 0x00, 0x00, 0x00, 0x00, 0x00, 0x00, 0x00, 0x00, 0x00, 0x00,
0x00, 0x00, 0x00, 0x00, 0x00, 0x00, 0x00, 0x00, 0x00, 0x00, 0x00, 0x00, 0x00, 0x00, 0x00, 0x00,
0x00, 0x00, 0x00, 0x00, 0x00, 0x00, 0x00, 0x00, 0x00, 0x00, 0x00, 0x00, 0x00, 0x00, 0x00, 0x00,
0x00, 0x00, 0x00, 0x00, 0x00, 0x00, 0x00, 0x00, 0x00, 0x00, 0x00, 0x00, 0x00, 0x00, 0x00, 0x00,
0x00, 0x00, 0x00, 0x00, 0x00, 0x00, 0x00, 0x00, 0x00, 0x00, 0x00, 0x00, 0x00, 0x00, 0x00, 0x00,
0x00, 0x00, 0x00, 0x00, 0x00, 0x00, 0x00, 0x00, 0x00, 0x00, 0x00, 0x00, 0x00, 0x00, 0x00, 0x00,
0x00, 0x00, 0x00, 0x00, 0x00, 0x00, 0x00, 0x00, 0x00, 0x00, 0x00, 0x00, 0x00, 0x00, 0x00, 0x00,
0x00, 0x00, 0x00, 0x00, 0x00, 0x00, 0x00, 0x00, 0x00, 0x00, 0x00, 0x00, 0x00, 0x00, 0x00, 0x00,
0x00, 0x00, 0x00, 0x00, 0x00, 0x00, 0x00, 0x00, 0x00, 0x00, 0x00, 0x00, 0x00, 0x00, 0x00, 0x00,
0x00, 0x00, 0x00, 0x00, 0x00, 0x00, 0x00, 0x00, 0x00, 0x00, 0x00, 0x00, 0x00, 0x00, 0x00, 0x00,
0x00, 0x00, 0x00, 0x00, 0x00, 0x00, 0x00, 0x00, 0x00, 0x00, 0x00, 0x00, 0x00, 0x00, 0x00, 0x00,
0x00, 0x00, 0x00, 0x00, 0x00, 0x00, 0x00, 0x00, 0x00, 0x00, 0x00, 0x00, 0x00, 0x00, 0x00, 0x00,
0x00, 0x00, 0x00, 0x00, 0x00, 0x00, 0x00, 0x00, 0x00, 0x00, 0x00, 0x00, 0x00, 0x00, 0x00, 0x00,
0x00, 0x00, 0x00, 0x00, 0x00, 0x00, 0x00, 0x00, 0x00, 0x00, 0x00, 0x00, 0x00, 0x00, 0x00, 0x00,
0x00, 0x00, 0x00, 0x00, 0x00, 0x00, 0x00, 0x00, 0x00, 0x00, 0x00, 0x00, 0x00, 0x00, 0x00, 0x00,
0x00, 0x00, 0x00, 0x00, 0x00, 0x00, 0x00, 0x00, 0x00, 0x00, 0x00, 0x00, 0x00, 0x00, 0x00, 0x00,
0x00, 0x00, 0x00, 0x00, 0x00, 0x00, 0x00, 0x00, 0x00, 0x00, 0x00, 0x00, 0x00, 0x00, 0x00, 0x00,
0x00, 0x00, 0x00, 0x00, 0x00, 0x00, 0x00, 0x00, 0x00, 0x00, 0x00, 0x00, 0x00, 0x00, 0x00, 0x00,
0x00, 0x00, 0x00, 0x00, 0x00, 0x00, 0x00, 0x00, 0x00, 0x00, 0x00, 0x00, 0x00, 0x00, 0x00, 0x00,
0x00, 0x00, 0x00, 0x00, 0x00, 0x00, 0x00, 0x00, 0x00, 0x00, 0x00, 0x00, 0x00, 0x00, 0x00, 0x00,
0x00, 0x00, 0x00, 0x00, 0x00, 0x00, 0x00, 0x00, 0x00, 0x00, 0x00, 0x00, 0xff, 0xbf, 0x00, 0x04,
0xea, 0xc6, 0x00, 0x31, 0xe7, 0xc1, 0x00, 0x56, 0xe3, 0xbb, 0x00, 0x53, 0xde, 0xb3, 0x00, 0x2f,
0xff, 0xff, 0x00, 0x01, 0x00, 0x00, 0x00, 0x00, 0x00, 0x00, 0x00, 0x00, 0x00, 0x00, 0x00, 0x00,
0x00, 0x00, 0x00, 0x00, 0x00, 0x00, 0x00, 0x00, 0x00, 0x00, 0x00, 0x00, 0x00, 0x00, 0x00, 0x00,
0x00, 0x00, 0x00, 0x00, 0x00, 0x00, 0x00, 0x00, 0x00, 0x00, 0x00, 0x00, 0x00, 0x00, 0x00, 0x00,
0x00, 0x00, 0x00, 0x00, 0x00, 0x00, 0x00, 0x00, 0x00, 0x00, 0x00, 0x00, 0x00, 0x00, 0x00, 0x00,
0x00, 0x00, 0x00, 0x00, 0x00, 0x00, 0x00, 0x00, 0x00, 0x00, 0x00, 0x00, 0x00, 0x00, 0x00, 0x00,
0x00, 0x00, 0x00, 0x00, 0x00, 0x00, 0x00, 0x00, 0x00, 0x00, 0x00, 0x00, 0x00, 0x00, 0x00, 0x00,
0x00, 0x00, 0x00, 0x00, 0x00, 0x00, 0x00, 0x00, 0x00, 0x00, 0x00, 0x00, 0x00, 0x00, 0x00, 0x00,
0x00, 0x00, 0x00, 0x00, 0x00, 0x00, 0x00, 0x00, 0x00, 0x00, 0x00, 0x00, 0x00, 0x00, 0x00, 0x00,
0x00, 0x00, 0x00, 0x00, 0x00, 0x00, 0x00, 0x00, 0x00, 0x00, 0x00, 0x00, 0x00, 0x00, 0x00, 0x00,
0x00, 0x00, 0x00, 0x00, 0x00, 0x00, 0x00, 0x00, 0x00, 0x00, 0x00, 0x00, 0x00, 0x00, 0x00, 0x00,
0x00, 0x00, 0x00, 0x00, 0xff, 0xe3, 0x00, 0x09, 0xf1, 0xd2, 0x00, 0x81, 0xed, 0xca, 0x00, 0xe5,
0xe8, 0xc3, 0x00, 0xff, 0xe4, 0xbc, 0x00, 0xff, 0xdf, 0xb5, 0x00, 0xff, 0xda, 0xae, 0x00, 0xff,
0xd6, 0xa7, 0x00, 0xcd, 0xcf, 0x9f, 0x00, 0x20, 0x00, 0x00, 0x00, 0x00, 0x00, 0x00, 0x00, 0x00,
0x00, 0x00, 0x00, 0x00, 0x00, 0x00, 0x00, 0x00, 0x00, 0x00, 0x00, 0x00, 0x00, 0x00, 0x00, 0x00,
0x00, 0x00, 0x00, 0x00, 0x00, 0x00, 0x00, 0x00, 0x00, 0x00, 0x00, 0x00, 0x00, 0x00, 0x00, 0x00,
0x00, 0x00, 0x00, 0x00, 0x00, 0x00, 0x00, 0x00, 0x00, 0x00, 0x00, 0x00, 0x00, 0x00, 0x00, 0x00,
0x00, 0x00, 0x00, 0x00, 0x00, 0x00, 0x00, 0x00, 0x00, 0x00, 0x00, 0x00, 0x00, 0x00, 0x00, 0x00,
0x00, 0x00, 0x00, 0x00, 0x00, 0x00, 0x00, 0x00, 0x00, 0x00, 0x00, 0x00, 0x00, 0x00, 0x00, 0x00,
0x00, 0x00, 0x00, 0x00, 0x00, 0x00, 0x00, 0x00, 0x00, 0x00, 0x00, 0x00, 0x00, 0x00, 0x00, 0x00,
0x00, 0x00, 0x00, 0x00, 0x00, 0x00, 0x00, 0x00, 0x00, 0x00, 0x00, 0x00, 0x00, 0x00, 0x00, 0x00,
0x00, 0x00, 0x00, 0x00, 0x00, 0x00, 0x00, 0x00, 0x00, 0x00, 0x00, 0x00, 0x00, 0x00, 0x00, 0x00,
0x00, 0x00, 0x00, 0x00, 0x00, 0x00, 0x00, 0x00, 0x00, 0x00, 0x00, 0x00, 0x00, 0x00, 0x00, 0x00,
0xf6, 0xdc, 0x00, 0x1d, 0xf1, 0xd1, 0x00, 0xcf, 0xee, 0xcb, 0x00, 0xff, 0xe9, 0xc4, 0x00, 0xff,
0xe4, 0xbd, 0x00, 0xff, 0xe0, 0xb6, 0x00, 0xff, 0xdb, 0xaf, 0x00, 0xff, 0xd7, 0xa8, 0x00, 0xff,
0xd2, 0xa1, 0x00, 0xff, 0xcd, 0x9a, 0x00, 0xc7, 0x00, 0x00, 0x00, 0x00, 0x00, 0x00, 0x00, 0x00,
0x00, 0x00, 0x00, 0x00, 0x00, 0x00, 0x00, 0x00, 0x00, 0x00, 0x00, 0x00, 0x00, 0x00, 0x00, 0x00,
0x00, 0x00, 0x00, 0x00, 0x00, 0x00, 0x00, 0x00, 0x00, 0x00, 0x00, 0x00, 0x00, 0x00, 0x00, 0x00,
0x00, 0x00, 0x00, 0x00, 0x00, 0x00, 0x00, 0x00, 0x00, 0x00, 0x00, 0x00, 0x00, 0x00, 0x00, 0x00,
0x00, 0x00, 0x00, 0x00, 0x00, 0x00, 0x00, 0x00, 0x00, 0x00, 0x00, 0x00, 0x00, 0x00, 0x00, 0x00,
0x00, 0x00, 0x00, 0x00, 0x00, 0x00, 0x00, 0x00, 0x00, 0x00, 0x00, 0x00, 0x00, 0x00, 0x00, 0x00,
0x00, 0x00, 0x00, 0x00, 0x00, 0x00, 0x00, 0x00, 0x00, 0x00, 0x00, 0x00, 0x00, 0x00, 0x00, 0x00,
0x00, 0x00, 0x00, 0x00, 0x00, 0x00, 0x00, 0x00, 0x00, 0x00, 0x00, 0x00, 0x00, 0x00, 0x00, 0x00,
0x00, 0x00, 0x00, 0x00, 0x00, 0x00, 0x00, 0x00, 0x00, 0x00, 0x00, 0x00, 0x00, 0x00, 0x00, 0x00,
0x00, 0x00, 0x00, 0x00, 0x00, 0x00, 0x00, 0x00, 0x00, 0x00, 0x00, 0x00, 0x00, 0x00, 0x00, 0x00,
0xf3, 0xd3, 0x00, 0xc1, 0xee, 0xcc, 0x00, 0xff, 0xea, 0xc5, 0x00, 0xff, 0xe5, 0xbe, 0x00, 0xff,
0xe1, 0xb7, 0x00, 0xff, 0xdc, 0xb0, 0x00, 0xff, 0xd7, 0xa9, 0x00, 0xff, 0xd3, 0xa2, 0x00, 0xff,
0xce, 0x9b, 0x00, 0xff, 0xca, 0x94, 0x00, 0xff, 0xc1, 0x8d, 0x00, 0x1d, 0x00, 0x00, 0x00, 0x00,
0x00, 0x00, 0x00, 0x00, 0x00, 0x00, 0x00, 0x00, 0x00, 0x00, 0x00, 0x00, 0x00, 0x00, 0x00, 0x00,
0x00, 0x00, 0x00, 0x00, 0x00, 0x00, 0x00, 0x00, 0x00, 0x00, 0x00, 0x00, 0x00, 0x00, 0x00, 0x00,
0x00, 0x00, 0x00, 0x00, 0x00, 0x00, 0x00, 0x00, 0x00, 0x00, 0x00, 0x00, 0x00, 0x00, 0x00, 0x00,
0x00, 0x00, 0x00, 0x00, 0x00, 0x00, 0x00, 0x00, 0x00, 0x00, 0x00, 0x00, 0x00, 0x00, 0x00, 0x00,
0x00, 0x00, 0x00, 0x00, 0x00, 0x00, 0x00, 0x00, 0x00, 0x00, 0x00, 0x00, 0x00, 0x00, 0x00, 0x00,
0x00, 0x00, 0x00, 0x00, 0x00, 0x00, 0x00, 0x00, 0x00, 0x00, 0x00, 0x00, 0x00, 0x00, 0x00, 0x00,
0x00, 0x00, 0x00, 0x00, 0x00, 0x00, 0x00, 0x00, 0x00, 0x00, 0x00, 0x00, 0x00, 0x00, 0x00, 0x00,
0x00, 0x00, 0x00, 0x00, 0x00, 0x00, 0x00, 0x00, 0x00, 0x00, 0x00, 0x00, 0x00, 0x00, 0x00, 0x00,
0x00, 0x00, 0x00, 0x00, 0x00, 0x00, 0x00, 0x00, 0x00, 0x00, 0x00, 0x00, 0xf6, 0xd3, 0x00, 0x1d,
0xef, 0xcd, 0x00, 0xff, 0xeb, 0xc6, 0x00, 0xff, 0xe6, 0xbf, 0x00, 0xff, 0xe1, 0xb8, 0x00, 0xff,
0xdd, 0xb1, 0x00, 0xff, 0xd8, 0xab, 0x00, 0xff, 0xd4, 0xa4, 0x00, 0xff, 0xcf, 0x9d, 0x00, 0xff,
0xca, 0x96, 0x00, 0xff, 0xc6, 0x8f, 0x00, 0xff, 0xc4, 0x89, 0x00, 0x1a, 0x00, 0x00, 0x00, 0x00,
0x00, 0x00, 0x00, 0x00, 0x00, 0x00, 0x00, 0x00, 0x00, 0x00, 0x00, 0x00, 0x00, 0x00, 0x00, 0x00,
0x00, 0x00, 0x00, 0x00, 0x00, 0x00, 0x00, 0x00, 0x00, 0x00, 0x00, 0x00, 0x00, 0x00, 0x00, 0x00,
0x00, 0x00, 0x00, 0x00, 0x00, 0x00, 0x00, 0x00, 0x00, 0x00, 0x00, 0x00, 0x00, 0x00, 0x00, 0x00,
0x00, 0x00, 0x00, 0x00, 0x00, 0x00, 0x00, 0x00, 0x00, 0x00, 0x00, 0x00, 0x00, 0x00, 0x00, 0x00,
0x00, 0x00, 0x00, 0x00, 0x00, 0x00, 0x00, 0x00, 0x00, 0x00, 0x00, 0x00, 0x00, 0x00, 0x00, 0x00,
0x00, 0x00, 0x00, 0x00, 0x00, 0x00, 0x00, 0x00, 0x00, 0x00, 0x00, 0x00, 0x00, 0x00, 0x00, 0x00,
0x00, 0x00, 0x00, 0x00, 0x00, 0x00, 0x00, 0x00, 0x00, 0x00, 0x00, 0x00, 0x00, 0x00, 0x00, 0x00,
0x00, 0x00, 0x00, 0x00, 0x00, 0x00, 0x00, 0x00, 0x00, 0x00, 0x00, 0x00, 0x00, 0x00, 0x00, 0x00,
0x00, 0x00, 0x00, 0x00, 0x00, 0x00, 0x00, 0x00, 0x00, 0x00, 0x00, 0x00, 0xed, 0xd3, 0x00, 0x1d,
0xeb, 0xc8, 0x00, 0xff, 0xe7, 0xc1, 0x00, 0xff, 0xe2, 0xba, 0x00, 0xff, 0xde, 0xb3, 0x00, 0xff,
0xd9, 0xac, 0x00, 0xff, 0xd4, 0xa5, 0x00, 0xff, 0xd0, 0x9e, 0x00, 0xff, 0xcb, 0x97, 0x00, 0xff,
0xc7, 0x90, 0x00, 0xff, 0xc2, 0x88, 0x00, 0xbb, 0x00, 0x00, 0x00, 0x00, 0x00, 0x00, 0x00, 0x00,
0x00, 0x00, 0x00, 0x00, 0x00, 0x00, 0x00, 0x00, 0x00, 0x00, 0x00, 0x00, 0x00, 0x00, 0x00, 0x00,
0x00, 0x00, 0x00, 0x00, 0x00, 0x00, 0x00, 0x00, 0x00, 0x00, 0x00, 0x00, 0x00, 0x00, 0x00, 0x00,
0x00, 0x00, 0x00, 0x00, 0x00, 0x00, 0x00, 0x00, 0x00, 0x00, 0x00, 0x00, 0x00, 0x00, 0x00, 0x00,
0x00, 0x00, 0x00, 0x00, 0x00, 0x00, 0x00, 0x00, 0x00, 0x00, 0x00, 0x00, 0x00, 0x00, 0x00, 0x00,
0x00, 0x00, 0x00, 0x00, 0x00, 0x00, 0x00, 0x00, 0x00, 0x00, 0x00, 0x00, 0x00, 0x00, 0x00, 0x00,
0x00, 0x00, 0x00, 0x00, 0xff, 0xbf, 0x00, 0x04, 0xea, 0xc6, 0x00, 0x31, 0xe7, 0xc1, 0x00, 0x56,
0xe3, 0xbb, 0x00, 0x53, 0xde, 0xb3, 0x00, 0x2f, 0xff, 0xff, 0x00, 0x01, 0x00, 0x00, 0x00, 0x00,
0x00, 0x00, 0x00, 0x00, 0x00, 0x00, 0x00, 0x00, 0x00, 0x00, 0x00, 0x00, 0x00, 0x00, 0x00, 0x00,
0x00, 0x00, 0x00, 0x00, 0x00, 0x00, 0x00, 0x00, 0x00, 0x00, 0x00, 0x00, 0x00, 0x00, 0x00, 0x00,
0xe8, 0xc2, 0x00, 0xc8, 0xe3, 0xbb, 0x00, 0xff, 0xde, 0xb4, 0x00, 0xff, 0xda, 0xad, 0x00, 0xff,
0xd5, 0xa6, 0x00, 0xff, 0xd1, 0x9f, 0x00, 0xff, 0xcc, 0x98, 0x00, 0xff, 0xc7, 0x91, 0x00, 0xff,
0xc3, 0x8a, 0x00, 0xcb, 0xba, 0x80, 0x00, 0x1a, 0x00, 0x00, 0x00, 0x00, 0x00, 0x00, 0x00, 0x00,
0x00, 0x00, 0x00, 0x00, 0x00, 0x00, 0x00, 0x00, 0x00, 0x00, 0x00, 0x00, 0x00, 0x00, 0x00, 0x00,
0x00, 0x00, 0x00, 0x00, 0x00, 0x00, 0x00, 0x00, 0x00, 0x00, 0x00, 0x00, 0x00, 0x00, 0x00, 0x00,
0x00, 0x00, 0x00, 0x00, 0x00, 0x00, 0x00, 0x00, 0x00, 0x00, 0x00, 0x00, 0x00, 0x00, 0x00, 0x00,
0x00, 0x00, 0x00, 0x00, 0x00, 0x00, 0x00, 0x00, 0x00, 0x00, 0x00, 0x00, 0x00, 0x00, 0x00, 0x00,
0x00, 0x00, 0x00, 0x00, 0x00, 0x00, 0x00, 0x00, 0x00, 0x00, 0x00, 0x00, 0xff, 0xe3, 0x00, 0x09,
0xf1, 0xd2, 0x00, 0x81, 0xed, 0xca, 0x00, 0xe5, 0xe8, 0xc3, 0x00, 0xff, 0xe4, 0xbc, 0x00, 0xff,
0xdf, 0xb5, 0x00, 0xff, 0xda, 0xae, 0x00, 0xff, 0xd6, 0xa7, 0x00, 0xcd, 0xcf, 0x9f, 0x00, 0x20,
0x00, 0x00, 0x00, 0x00, 0x00, 0x00, 0x00, 0x00, 0x00, 0x00, 0x00, 0x00, 0x00, 0x00, 0x00, 0x00,
0x00, 0x00, 0x00, 0x00, 0x00, 0x00, 0x00, 0x00, 0x00, 0x00, 0x00, 0x00, 0x00, 0x00, 0x00, 0x00,
0xe8, 0xb9, 0x00, 0x21, 0xdf, 0xb5, 0x00, 0xcc, 0xdb, 0xae, 0x00, 0xff, 0xd6, 0xa7, 0x00, 0xff,
0xd1, 0xa0, 0x00, 0xff, 0xcd, 0x99, 0x00, 0xff, 0xc8, 0x92, 0x00, 0xe3, 0xc3, 0x8c, 0x00, 0x7c,
0xb6, 0x92, 0x00, 0x07, 0x00, 0x00, 0x00, 0x00, 0x00, 0x00, 0x00, 0x00, 0x00, 0x00, 0x00, 0x00,
0x00, 0x00, 0x00, 0x00, 0x00, 0x00, 0x00, 0x00, 0x00, 0x00, 0x00, 0x00, 0x00, 0x00, 0x00, 0x00,
0x00, 0x00, 0x00, 0x00, 0x00, 0x00, 0x00, 0x00, 0x00, 0x00, 0x00, 0x00, 0x00, 0x00, 0x00, 0x00,
0x00, 0x00, 0x00, 0x00, 0x00, 0x00, 0x00, 0x00, 0x00, 0x00, 0x00, 0x00, 0x00, 0x00, 0x00, 0x00,
0x00, 0x00, 0x00, 0x00, 0x00, 0x00, 0x00, 0x00, 0x00, 0x00, 0x00, 0x00, 0x00, 0x00, 0x00, 0x00,
0x00, 0x00, 0x00, 0x00, 0x00, 0x00, 0x00, 0x00, 0xf6, 0xdc, 0x00, 0x1d, 0xf1, 0xd1, 0x00, 0xcf,
0xee, 0xcb, 0x00, 0xff, 0xe9, 0xc4, 0x00, 0xff, 0xe4, 0xbd, 0x00, 0xff, 0xe0, 0xb6, 0x00, 0xff,
0xdb, 0xaf, 0x00, 0xff, 0xd7, 0xa8, 0x00, 0xff, 0xd2, 0xa1, 0x00, 0xff, 0xcd, 0x9a, 0x00, 0xc7,
0x00, 0x00, 0x00, 0x00, 0x00, 0x00, 0x00, 0x00, 0x00, 0x00, 0x00, 0x00, 0x00, 0x00, 0x00, 0x00,
0x00, 0x00, 0x00, 0x00, 0x00, 0x00, 0x00, 0x00, 0x00, 0x00, 0x00, 0x00, 0x00, 0x00, 0x00, 0x00,
0x00, 0x00, 0x00, 0x00, 0x00, 0x00, 0x00, 0x00, 0xd7, 0xaa, 0x00, 0x2d, 0xd3, 0xa1, 0x00, 0x51,
0xce, 0x9a, 0x00, 0x53, 0xca, 0x95, 0x00, 0x30, 0xaa, 0xaa, 0x00, 0x03, 0x00, 0x00, 0x00, 0x00,
0x00, 0x00, 0x00, 0x00, 0x00, 0x00, 0x00, 0x00, 0x00, 0x00, 0x00, 0x00, 0x00, 0x00, 0x00, 0x00,
0x00, 0x00, 0x00, 0x00, 0x00, 0x00, 0x00, 0x00, 0x00, 0x00, 0x00, 0x00, 0x00, 0x00, 0x00, 0x00,
0x00, 0x00, 0x00, 0x00, 0x00, 0x00, 0x00, 0x00, 0x00, 0x00, 0x00, 0x00, 0x00, 0x00, 0x00, 0x00,
0x00, 0x00, 0x00, 0x00, 0x00, 0x00, 0x00, 0x00, 0x00, 0x00, 0x00, 0x00, 0x00, 0x00, 0x00, 0x00,
0x00, 0x00, 0x00, 0x00, 0x00, 0x00, 0x00, 0x00, 0x00, 0x00, 0x00, 0x00, 0x00, 0x00, 0x00, 0x00,
0x00, 0x00, 0x00, 0x00, 0x00, 0x00, 0x00, 0x00, 0xf3, 0xd3, 0x00, 0xc1, 0xee, 0xcc, 0x00, 0xff,
0xea, 0xc5, 0x00, 0xff, 0xe5, 0xbe, 0x00, 0xff, 0xe1, 0xb7, 0x00, 0xff, 0xdc, 0xb0, 0x00, 0xff,
0xd7, 0xa9, 0x00, 0xff, 0xd3, 0xa2, 0x00, 0xff, 0xce, 0x9b, 0x00, 0xff, 0xca, 0x94, 0x00, 0xff,
0xc1, 0x8d, 0x00, 0x1d, 0x00, 0x00, 0x00, 0x00, 0x00, 0x00, 0x00, 0x00, 0x00, 0x00, 0x00, 0x00,
0x00, 0x00, 0x00, 0x00, 0x00, 0x00, 0x00, 0x00, 0x00, 0x00, 0x00, 0x00, 0x00, 0x00, 0x00, 0x00,
0x00, 0x00, 0x00, 0x00, 0x00, 0x00, 0x00, 0x00, 0x00, 0x00, 0x00, 0x00, 0x00, 0x00, 0x00, 0x00,
0x00, 0x00, 0x00, 0x00, 0x00, 0x00, 0x00, 0x00, 0x00, 0x00, 0x00, 0x00, 0x00, 0x00, 0x00, 0x00,
0x00, 0x00, 0x00, 0x00, 0x00, 0x00, 0x00, 0x00, 0x00, 0x00, 0x00, 0x00, 0x00, 0x00, 0x00, 0x00,
0x00, 0x00, 0x00, 0x00, 0x00, 0x00, 0x00, 0x00, 0x00, 0x00, 0x00, 0x00, 0x00, 0x00, 0x00, 0x00,
0x00, 0x00, 0x00, 0x00, 0x00, 0x00, 0x00, 0x00, 0x00, 0x00, 0x00, 0x00, 0x00, 0x00, 0x00, 0x00,
0x00, 0x00, 0x00, 0x00, 0x00, 0x00, 0x00, 0x00, 0x00, 0x00, 0x00, 0x00, 0x00, 0x00, 0x00, 0x00,
0x00, 0x00, 0x00, 0x00, 0x00, 0x00, 0x00, 0x00, 0x00, 0x00, 0x00, 0x00, 0x00, 0x00, 0x00, 0x00,
0x00, 0x00, 0x00, 0x00, 0xf6, 0xd3, 0x00, 0x1d, 0xef, 0xcd, 0x00, 0xff, 0xeb, 0xc6, 0x00, 0xff,
0xe6, 0xbf, 0x00, 0xff, 0xe1, 0xb8, 0x00, 0xff, 0xdd, 0xb1, 0x00, 0xff, 0xd8, 0xab, 0x00, 0xff,
0xd4, 0xa4, 0x00, 0xff, 0xcf, 0x9d, 0x00, 0xff, 0xca, 0x96, 0x00, 0xff, 0xc6, 0x8f, 0x00, 0xff,
0xc4, 0x89, 0x00, 0x1a, 0x00, 0x00, 0x00, 0x00, 0x00, 0x00, 0x00, 0x00, 0x00, 0x00, 0x00, 0x00,
0x00, 0x00, 0x00, 0x00, 0x00, 0x00, 0x00, 0x00, 0x00, 0x00, 0x00, 0x00, 0x00, 0x00, 0x00, 0x00,
0x00, 0x00, 0x00, 0x00, 0x00, 0x00, 0x00, 0x00, 0x00, 0x00, 0x00, 0x00, 0x00, 0x00, 0x00, 0x00,
0x00, 0x00, 0x00, 0x00, 0x00, 0x00, 0x00, 0x00, 0x00, 0x00, 0x00, 0x00, 0x00, 0x00, 0x00, 0x00,
0x00, 0x00, 0x00, 0x00, 0x00, 0x00, 0x00, 0x00, 0x00, 0x00, 0x00, 0x00, 0x00, 0x00, 0x00, 0x00,
0x00, 0x00, 0x00, 0x00, 0x00, 0x00, 0x00, 0x00, 0x00, 0x00, 0x00, 0x00, 0x00, 0x00, 0x00, 0x00,
0x00, 0x00, 0x00, 0x00, 0x00, 0x00, 0x00, 0x00, 0x00, 0x00, 0x00, 0x00, 0x00, 0x00, 0x00, 0x00,
0x00, 0x00, 0x00, 0x00, 0x00, 0x00, 0x00, 0x00, 0x00, 0x00, 0x00, 0x00, 0x00, 0x00, 0x00, 0x00,
0x00, 0x00, 0x00, 0x00, 0x00, 0x00, 0x00, 0x00, 0x00, 0x00, 0x00, 0x00, 0x00, 0x00, 0x00, 0x00,
0x00, 0x00, 0x00, 0x00, 0xed, 0xd3, 0x00, 0x1d, 0xeb, 0xc8, 0x00, 0xff, 0xe7, 0xc1, 0x00, 0xff,
0xe2, 0xba, 0x00, 0xff, 0xde, 0xb3, 0x00, 0xff, 0xd9, 0xac, 0x00, 0xff, 0xd4, 0xa5, 0x00, 0xff,
0xd0, 0x9e, 0x00, 0xff, 0xcb, 0x97, 0x00, 0xff, 0xc7, 0x90, 0x00, 0xff, 0xc2, 0x88, 0x00, 0xbb,
0x00, 0x00, 0x00, 0x00, 0x00, 0x00, 0x00, 0x00, 0x00, 0x00, 0x00, 0x00, 0x00, 0x00, 0x00, 0x00,
0x00, 0x00, 0x00, 0x00, 0x00, 0x00, 0x00, 0x00, 0x00, 0x00, 0x00, 0x00, 0x00, 0x00, 0x00, 0x00,
0x00, 0x00, 0x00, 0x00, 0x00, 0x00, 0x00, 0x00, 0x00, 0x00, 0x00, 0x00, 0x00, 0x00, 0x00, 0x00,
0x00, 0x00, 0x00, 0x00, 0x00, 0x00, 0x00, 0x00, 0x00, 0x00, 0x00, 0x00, 0x00, 0x00, 0x00, 0x00,
0x00, 0x00, 0x00, 0x00, 0x00, 0x00, 0x00, 0x00, 0x00, 0x00, 0x00, 0x00, 0x00, 0x00, 0x00, 0x00,
0x00, 0x00, 0x00, 0x00, 0x00, 0x00, 0x00, 0x00, 0x00, 0x00, 0x00, 0x00, 0x00, 0x00, 0x00, 0x00,
0x00, 0x00, 0x00, 0x00, 0x00, 0x00, 0x00, 0x00, 0x00, 0x00, 0x00, 0x00, 0x00, 0x00, 0x00, 0x00,
0x00, 0x00, 0x00, 0x00, 0x00, 0x00, 0x00, 0x00, 0x00, 0x00, 0x00, 0x00, 0x00, 0x00, 0x00, 0x00,
0x00, 0x00, 0x00, 0x00, 0x00, 0x00, 0x00, 0x00, 0x00, 0x00, 0x00, 0x00, 0x00, 0x00, 0x00, 0x00,
0x00, 0x00, 0x00, 0x00, 0x00, 0x00, 0x00, 0x00, 0xe8, 0xc2, 0x00, 0xc8, 0xe3, 0xbb, 0x00, 0xff,
0xde, 0xb4, 0x00, 0xff, 0xda, 0xad, 0x00, 0xff, 0xd5, 0xa6, 0x00, 0xff, 0xd1, 0x9f, 0x00, 0xff,
0xcc, 0x98, 0x00, 0xff, 0xc7, 0x91, 0x00, 0xff, 0xc3, 0x8a, 0x00, 0xcb, 0xba, 0x80, 0x00, 0x1a,
0x00, 0x00, 0x00, 0x00, 0x00, 0x00, 0x00, 0x00, 0x00, 0x00, 0x00, 0x00, 0x00, 0x00, 0x00, 0x00,
0x00, 0x00, 0x00, 0x00, 0x00, 0x00, 0x00, 0x00, 0x00, 0x00, 0x00, 0x00, 0x00, 0x00, 0x00, 0x00,
0x00, 0x00, 0x00, 0x00, 0x00, 0x00, 0x00, 0x00, 0x00, 0x00, 0x00, 0x00, 0x00, 0x00, 0x00, 0x00,
0x00, 0x00, 0x00, 0x00, 0x00, 0x00, 0x00, 0x00, 0x00, 0x00, 0x00, 0x00, 0x00, 0x00, 0x00, 0x00,
0x00, 0x00, 0x00, 0x00, 0x00, 0x00, 0x00, 0x00, 0x00, 0x00, 0x00, 0x00, 0x00, 0x00, 0x00, 0x00,
0x00, 0x00, 0x00, 0x00, 0x00, 0x00, 0x00, 0x00, 0x00, 0x00, 0x00, 0x00, 0x00, 0x00, 0x00, 0x00,
0x00, 0x00, 0x00, 0x00, 0x00, 0x00, 0x00, 0x00, 0x00, 0x00, 0x00, 0x00, 0x00, 0x00, 0x00, 0x00,
0x00, 0x00, 0x00, 0x00, 0x00, 0x00, 0x00, 0x00, 0x00, 0x00, 0x00, 0x00, 0x00, 0x00, 0x00, 0x00,
0x00, 0x00, 0x00, 0x00, 0x00, 0x00, 0x00, 0x00, 0x00, 0x00, 0x00, 0x00, 0x00, 0x00, 0x00, 0x00,
0x00, 0x00, 0x00, 0x00, 0x00, 0x00, 0x00, 0x00, 0xe8, 0xb9, 0x00, 0x21, 0xdf, 0xb5, 0x00, 0xcc,
0xdb, 0xae, 0x00, 0xff, 0xd6, 0xa7, 0x00, 0xff, 0xd1, 0xa0, 0x00, 0xff, 0xcd, 0x99, 0x00, 0xff,
0xc8, 0x92, 0x00, 0xe3, 0xc3, 0x8c, 0x00, 0x7c, 0xb6, 0x92, 0x00, 0x07, 0x00, 0x00, 0x00, 0x00,
0x00, 0x00, 0x00, 0x00, 0x00, 0x00, 0x00, 0x00, 0x00, 0x00, 0x00, 0x00, 0x00, 0x00, 0x00, 0x00,
0x00, 0x00, 0x00, 0x00, 0x00, 0x00, 0x00, 0x00, 0x00, 0x00, 0x00, 0x00, 0x00, 0x00, 0x00, 0x00,
0x00, 0x00, 0x00, 0x00, 0x00, 0x00, 0x00, 0x00, 0x00, 0x00, 0x00, 0x00, 0x00, 0x00, 0x00, 0x00,
0x00, 0x00, 0x00, 0x00, 0x00, 0x00, 0x00, 0x00, 0x00, 0x00, 0x00, 0x00, 0x00, 0x00, 0x00, 0x00,
0x00, 0x00, 0x00, 0x00, 0x00, 0x00, 0x00, 0x00, 0x00, 0x00, 0x00, 0x00, 0x00, 0x00, 0x00, 0x00,
0x00, 0x00, 0x00, 0x00, 0x00, 0x00, 0x00, 0x00, 0x00, 0x00, 0x00, 0x00, 0x00, 0x00, 0x00, 0x00,
0x00, 0x00, 0x00, 0x00, 0x00, 0x00, 0x00, 0x00, 0x00, 0x00, 0x00, 0x00, 0x00, 0x00, 0x00, 0x00,
0x00, 0x00, 0x00, 0x00, 0x00, 0x00, 0x00, 0x00, 0x00, 0x00, 0x00, 0x00, 0x00, 0x00, 0x00, 0x00,
0x00, 0x00, 0x00, 0x00, 0x00, 0x00, 0x00, 0x00, 0x00, 0x00, 0x00, 0x00, 0x00, 0x00, 0x00, 0x00,
0x00, 0x00, 0x00, 0x00, 0x00, 0x00, 0x00, 0x00, 0x00, 0x00, 0x00, 0x00, 0x00, 0x00, 0x00, 0x00,
0xd7, 0xaa, 0x00, 0x2d, 0xd3, 0xa1, 0x00, 0x51, 0xce, 0x9a, 0x00, 0x53, 0xca, 0x95, 0x00, 0x30,
0xaa, 0xaa, 0x00, 0x03, 0x00, 0x00, 0x00, 0x00, 0x00, 0x00, 0x00, 0x00, 0x00, 0x00, 0x00, 0x00,
0x00, 0x00, 0x00, 0x00, 0x00, 0x00, 0x00, 0x00, 0x00, 0x00, 0x00, 0x00, 0x00, 0x00, 0x00, 0x00,
0x00, 0x00, 0x00, 0x00, 0x00, 0x00, 0x00, 0x00, 0x00, 0x00, 0x00, 0x00, 0x00, 0x00, 0x00, 0x00,
0x00, 0x00, 0x00, 0x00, 0x00, 0x00, 0x00, 0x00, 0x00, 0x00, 0x00, 0x00, 0x00, 0x00, 0x00, 0x00,
0x00, 0x00, 0x00, 0x00, 0x00, 0x00, 0x00, 0x00, 0x00, 0x00, 0x00, 0x00, 0x00, 0x00, 0x00, 0x00,
0x00, 0x00, 0x00, 0x00, 0x00, 0x00, 0x00, 0x00, 0x00, 0x00, 0x00, 0x00, 0x00, 0x00, 0x00, 0x00,
0x00, 0x00, 0x00, 0x00, 0x00, 0x00, 0x00, 0x00, 0x00, 0x00, 0x00, 0x00, 0x00, 0x00, 0x00, 0x00,
0x00, 0x00, 0x00, 0x00, 0x00, 0x00, 0x00, 0x00, 0x00, 0x00, 0x00, 0x00, 0x00, 0x00, 0x00, 0x00,
0x00, 0x00, 0x00, 0x00, 0x00, 0x00, 0x00, 0x00, 0x00, 0x00, 0x00, 0x00, 0x00, 0x00, 0x00, 0x00,
0x00, 0x00, 0x00, 0x00, 0x00, 0x00, 0x00, 0x00, 0x00, 0x00, 0x00, 0x00, 0x00, 0x00, 0x00, 0x00,
0x00, 0x00, 0x00, 0x00, 0x00, 0x00, 0x00, 0x00, 0x00, 0x00, 0x00, 0x00, 0x00, 0x00, 0x00, 0x00,
0x00, 0x00, 0x00, 0x00, 0x00, 0x00, 0x00, 0x00, 0x00, 0x00, 0x00, 0x00, 0x00, 0x00, 0x00, 0x00,
0x00, 0x00, 0x00, 0x00, 0x00, 0x00, 0x00, 0x00, 0x00, 0x00, 0x00, 0x00, 0x00, 0x00, 0x00, 0x00,
0x00, 0x00, 0x00, 0x00, 0x00, 0x00, 0x00, 0x00, 0x00, 0x00, 0x00, 0x00, 0x00, 0x00, 0x00, 0x00,
0x00, 0x00, 0x00, 0x00, 0x00, 0x00, 0x00, 0x00, 0x00, 0x00, 0x00, 0x00, 0x00, 0x00, 0x00, 0x00,
0x00, 0x00, 0x00, 0x00, 0x00, 0x00, 0x00, 0x00, 0x00, 0x00, 0x00, 0x00, 0x00, 0x00, 0x00, 0x00,
0x00, 0x00, 0x00, 0x00, 0x00, 0x00, 0x00, 0x00, 0x00, 0x00, 0x00, 0x00, 0x00, 0x00, 0x00, 0x00,
0x00, 0x00, 0x00, 0x00, 0x00, 0x00, 0x00, 0x00, 0x00, 0x00, 0x00, 0x00, 0x00, 0x00, 0x00, 0x00,
0x00, 0x00, 0x00, 0x00, 0x00, 0x00, 0x00, 0x00, 0x00, 0x00, 0x00, 0x00, 0x00, 0x00, 0x00, 0x00,
0x00, 0x00, 0x00, 0x00, 0x00, 0x00, 0x00, 0x00, 0x00, 0x00, 0x00, 0x00, 0x00, 0x00, 0x00, 0x00,
0x00, 0x00, 0x00, 0x00, 0x00, 0x00, 0x00, 0x00, 0x00, 0x00, 0x00, 0x00, 0x00, 0x00, 0x00, 0x00,
0x00, 0x00, 0x00, 0x00, 0x00, 0x00, 0x00, 0x00, 0x00, 0x00, 0x00, 0x00, 0x00, 0x00, 0x00, 0x00,
0x00, 0x00, 0x00, 0x00, 0x00, 0x00, 0x00, 0x00, 0x00, 0x00, 0x00, 0x00, 0x00, 0x00, 0x00, 0x00,
0x00, 0x00, 0x00, 0x00, 0x00, 0x00, 0x00, 0x00, 0x00, 0x00, 0x00, 0x00, 0x00, 0x00, 0x00, 0x00,
0x00, 0x00, 0x00, 0x00, 0x00, 0x00, 0x00, 0x00, 0x00, 0x00, 0x00, 0x00, 0x00, 0x00, 0x00, 0x00,
0x00, 0x00, 0x00, 0x00, 0x00, 0x00, 0x00, 0x00, 0x00, 0x00, 0x00, 0x00, 0x00, 0x00, 0x00, 0x00,
0x00, 0x00, 0x00, 0x00, 0x00, 0x00, 0x00, 0x00, 0x00, 0x00, 0x00, 0x00, 0x00, 0x00, 0x00, 0x00,
0x00, 0x00, 0x00, 0x00, 0x00, 0x00, 0x00, 0x00, 0x00, 0x00, 0x00, 0x00, 0x00, 0x00, 0x00, 0x00,
0x00, 0x00, 0x00, 0x00, 0x00, 0x00, 0x00, 0x00, 0x00, 0x00, 0x00, 0x00, 0x00, 0x00, 0x00, 0x00,
0x00, 0x00, 0x00, 0x00, 0x00, 0x00, 0x00, 0x00, 0x00, 0x00, 0x00, 0x00, 0x00, 0x00, 0x00, 0x00,
0x00, 0x00, 0x00, 0x00, 0x00, 0x00, 0x00, 0x00, 0x00, 0x00, 0x00, 0x00, 0x00, 0x00, 0x00, 0x00,
0x00, 0x00, 0x00, 0x00, 0x00, 0x00, 0x00, 0x00, 0x00, 0x00, 0x00, 0x00, 0x00, 0x00, 0x00, 0x00,
0x00, 0x00, 0x00, 0x00, 0x00, 0x00, 0x00, 0x00, 0x00, 0x00, 0x00, 0x00, 0x00, 0x00, 0x00, 0x00,
0x00, 0x00, 0x00, 0x00, 0x00, 0x00, 0x00, 0x00, 0x00, 0x00, 0x00, 0x00, 0x00, 0x00, 0x00, 0x00,
0x00, 0x00, 0x00, 0x00, 0x00, 0x00, 0x00, 0x00, 0x00, 0x00, 0x00, 0x00, 0x00, 0x00, 0x00, 0x00,
0x00, 0x00, 0x00, 0x00, 0x00, 0x00, 0x00, 0x00, 0x00, 0x00, 0x00, 0x00, 0x00, 0x00, 0x00, 0x00,
0x00, 0x00, 0x00, 0x00, 0x00, 0x00, 0x00, 0x00, 0x00, 0x00, 0x00, 0x00, 0x00, 0x00, 0x00, 0x00,
0x00, 0x00, 0x00, 0x00, 0x00, 0x00, 0x00, 0x00, 0x00, 0x00, 0x00, 0x00, 0x00, 0x00, 0x00, 0x00,
0x00, 0x00, 0x00, 0x00, 0x00, 0x00, 0x00, 0x00, 0x00, 0x00, 0x00, 0x00, 0x00, 0x00, 0x00, 0x00,
0x00, 0x00, 0x00, 0x00, 0x00, 0x00, 0x00, 0x00, 0x00, 0x00, 0x00, 0x00, 0x00, 0x00, 0x00, 0x00,
0x00, 0x00, 0x00, 0x00, 0x00, 0x00, 0x00, 0x00, 0x00, 0x00, 0x00, 0x00, 0x00, 0x00, 0x00, 0x00,
0x00, 0x00, 0x00, 0x00, 0x00, 0x00, 0x00, 0x00, 0x00, 0x00, 0x00, 0x00, 0x00, 0x00, 0x00, 0x00,
0x00, 0x00, 0x00, 0x00, 0x00, 0x00, 0x00, 0x00, 0x00, 0x00, 0x00, 0x00, 0x00, 0x00, 0x00, 0x00,
0x00, 0x00, 0x00, 0x00, 0x00, 0x00, 0x00, 0x00, 0x00, 0x00, 0x00, 0x00, 0x00, 0x00, 0x00, 0x00,
0x00, 0x00, 0x00, 0x00, 0x00, 0x00, 0x00, 0x00, 0x00, 0x00, 0x00, 0x00, 0x00, 0x00, 0x00, 0x00,
0x00, 0x00, 0x00, 0x00, 0x00, 0x00, 0x00, 0x00, 0x00, 0x00, 0x00, 0x00, 0x00, 0x00, 0x00, 0x00,
0x00, 0x00, 0x00, 0x00, 0x00, 0x00, 0x00, 0x00, 0x00, 0x00, 0x00, 0x00, 0x00, 0x00, 0x00, 0x00,
0x00, 0x00, 0x00, 0x00, 0x00, 0x00, 0x00, 0x00, 0x00, 0x00, 0x00, 0x00, 0x00, 0x00, 0x00, 0x00,
0x00, 0x00, 0x00, 0x00, 0x00, 0x00, 0x00, 0x00, 0x00, 0x00, 0x00, 0x00, 0x00, 0x00, 0x00, 0x00,
0x00, 0x00, 0x00, 0x00, 0x00, 0x00, 0x00, 0x00, 0x00, 0x00, 0x00, 0x00, 0x00, 0x00, 0x00, 0x00,
0x00, 0x00, 0x00, 0x00, 0x00, 0x00, 0x00, 0x00, 0x00, 0x00, 0x00, 0x00, 0x00, 0x00, 0x00, 0x00,
0x00, 0x00, 0x00, 0x00, 0x00, 0x00, 0x00, 0x00, 0x00, 0x00, 0x00, 0x00, 0x00, 0x00, 0x00, 0x00,
0x00, 0x00, 0x00, 0x00, 0x00, 0x00, 0x00, 0x00, 0x00, 0x00, 0x00, 0x00, 0x00, 0x00, 0x00, 0x00,
0x00, 0x00, 0x00, 0x00, 0x00, 0x00, 0x00, 0x00, 0x00, 0x00, 0x00, 0x00, 0x00, 0x00, 0x00, 0x00,
0x00, 0x00, 0x00, 0x00, 0x00, 0x00, 0x00, 0x00, 0x00, 0x00, 0x00, 0x00, 0x00, 0x00, 0x00, 0x00,
0x00, 0x00, 0x00, 0x00, 0x00, 0x00, 0x00, 0x00, 0x00, 0x00, 0x00, 0x00, 0x00, 0x00, 0x00, 0x00,
0x00, 0x00, 0x00, 0x00, 0x00, 0x00, 0x00, 0x00, 0x00, 0x00, 0x00, 0x00, 0x00, 0x00, 0x00, 0x00,
0x00, 0x00, 0x00, 0x00, 0x00, 0x00, 0x00, 0x00, 0x00, 0x00, 0x00, 0x00, 0x00, 0x00, 0x00, 0x00,
0x00, 0x00, 0x00, 0x00, 0x00, 0x00, 0x00, 0x00, 0x00, 0x00, 0x00, 0x00, 0x00, 0x00, 0x00, 0x00,
0x00, 0x00, 0x00, 0x00, 0x00, 0x00, 0x00, 0x00, 0x00, 0x00, 0x00, 0x00, 0x00, 0x00, 0x00, 0x00,
0x00, 0x00, 0x00, 0x00, 0x00, 0x00, 0x00, 0x00, 0x00, 0x00, 0x00, 0x00, 0x00, 0x00, 0x00, 0x00,
0x00, 0x00, 0x00, 0x00, 0x00, 0x00, 0x00, 0x00, 0x00, 0x00, 0x00, 0x00, 0x00, 0x00, 0x00, 0x00,
0x00, 0x00, 0x00, 0x00, 0x00, 0x00, 0x00, 0x00, 0x00, 0x00, 0x00, 0x00, 0x00, 0x00, 0x00, 0x00,
0x00, 0x00, 0x00, 0x00, 0x00, 0x00, 0x00, 0x00, 0x00, 0x00, 0x00, 0x00, 0x00, 0x00, 0x00, 0x00,
0x00, 0x00, 0x00, 0x00, 0x00, 0x00, 0x00, 0x00, 0x00, 0x00, 0x00, 0x00, 0x00, 0x00, 0x00, 0x00,
0x00, 0x00, 0x00, 0x00, 0x00, 0x00, 0x00, 0x00, 0x00, 0x00, 0x00, 0x00, 0x00, 0x00, 0x00, 0x00,
0x00, 0x00, 0x00, 0x00, 0x00, 0x00, 0x00, 0x00, 0x00, 0x00, 0x00, 0x00, 0x00, 0x00, 0x00, 0x00,
0x00, 0x00, 0x00, 0x00, 0x00, 0x00, 0x00, 0x00, 0x00, 0x00, 0x00, 0x00, 0x00, 0x00, 0x00, 0x00,
0x00, 0x00, 0x00, 0x00, 0x00, 0x00, 0x00, 0x00, 0x00, 0x00, 0x00, 0x00, 0x00, 0x00, 0x00, 0x00,
0x00, 0x00, 0x00, 0x00, 0x00, 0x00, 0x00, 0x00, 0x00, 0x00, 0x00, 0x00, 0x00, 0x00, 0x00, 0x00,
0x00, 0x00, 0x00, 0x00, 0x00, 0x00, 0x00, 0x00, 0x00, 0x00, 0x00, 0x00, 0x00, 0x00, 0x00, 0x00,
0x00, 0x00, 0x00, 0x00, 0x00, 0x00, 0x00, 0x00, 0x00, 0x00, 0x00, 0x00, 0x00, 0x00, 0x00, 0x00,
0x00, 0x00, 0x00, 0x00, 0x00, 0x00, 0x00, 0x00, 0x00, 0x00, 0x00, 0x00, 0x00, 0x00, 0x00, 0x00,
0x00, 0x00, 0x00, 0x00, 0x00, 0x00, 0x00, 0x00, 0x00, 0x00, 0x00, 0x00, 0x00, 0x00, 0x00, 0x00,
0x00, 0x00, 0x00, 0x00, 0x00, 0x00, 0x00, 0x00, 0x00, 0x00, 0x00, 0x00, 0x00, 0x00, 0x00, 0x00,
0x00, 0x00, 0x00, 0x00, 0x00, 0x00, 0x00, 0x00, 0x00, 0x00, 0x00, 0x00, 0x00, 0x00, 0x00, 0x00,
0x00, 0x00, 0x00, 0x00, 0x00, 0x00, 0x00, 0x00, 0x00, 0x00, 0x00, 0x00, 0x00, 0x00, 0x00, 0x00,
0x00, 0x00, 0x00, 0x00, 0x00, 0x00, 0x00, 0x00, 0x00, 0x00, 0x00, 0x00, 0x00, 0x00, 0x00, 0x00,
0x00, 0x00, 0x00, 0x00, 0x00, 0x00, 0x00, 0x00, 0x00, 0x00, 0x00, 0x00, 0x00, 0x00, 0x00, 0x00,
0x00, 0x00, 0x00, 0x00, 0x00, 0x00, 0x00, 0x00, 0x00, 0x00, 0x00, 0x00, 0x00, 0x00, 0x00, 0x00,
0x00, 0x00, 0x00, 0x00, 0x00, 0x00, 0x00, 0x00, 0x00, 0x00, 0x00, 0x00, 0x00, 0x00, 0x00, 0x00,
0x00, 0x00, 0x00, 0x00, 0x00, 0x00, 0x00, 0x00, 0x00, 0x00, 0x00, 0x00, 0x00, 0x00, 0x00, 0x00,
0x00, 0x00, 0x00, 0x00, 0x00, 0x00, 0x00, 0x00, 0x00, 0x00, 0x00, 0x00, 0x00, 0x00, 0x00, 0x00,
0x00, 0x00, 0x00, 0x00, 0x00, 0x00, 0x00, 0x00, 0x00, 0x00, 0x00, 0x00, 0x00, 0x00, 0x00, 0x00,
0x00, 0x00, 0x00, 0x00, 0x00, 0x00, 0x00, 0x00, 0x00, 0x00, 0x00, 0x00, 0x00, 0x00, 0x00, 0x00,
0x00, 0x00, 0x00, 0x00, 0x00, 0x00, 0x00, 0x00, 0x00, 0x00, 0x00, 0x00, 0x00, 0x00, 0x00, 0x00,
0x00, 0x00, 0x00, 0x00, 0x00, 0x00, 0x00, 0x00, 0x00, 0x00, 0x00, 0x00, 0x00, 0x00, 0x00, 0x00,
0x00, 0x00, 0x00, 0x00, 0x00, 0x00, 0x00, 0x00, 0x00, 0x00, 0x00, 0x00, 0x00, 0x00, 0x00, 0x00,
0x00, 0x00, 0x00, 0x00, 0x00, 0x00, 0x00, 0x00, 0x00, 0x00, 0x00, 0x00, 0x00, 0x00, 0x00, 0x00,
0x00, 0x00, 0x00, 0x00, 0x00, 0x00, 0x00, 0x00, 0x00, 0x00, 0x00, 0x00, 0x00, 0x00, 0x00, 0x00,
0x00, 0x00, 0x00, 0x00, 0x00, 0x00, 0x00, 0x00, 0x00, 0x00, 0x00, 0x00, 0x00, 0x00, 0x00, 0x00,
0x00, 0x00, 0x00, 0x00, 0x00, 0x00, 0x00, 0x00, 0x00, 0x00, 0x00, 0x00, 0x00, 0x00, 0x00, 0x00,
0x00, 0x00, 0x00, 0x00, 0x00, 0x00, 0x00, 0x00, 0x00, 0x00, 0x00, 0x00, 0x00, 0x00, 0x00, 0x00,
0x00, 0x00, 0x00, 0x00, 0x00, 0x00, 0x00, 0x00, 0x00, 0x00, 0x00, 0x00, 0x00, 0x00, 0x00, 0x00,
0x00, 0x00, 0x00, 0x00, 0x00, 0x00, 0x00, 0x00, 0x00, 0x00, 0x00, 0x00, 0x00, 0x00, 0x00, 0x00,
0x00, 0x00, 0x00, 0x00, 0x00, 0x00, 0x00, 0x00, 0x00, 0x00, 0x00, 0x00, 0x00, 0x00, 0x00, 0x00,
0x00, 0x00, 0x00, 0x00, 0x00, 0x00, 0x00, 0x00, 0x00, 0x00, 0x00, 0x00, 0x00, 0x00, 0x00, 0x00,
0x00, 0x00, 0x00, 0x00, 0x00, 0x00, 0x00, 0x00, 0x00, 0x00, 0x00, 0x00, 0x00, 0x00, 0x00, 0x00,
0x00, 0x00, 0x00, 0x00, 0x00, 0x00, 0x00, 0x00, 0x00, 0x00, 0x00, 0x00, 0x00, 0x00, 0x00, 0x00,
0x00, 0x00, 0x00, 0x00, 0x00, 0x00, 0x00, 0x00, 0x00, 0x00, 0x00, 0x00, 0x00, 0x00, 0x00, 0x00,
0x00, 0x00, 0x00, 0x00, 0x00, 0x00, 0x00, 0x00, 0x00, 0x00, 0x00, 0x00, 0x00, 0x00, 0x00, 0x00,
0x00, 0x00, 0x00, 0x00, 0x00, 0x00, 0x00, 0x00, 0x00, 0x00, 0x00, 0x00, 0x00, 0x00, 0x00, 0x00,
0x00, 0x00, 0x00, 0x00, 0x00, 0x00, 0x00, 0x00, 0x00, 0x00, 0x00, 0x00, 0x00, 0x00, 0x00, 0x00,
0x00, 0x00, 0x00, 0x00, 0x00, 0x00, 0x00, 0x00, 0x00, 0x00, 0x00, 0x00, 0x00, 0x00, 0x00, 0x00,
0x00, 0x00, 0x00, 0x00, 0x00, 0x00, 0x00, 0x00, 0x00, 0x00, 0x00, 0x00, 0x00, 0x00, 0x00, 0x00,
0x00, 0x00, 0x00, 0x00, 0x00, 0x00, 0x00, 0x00, 0x00, 0x00, 0x00, 0x00, 0x00, 0x00, 0x00, 0x00,
0x00, 0x00, 0x00, 0x00, 0x00, 0x00, 0x00, 0x00, 0x00, 0x00, 0x00, 0x00, 0x00, 0x00, 0x00, 0x00,
0x00, 0x00, 0x00, 0x00, 0x00, 0x00, 0x00, 0x00, 0x00, 0x00, 0x00, 0x00, 0x00, 0x00, 0x00, 0x00,
0x00, 0x00, 0x00, 0x00, 0x00, 0x00, 0x00, 0x00, 0x00, 0x00, 0x00, 0x00, 0x00, 0x00, 0x00, 0x00,
0x00, 0x00, 0x00, 0x00, 0x00, 0x00, 0x00, 0x00, 0x00, 0x00, 0x00, 0x00, 0x00, 0x00, 0x00, 0x00,
0x00, 0x00, 0x00, 0x00, 0x00, 0x00, 0x00, 0x00, 0x00, 0x00, 0x00, 0x00, 0x00, 0x00, 0x00, 0x00,
0x00, 0x00, 0x00, 0x00, 0x00, 0x00, 0x00, 0x00, 0x00, 0x00, 0x00, 0x00, 0x00, 0x00, 0x00, 0x00,
0x00, 0x00, 0x00, 0x00, 0x00, 0x00, 0x00, 0x00, 0x00, 0x00, 0x00, 0x00, 0x00, 0x00, 0x00, 0x00,
0x00, 0x00, 0x00, 0x00, 0x00, 0x00, 0x00, 0x00, 0x00, 0x00, 0x00, 0x00, 0x00, 0x00, 0x00, 0x00,
0x00, 0x00, 0x00, 0x00, 0x00, 0x00, 0x00, 0x00, 0x00, 0x00, 0x00, 0x00, 0x00, 0x00, 0x00, 0x00,
0x00, 0x00, 0x00, 0x00, 0x00, 0x00, 0x00, 0x00, 0x00, 0x00, 0x00, 0x00, 0x00, 0x00, 0x00, 0x00
};

extern const uint8_t app_flasher_bin[9216] = {
0x00, 0x00, 0x00, 0x00, 0x00, 0x00, 0x00, 0x00, 0x00, 0x00, 0x00, 0x00, 0x00, 0x00, 0x00, 0x00,
0x00, 0x00, 0x00, 0x00, 0x00, 0x00, 0x00, 0x00, 0x00, 0x00, 0x00, 0x00, 0x00, 0x00, 0x00, 0x00,
0x00, 0x00, 0x00, 0x00, 0x00, 0x00, 0x00, 0x00, 0x00, 0x00, 0x00, 0x00, 0x00, 0x00, 0x00, 0x00,
0x00, 0x00, 0x00, 0x00, 0x00, 0x00, 0x00, 0x00, 0x00, 0x00, 0x00, 0x00, 0x00, 0x00, 0x00, 0x00,
0x00, 0x00, 0x00, 0x00, 0x00, 0x00, 0x00, 0x00, 0x00, 0x00, 0x00, 0x00, 0x00, 0x00, 0x00, 0x00,
0x00, 0x00, 0x00, 0x00, 0x00, 0x00, 0x00, 0x00, 0x00, 0x00, 0x00, 0x00, 0x00, 0x00, 0x00, 0x00,
0x00, 0x00, 0x00, 0x00, 0x00, 0x00, 0x00, 0x00, 0x00, 0x00, 0x00, 0x00, 0x00, 0x00, 0x00, 0x00,
0x00, 0x00, 0x00, 0x00, 0x00, 0x00, 0x00, 0x00, 0x00, 0x00, 0x00, 0x00, 0x00, 0x00, 0x00, 0x00,
0x00, 0x00, 0x00, 0x00, 0x00, 0x00, 0x00, 0x00, 0x00, 0x00, 0x00, 0x00, 0x00, 0x00, 0x00, 0x00,
0x00, 0x00, 0x00, 0x00, 0x00, 0x00, 0x00, 0x00, 0x00, 0x00, 0x00, 0x00, 0x00, 0x00, 0x00, 0x00,
0x00, 0x00, 0x00, 0x00, 0x00, 0x00, 0x00, 0x00, 0x00, 0x00, 0x00, 0x00, 0x00, 0x00, 0x00, 0x00,
0x00, 0x00, 0x00, 0x00, 0x00, 0x00, 0x00, 0x00, 0x00, 0x00, 0x00, 0x00, 0x00, 0x00, 0x00, 0x00,
0x00, 0x00, 0x00, 0x00, 0x00, 0x00, 0x00, 0x00, 0x00, 0x00, 0x00, 0x00, 0x00, 0x00, 0x00, 0x00,
0x00, 0x00, 0x00, 0x00, 0x00, 0x00, 0x00, 0x00, 0x00, 0x00, 0x00, 0x00, 0x00, 0x00, 0x00, 0x00,
0x00, 0x00, 0x00, 0x00, 0x00, 0x00, 0x00, 0x00, 0x00, 0x00, 0x00, 0x00, 0x00, 0x00, 0x00, 0x00,
0x00, 0x00, 0x00, 0x00, 0x00, 0x00, 0x00, 0x00, 0x00, 0x00, 0x00, 0x00, 0x00, 0x00, 0x00, 0x00,
0x00, 0x00, 0x00, 0x00, 0x00, 0x00, 0x00, 0x00, 0x00, 0x00, 0x00, 0x00, 0x00, 0x00, 0x00, 0x00,
0x00, 0x00, 0x00, 0x00, 0x00, 0x00, 0x00, 0x00, 0x00, 0x00, 0x00, 0x00, 0x00, 0x00, 0x00, 0x00,
0x00, 0x00, 0x00, 0x00, 0x00, 0x00, 0x00, 0x00, 0x00, 0x00, 0x00, 0x00, 0x00, 0x00, 0x00, 0x00,
0x00, 0x00, 0x00, 0x00, 0x00, 0x00, 0x00, 0x00, 0x00, 0x00, 0x00, 0x00, 0x00, 0x00, 0x00, 0x00,
0x00, 0x00, 0x00, 0x00, 0x00, 0x00, 0x00, 0x00, 0x00, 0x00, 0x00, 0x00, 0x00, 0x00, 0x00, 0x00,
0x00, 0x00, 0x00, 0x00, 0x00, 0x00, 0x00, 0x00, 0x00, 0x00, 0x00, 0x00, 0x00, 0x00, 0x00, 0x00,
0x00, 0x00, 0x00, 0x00, 0x00, 0x00, 0x00, 0x00, 0x00, 0x00, 0x00, 0x00, 0x00, 0x00, 0x00, 0x00,
0x00, 0x00, 0x00, 0x00, 0x00, 0x00, 0x00, 0x00, 0x00, 0x00, 0x00, 0x00, 0x00, 0x00, 0x00, 0x00,
0x00, 0x00, 0x00, 0x00, 0x00, 0x00, 0x00, 0x00, 0x00, 0x00, 0x00, 0x00, 0x00, 0x00, 0x00, 0x00,
0x00, 0x00, 0x00, 0x00, 0x00, 0x00, 0x00, 0x00, 0x00, 0x00, 0x00, 0x00, 0x00, 0x00, 0x00, 0x00,
0x00, 0x00, 0x00, 0x00, 0x00, 0x00, 0x00, 0x00, 0x00, 0x00, 0x00, 0x00, 0x00, 0x00, 0x00, 0x00,
0x00, 0x00, 0x00, 0x00, 0x00, 0x00, 0x00, 0x00, 0x00, 0x00, 0x00, 0x00, 0x00, 0x00, 0x00, 0x00,
0x00, 0x00, 0x00, 0x00, 0x00, 0x00, 0x00, 0x00, 0x00, 0x00, 0x00, 0x00, 0x00, 0x00, 0x00, 0x00,
0x00, 0x00, 0x00, 0x00, 0x00, 0x00, 0x00, 0x00, 0x00, 0x00, 0x00, 0x00, 0x00, 0x00, 0x00, 0x00,
0x00, 0x00, 0x00, 0x00, 0x00, 0x00, 0x00, 0x00, 0x00, 0x00, 0x00, 0x00, 0x00, 0x00, 0x00, 0x00,
0x00, 0x00, 0x00, 0x00, 0x00, 0x00, 0x00, 0x00, 0x00, 0x00, 0x00, 0x00, 0x00, 0x00, 0x00, 0x00,
0x00, 0x00, 0x00, 0x00, 0x00, 0x00, 0x00, 0x00, 0x00, 0x00, 0x00, 0x00, 0x00, 0x00, 0x00, 0x00,
0x00, 0x00, 0x00, 0x00, 0x00, 0x00, 0x00, 0x00, 0x00, 0x00, 0x00, 0x00, 0x00, 0x00, 0x00, 0x00,
0x00, 0x00, 0x00, 0x00, 0x00, 0x00, 0x00, 0x00, 0x00, 0x00, 0x00, 0x00, 0x00, 0x00, 0x00, 0x00,
0x00, 0x00, 0x00, 0x00, 0x00, 0x00, 0x00, 0x00, 0x00, 0x00, 0x00, 0x00, 0x00, 0x00, 0x00, 0x00,
0x00, 0x00, 0x00, 0x00, 0x00, 0x00, 0x00, 0x00, 0x00, 0x00, 0x00, 0x00, 0x00, 0x00, 0x00, 0x00,
0x00, 0x00, 0x00, 0x00, 0x00, 0x00, 0x00, 0x00, 0x00, 0x00, 0x00, 0x00, 0x00, 0x00, 0x00, 0x00,
0x00, 0x00, 0x00, 0x00, 0x00, 0x00, 0x00, 0x00, 0x00, 0x00, 0x00, 0x00, 0x00, 0x00, 0x00, 0x00,
0x00, 0x00, 0x00, 0x00, 0x00, 0x00, 0x00, 0x00, 0x00, 0x00, 0x00, 0x00, 0x00, 0x00, 0x00, 0x00,
0x00, 0x00, 0x00, 0x00, 0x00, 0x00, 0x00, 0x00, 0x00, 0x00, 0x00, 0x00, 0x00, 0x00, 0x00, 0x00,
0x00, 0x00, 0x00, 0x00, 0x00, 0x00, 0x00, 0x00, 0x00, 0x00, 0x00, 0x00, 0x00, 0x00, 0x00, 0x00,
0x00, 0x00, 0x00, 0x00, 0x00, 0x00, 0x00, 0x00, 0x00, 0x00, 0x00, 0x00, 0x00, 0x00, 0x00, 0x00,
0x00, 0x00, 0x00, 0x00, 0x00, 0x00, 0x00, 0x00, 0x00, 0x00, 0x00, 0x00, 0x00, 0x00, 0x00, 0x00,
0x00, 0x00, 0x00, 0x00, 0x00, 0x00, 0x00, 0x00, 0x00, 0x00, 0x00, 0x00, 0x00, 0x00, 0x00, 0x00,
0x00, 0x00, 0x00, 0x00, 0x00, 0x00, 0x00, 0x00, 0x00, 0x00, 0x00, 0x00, 0x00, 0x00, 0x00, 0x00,
0x00, 0x00, 0x00, 0x00, 0x00, 0x00, 0x00, 0x00, 0x00, 0x00, 0x00, 0x00, 0x00, 0x00, 0x00, 0x00,
0x00, 0x00, 0x00, 0x00, 0x00, 0x00, 0x00, 0x00, 0x00, 0x00, 0x00, 0x00, 0x00, 0x00, 0x00, 0x00,
0x00, 0x00, 0x00, 0x00, 0x00, 0x00, 0x00, 0x00, 0x00, 0x00, 0x00, 0x00, 0x00, 0x00, 0x00, 0x00,
0x00, 0x00, 0x00, 0x00, 0x00, 0x00, 0x00, 0x00, 0x00, 0x00, 0x00, 0x00, 0x00, 0x00, 0x00, 0x00,
0x00, 0x00, 0x00, 0x00, 0x00, 0x00, 0x00, 0x00, 0x00, 0x00, 0x00, 0x00, 0x00, 0x00, 0x00, 0x00,
0x00, 0x00, 0x00, 0x00, 0x00, 0x00, 0x00, 0x00, 0x00, 0x00, 0x00, 0x00, 0x00, 0x00, 0x00, 0x00,
0x00, 0x00, 0x00, 0x00, 0x00, 0x00, 0x00, 0x00, 0x00, 0x00, 0x00, 0x00, 0x00, 0x00, 0x00, 0x00,
0x00, 0x00, 0x00, 0x00, 0x00, 0x00, 0x00, 0x00, 0x00, 0x00, 0x00, 0x00, 0x00, 0x00, 0x00, 0x00,
0x00, 0x00, 0x00, 0x00, 0x00, 0x00, 0x00, 0x00, 0x00, 0x00, 0x00, 0x00, 0x00, 0x00, 0x00, 0x00,
0x00, 0x00, 0x00, 0x00, 0x00, 0x00, 0x00, 0x00, 0x00, 0x00, 0x00, 0x00, 0x00, 0x00, 0x00, 0x00,
0x00, 0x00, 0x00, 0x00, 0x00, 0x00, 0x00, 0x00, 0x00, 0x00, 0x00, 0x00, 0x00, 0x00, 0x00, 0x00,
0x00, 0x00, 0x00, 0x00, 0x00, 0x00, 0x00, 0x00, 0x00, 0x00, 0x00, 0x00, 0x00, 0x00, 0x00, 0x00,
0x00, 0x00, 0x00, 0x00, 0x00, 0x00, 0x00, 0x00, 0x00, 0x00, 0x00, 0x00, 0x00, 0x00, 0x00, 0x00,
0x00, 0x00, 0x00, 0x00, 0x00, 0x00, 0x00, 0x00, 0x00, 0x00, 0x00, 0x00, 0x00, 0x00, 0x00, 0x00,
0x00, 0x00, 0x00, 0x00, 0x00, 0x00, 0x00, 0x00, 0x00, 0x00, 0x00, 0x00, 0x00, 0x00, 0x00, 0x00,
0x00, 0x00, 0x00, 0x00, 0x00, 0x00, 0x00, 0x00, 0x00, 0x00, 0x00, 0x00, 0x00, 0x00, 0x00, 0x00,
0x00, 0x00, 0x00, 0x00, 0x00, 0x00, 0x00, 0x00, 0x00, 0x00, 0x00, 0x00, 0x00, 0x00, 0x00, 0x00,
0x00, 0x00, 0x00, 0x00, 0x00, 0x00, 0x00, 0x00, 0x00, 0x00, 0x00, 0x00, 0x00, 0x00, 0x00, 0x00,
0x00, 0x00, 0x00, 0x00, 0x00, 0x00, 0x00, 0x00, 0x00, 0x00, 0x00, 0x00, 0x00, 0x00, 0x00, 0x00,
0x00, 0x00, 0x00, 0x00, 0x00, 0x00, 0x00, 0x00, 0x00, 0x00, 0x00, 0x00, 0x00, 0x00, 0x00, 0x00,
0x00, 0x00, 0x00, 0x00, 0x00, 0x00, 0x00, 0x00, 0x00, 0x00, 0x00, 0x00, 0x00, 0x00, 0x00, 0x00,
0x00, 0x00, 0x00, 0x00, 0x00, 0x00, 0x00, 0x00, 0x00, 0x00, 0x00, 0x00, 0x00, 0x00, 0x00, 0x00,
0x00, 0x00, 0x00, 0x00, 0x00, 0x00, 0x00, 0x00, 0x00, 0x00, 0x00, 0x00, 0x00, 0x00, 0x00, 0x00,
0x00, 0x00, 0x00, 0x00, 0x00, 0x00, 0x00, 0x00, 0x00, 0x00, 0x00, 0x00, 0x00, 0x00, 0x00, 0x00,
0x00, 0x00, 0x00, 0x00, 0x00, 0x00, 0x00, 0x00, 0x00, 0x00, 0x00, 0x00, 0x00, 0x00, 0x00, 0x00,
0x00, 0x00, 0x00, 0x00, 0x00, 0x00, 0x00, 0x00, 0x00, 0x00, 0x00, 0x00, 0x00, 0x00, 0x00, 0x00,
0x00, 0x00, 0x00, 0x00, 0x00, 0x00, 0x00, 0x00, 0x00, 0x00, 0x00, 0x00, 0x00, 0x00, 0x00, 0x00,
0x00, 0x00, 0x00, 0x00, 0x00, 0x00, 0x00, 0x00, 0x00, 0x00, 0x00, 0x00, 0x00, 0x00, 0x00, 0x00,
0x00, 0x00, 0x00, 0x00, 0x00, 0x00, 0x00, 0x00, 0x00, 0x00, 0x00, 0x00, 0x00, 0x00, 0x00, 0x00,
0x00, 0x00, 0x00, 0x00, 0x00, 0x00, 0x00, 0x00, 0x00, 0x00, 0x00, 0x00, 0x00, 0x00, 0x00, 0x00,
0x00, 0x00, 0x00, 0x00, 0x00, 0x00, 0x00, 0x00, 0x00, 0x00, 0x00, 0x00, 0x00, 0x00, 0x00, 0x00,
0x00, 0x00, 0x00, 0x00, 0x00, 0x00, 0x00, 0x00, 0x00, 0x00, 0x00, 0x00, 0x00, 0x00, 0x00, 0x00,
0x00, 0x00, 0x00, 0x00, 0x00, 0x00, 0x00, 0x00, 0x00, 0x00, 0x00, 0x00, 0x00, 0x00, 0x00, 0x00,
0x00, 0x00, 0x00, 0x00, 0x00, 0x00, 0x00, 0x00, 0x00, 0x00, 0x00, 0x00, 0x00, 0x00, 0x00, 0x00,
0x00, 0x00, 0x00, 0x00, 0x00, 0x00, 0x00, 0x00, 0x00, 0x00, 0x00, 0x00, 0x00, 0x00, 0x00, 0x00,
0x00, 0x00, 0x00, 0x00, 0x00, 0x00, 0x00, 0x00, 0x00, 0x00, 0x00, 0x00, 0x00, 0x00, 0x00, 0x00,
0x00, 0x00, 0x00, 0x00, 0x00, 0x00, 0x00, 0x00, 0x00, 0x00, 0x00, 0x00, 0x00, 0x00, 0x00, 0x00,
0x00, 0x00, 0x00, 0x00, 0x00, 0x00, 0x00, 0x00, 0x00, 0x00, 0x00, 0x00, 0x00, 0x00, 0x00, 0x00,
0x00, 0x00, 0x00, 0x00, 0x00, 0x00, 0x00, 0x00, 0x00, 0x00, 0x00, 0x00, 0x00, 0x00, 0x00, 0x00,
0x00, 0x00, 0x00, 0x00, 0x00, 0x00, 0x00, 0x00, 0x00, 0x00, 0x00, 0x00, 0x00, 0x00, 0x00, 0x00,
0x00, 0x00, 0x00, 0x00, 0x00, 0x00, 0x00, 0x00, 0x00, 0x00, 0x00, 0x00, 0x00, 0x00, 0x00, 0x00,
0x00, 0x00, 0x00, 0x00, 0x00, 0x00, 0x00, 0x00, 0x00, 0x00, 0x00, 0x00, 0xb6, 0xa4, 0x92, 0x38,
0xb7, 0xa3, 0x93, 0x80, 0xb6, 0xa4, 0x92, 0x38, 0x00, 0x00, 0x00, 0x00, 0x00, 0x00, 0x00, 0x00,
0x00, 0x00, 0x00, 0x00, 0x00, 0x00, 0x00, 0x00, 0x00, 0x00, 0x00, 0x00, 0xb9, 0xa4, 0x95, 0x78,
0xb9, 0xa4, 0x95, 0x78, 0x00, 0x00, 0x00, 0x00, 0x00, 0x00, 0x00, 0x00, 0x00, 0x00, 0x00, 0x00,
0x00, 0x00, 0x00, 0x00, 0x00, 0x00, 0x00, 0x00, 0xb6, 0xa4, 0x92, 0x38, 0xb7, 0xa3, 0x93, 0x80,
0xb6, 0xa4, 0x92, 0x38, 0x00, 0x00, 0x00, 0x00, 0x00, 0x00, 0x00, 0x00, 0x00, 0x00, 0x00, 0x00,
0x00, 0x00, 0x00, 0x00, 0x00, 0x00, 0x00, 0x00, 0x00, 0x00, 0x00, 0x00, 0x00, 0x00, 0x00, 0x00,
0x00, 0x00, 0x00, 0x00, 0x00, 0x00, 0x00, 0x00, 0x00, 0x00, 0x00, 0x00, 0x00, 0x00, 0x00, 0x00,
0x00, 0x00, 0x00, 0x00, 0x00, 0x00, 0x00, 0x00, 0x00, 0x00, 0x00, 0x00, 0x00, 0x00, 0x00, 0x00,
0x00, 0x00, 0x00, 0x00, 0x00, 0x00, 0x00, 0x00, 0x00, 0x00, 0x00, 0x00, 0x00, 0x00, 0x00, 0x00,
0x00, 0x00, 0x00, 0x00, 0x00, 0x00, 0x00, 0x00, 0x00, 0x00, 0x00, 0x00, 0x00, 0x00, 0x00, 0x00,
0x00, 0x00, 0x00, 0x00, 0x00, 0x00, 0x00, 0x00, 0x00, 0x00, 0x00, 0x00, 0x00, 0x00, 0x00, 0x00,
0x00, 0x00, 0x00, 0x00, 0x00, 0x00, 0x00, 0x00, 0x00, 0x00, 0x00, 0x00, 0xb8, 0xa4, 0x94, 0x70,
0xb8, 0xa3, 0x94, 0xff, 0xb8, 0xa4, 0x94, 0x70, 0x00, 0x00, 0x00, 0x00, 0x00, 0x00, 0x00, 0x00,
0x00, 0x00, 0x00, 0x00, 0x00, 0x00, 0x00, 0x00, 0x00, 0x00, 0x00, 0x00, 0xb8, 0xa3, 0x94, 0xf0,
0xb8, 0xa3, 0x94, 0xf0, 0x00, 0x00, 0x00, 0x00, 0x00, 0x00, 0x00, 0x00, 0x00, 0x00, 0x00, 0x00,
0x00, 0x00, 0x00, 0x00, 0x00, 0x00, 0x00, 0x00, 0xb8, 0xa4, 0x94, 0x70, 0xb8, 0xa3, 0x94, 0xff,
0xb8, 0xa4, 0x94, 0x70, 0x00, 0x00, 0x00, 0x00, 0x00, 0x00, 0x00, 0x00, 0x00, 0x00, 0x00, 0x00,
0x00, 0x00, 0x00, 0x00, 0x00, 0x00, 0x00, 0x00, 0x00, 0x00, 0x00, 0x00, 0x00, 0x00, 0x00, 0x00,
0x00, 0x00, 0x00, 0x00, 0x00, 0x00, 0x00, 0x00, 0x00, 0x00, 0x00, 0x00, 0x00, 0x00, 0x00, 0x00,
0x00, 0x00, 0x00, 0x00, 0x00, 0x00, 0x00, 0x00, 0x00, 0x00, 0x00, 0x00, 0x00, 0x00, 0x00, 0x00,
0x00, 0x00, 0x00, 0x00, 0x00, 0x00, 0x00, 0x00, 0x00, 0x00, 0x00, 0x00, 0x00, 0x00, 0x00, 0x00,
0x00, 0x00, 0x00, 0x00, 0x00, 0x00, 0x00, 0x00, 0x00, 0x00, 0x00, 0x00, 0x00, 0x00, 0x00, 0x00,
0x00, 0x00, 0x00, 0x00, 0x00, 0x00, 0x00, 0x00, 0x00, 0x00, 0x00, 0x00, 0x00, 0x00, 0x00, 0x00,
0x00, 0x00, 0x00, 0x00, 0x00, 0x00, 0x00, 0x00, 0x00, 0x00, 0x00, 0x00, 0xb8, 0xa4, 0x94, 0x70,
0xb8, 0xa3, 0x94, 0xff, 0xb8, 0xa4, 0x94, 0x70, 0x00, 0x00, 0x00, 0x00, 0x00, 0x00, 0x00, 0x00,
0x00, 0x00, 0x00, 0x00, 0x00, 0x00, 0x00, 0x00, 0x00, 0x00, 0x00, 0x00, 0xb8, 0xa3, 0x94, 0xf0,
0xb8, 0xa3, 0x94, 0xf0, 0x00, 0x00, 0x00, 0x00, 0x00, 0x00, 0x00, 0x00, 0x00, 0x00, 0x00, 0x00,
0x00, 0x00, 0x00, 0x00, 0x00, 0x00, 0x00, 0x00, 0xb8, 0xa4, 0x94, 0x70, 0xb8, 0xa3, 0x94, 0xff,
0xb8, 0xa4, 0x94, 0x70, 0x00, 0x00, 0x00, 0x00, 0x00, 0x00, 0x00, 0x00, 0x00, 0x00, 0x00, 0x00,
0x00, 0x00, 0x00, 0x00, 0x00, 0x00, 0x00, 0x00, 0x00, 0x00, 0x00, 0x00, 0x00, 0x00, 0x00, 0x00,
0x00, 0x00, 0x00, 0x00, 0x00, 0x00, 0x00, 0x00, 0x00, 0x00, 0x00, 0x00, 0x00, 0x00, 0x00, 0x00,
0x00, 0x00, 0x00, 0x00, 0x00, 0x00, 0x00, 0x00, 0x00, 0x00, 0x00, 0x00, 0x00, 0x00, 0x00, 0x00,
0x00, 0x00, 0x00, 0x00, 0x00, 0x00, 0x00, 0x00, 0x00, 0x00, 0x00, 0x00, 0x00, 0x00, 0x00, 0x00,
0x00, 0x00, 0x00, 0x00, 0x00, 0x00, 0x00, 0x00, 0x00, 0x00, 0x00, 0x00, 0x00, 0x00, 0x00, 0x00,
0x00, 0x00, 0x00, 0x00, 0x00, 0x00, 0x00, 0x00, 0x00, 0x00, 0x00, 0x00, 0x00, 0x00, 0x00, 0x00,
0x00, 0x00, 0x00, 0x00, 0x00, 0x00, 0x00, 0x00, 0x00, 0x00, 0x00, 0x00, 0xb8, 0xa4, 0x94, 0x70,
0xb8, 0xa3, 0x94, 0xff, 0xb8, 0xa4, 0x94, 0x70, 0x00, 0x00, 0x00, 0x00, 0x00, 0x00, 0x00, 0x00,
0x00, 0x00, 0x00, 0x00, 0x00, 0x00, 0x00, 0x00, 0x00, 0x00, 0x00, 0x00, 0xb8, 0xa3, 0x94, 0xf0,
0xb8, 0xa3, 0x94, 0xf0, 0x00, 0x00, 0x00, 0x00, 0x00, 0x00, 0x00, 0x00, 0x00, 0x00, 0x00, 0x00,
0x00, 0x00, 0x00, 0x00, 0x00, 0x00, 0x00, 0x00, 0xb8, 0xa4, 0x94, 0x70, 0xb8, 0xa3, 0x94, 0xff,
0xb8, 0xa4, 0x94, 0x70, 0x00, 0x00, 0x00, 0x00, 0x00, 0x00, 0x00, 0x00, 0x00, 0x00, 0x00, 0x00,
0x00, 0x00, 0x00, 0x00, 0x00, 0x00, 0x00, 0x00, 0x00, 0x00, 0x00, 0x00, 0x00, 0x00, 0x00, 0x00,
0x00, 0x00, 0x00, 0x00, 0x00, 0x00, 0x00, 0x00, 0x00, 0x00, 0x00, 0x00, 0x00, 0x00, 0x00, 0x00,
0x00, 0x00, 0x00, 0x00, 0x00, 0x00, 0x00, 0x00, 0x00, 0x00, 0x00, 0x00, 0x00, 0x00, 0x00, 0x00,
0x00, 0x00, 0x00, 0x00, 0x00, 0x00, 0x00, 0x00, 0x00, 0x00, 0x00, 0x00, 0x00, 0x00, 0x00, 0x00,
0x00, 0x00, 0x00, 0x00, 0x00, 0x00, 0x00, 0x00, 0x00, 0x00, 0x00, 0x00, 0x00, 0x00, 0x00, 0x00,
0x00, 0x00, 0x00, 0x00, 0x00, 0x00, 0x00, 0x00, 0x00, 0x00, 0x00, 0x00, 0x00, 0x00, 0x00, 0x00,
0x00, 0x00, 0x00, 0x00, 0x0c, 0xa2, 0xf3, 0x16, 0x0b, 0x9f, 0xf6, 0x87, 0x5f, 0xa1, 0xc5, 0xe6,
0xb8, 0xa3, 0x94, 0xff, 0x5b, 0xa0, 0xc9, 0xf5, 0x0b, 0x9e, 0xf5, 0xee, 0x0b, 0x9e, 0xf5, 0xee,
0x0b, 0x9e, 0xf5, 0xee, 0x0b, 0x9e, 0xf5, 0xee, 0x0b, 0x9e, 0xf5, 0xee, 0xaf, 0xa3, 0x99, 0xfe,
0xaf, 0xa3, 0x99, 0xfe, 0x0b, 0x9e, 0xf5, 0xee, 0x0b, 0x9e, 0xf5, 0xee, 0x0b, 0x9e, 0xf5, 0xee,
0x0b, 0x9e, 0xf5, 0xee, 0x0b, 0x9e, 0xf5, 0xee, 0x5b, 0xa0, 0xc9, 0xf5, 0xb8, 0xa3, 0x94, 0xff,
0x61, 0xa1, 0xc5, 0xe2, 0x0b, 0x9d, 0xf4, 0x78, 0x00, 0x99, 0xff, 0x0a, 0x00, 0x00, 0x00, 0x00,
0x00, 0x00, 0x00, 0x00, 0x00, 0x00, 0x00, 0x00, 0x00, 0x00, 0x00, 0x00, 0x00, 0x00, 0x00, 0x00,
0x00, 0x00, 0x00, 0x00, 0x00, 0x00, 0x00, 0x00, 0x00, 0x00, 0x00, 0x00, 0x00, 0x00, 0x00, 0x00,
0x00, 0x00, 0x00, 0x00, 0x00, 0x00, 0x00, 0x00, 0x00, 0x00, 0x00, 0x00, 0x00, 0x00, 0x00, 0x00,
0x00, 0x00, 0x00, 0x00, 0x00, 0x00, 0x00, 0x00, 0x00, 0x00, 0x00, 0x00, 0x00, 0x00, 0x00, 0x00,
0x00, 0x00, 0x00, 0x00, 0x00, 0x00, 0x00, 0x00, 0x00, 0x00, 0x00, 0x00, 0x00, 0x00, 0x00, 0x00,
0x00, 0x00, 0x00, 0x00, 0x00, 0x00, 0x00, 0x00, 0x00, 0x00, 0x00, 0x00, 0x00, 0x00, 0x00, 0x00,
0x09, 0x9f, 0xf6, 0x38, 0x0b, 0x9e, 0xf4, 0xec, 0x0b, 0x9e, 0xf5, 0xff, 0x0b, 0x9e, 0xf5, 0xff,
0x0d, 0x97, 0xea, 0xff, 0x0e, 0x96, 0xe7, 0xff, 0x0e, 0x96, 0xe7, 0xff, 0x0e, 0x96, 0xe7, 0xff,
0x0e, 0x96, 0xe7, 0xff, 0x0e, 0x96, 0xe7, 0xff, 0x0e, 0x96, 0xe7, 0xff, 0x0e, 0x96, 0xe7, 0xff,
0x0e, 0x96, 0xe7, 0xff, 0x0e, 0x96, 0xe7, 0xff, 0x0e, 0x96, 0xe7, 0xff, 0x0e, 0x96, 0xe7, 0xff,
0x0e, 0x96, 0xe7, 0xff, 0x0e, 0x96, 0xe7, 0xff, 0x0e, 0x96, 0xe7, 0xff, 0x0d, 0x98, 0xeb, 0xff,
0x0b, 0x9e, 0xf5, 0xff, 0x0b, 0x9e, 0xf5, 0xff, 0x0b, 0x9e, 0xf6, 0xd7, 0x08, 0x9c, 0xf7, 0x1f,
0x00, 0x00, 0x00, 0x00, 0x00, 0x00, 0x00, 0x00, 0x00, 0x00, 0x00, 0x00, 0x00, 0x00, 0x00, 0x00,
0x00, 0x00, 0x00, 0x00, 0x00, 0x00, 0x00, 0x00, 0x00, 0x00, 0x00, 0x00, 0x00, 0x00, 0x00, 0x00,
0x00, 0x00, 0x00, 0x00, 0x00, 0x00, 0x00, 0x00, 0x00, 0x00, 0x00, 0x00, 0x00, 0x00, 0x00, 0x00,
0x00, 0x00, 0x00, 0x00, 0x00, 0x00, 0x00, 0x00, 0x00, 0x00, 0x00, 0x00, 0x00, 0x00, 0x00, 0x00,
0x00, 0x00, 0x00, 0x00, 0x00, 0x00, 0x00, 0x00, 0x00, 0x00, 0x00, 0x00, 0x00, 0x00, 0x00, 0x00,
0x00, 0x00, 0x00, 0x00, 0x00, 0x00, 0x00, 0x00, 0x00, 0x00, 0x00, 0x00, 0x0c, 0xa2, 0xf3, 0x16,
0x0b, 0x9e, 0xf4, 0xec, 0x0b, 0x9e, 0xf5, 0xff, 0x1f, 0x6d, 0x9b, 0xff, 0x36, 0x35, 0x34, 0xff,
0x3b, 0x29, 0x1e, 0xff, 0x3b, 0x29, 0x1e, 0xff, 0x3b, 0x29, 0x1e, 0xff, 0x3b, 0x29, 0x1e, 0xff,
0x3b, 0x29, 0x1e, 0xff, 0x3b, 0x29, 0x1e, 0xff, 0x3b, 0x29, 0x1e, 0xff, 0x3b, 0x29, 0x1e, 0xff,
0x3b, 0x29, 0x1e, 0xff, 0x3b, 0x29, 0x1e, 0xff, 0x3b, 0x29, 0x1e, 0xff, 0x3b, 0x29, 0x1e, 0xff,
0x3b, 0x29, 0x1e, 0xff, 0x3b, 0x29, 0x1e, 0xff, 0x3b, 0x29, 0x1e, 0xff, 0x3b, 0x29, 0x1e, 0xff,
0x35, 0x39, 0x3c, 0xff, 0x1a, 0x7b, 0xb5, 0xff, 0x0b, 0x9e, 0xf5, 0xff, 0x0c, 0x9e, 0xf5, 0xc7,
0x00, 0xaa, 0xff, 0x03, 0x00, 0x00, 0x00, 0x00, 0x00, 0x00, 0x00, 0x00, 0x00, 0x00, 0x00, 0x00,
0x00, 0x00, 0x00, 0x00, 0x00, 0x00, 0x00, 0x00, 0x00, 0x00, 0x00, 0x00, 0x00, 0x00, 0x00, 0x00,
0x00, 0x00, 0x00, 0x00, 0x00, 0x00, 0x00, 0x00, 0x00, 0x00, 0x00, 0x00, 0x00, 0x00, 0x00, 0x00,
0x00, 0x00, 0x00, 0x00, 0x00, 0x00, 0x00, 0x00, 0x00, 0x00, 0x00, 0x00, 0x00, 0x00, 0x00, 0x00,
0x00, 0x00, 0x00, 0x00, 0x00, 0x00, 0x00, 0x00, 0x00, 0x00, 0x00, 0x00, 0x00, 0x00, 0x00, 0x00,
0x00, 0x00, 0x00, 0x00, 0x00, 0x00, 0x00, 0x00, 0x00, 0x00, 0x00, 0x00, 0x0b, 0x9e, 0xf6, 0x88,
0x0b, 0x9e, 0xf5, 0xff, 0x1f, 0x6d, 0x9b, 0xff, 0x3b, 0x29, 0x1e, 0xff, 0x3b, 0x29, 0x1e, 0xff,
0x3b, 0x29, 0x1e, 0xff, 0x3b, 0x29, 0x1e, 0xff, 0x3b, 0x29, 0x1e, 0xff, 0x3b, 0x29, 0x1e, 0xff,
0x3b, 0x29, 0x1e, 0xff, 0x3b, 0x29, 0x1e, 0xff, 0x3b, 0x29, 0x1e, 0xff, 0x3b, 0x29, 0x1e, 0xff,
0x3b, 0x29, 0x1e, 0xff, 0x3b, 0x29, 0x1e, 0xff, 0x3b, 0x29, 0x1e, 0xff, 0x3b, 0x29, 0x1e, 0xff,
0x3b, 0x29, 0x1e, 0xff, 0x3b, 0x29, 0x1e, 0xff, 0x3b, 0x29, 0x1e, 0xff, 0x3b, 0x29, 0x1e, 0xff,
0x3b, 0x29, 0x1e, 0xff, 0x3a, 0x2b, 0x21, 0xff, 0x16, 0x82, 0xc0, 0xff, 0x0b, 0x9e, 0xf5, 0xff,
0x0c, 0x9e, 0xf6, 0x6c, 0x00, 0x00, 0x00, 0x00, 0x00, 0x00, 0x00, 0x00, 0x00, 0x00, 0x00, 0x00,
0x00, 0x00, 0x00, 0x00, 0x00, 0x00, 0x00, 0x00, 0x00, 0x00, 0x00, 0x00, 0x00, 0x00, 0x00, 0x00,
0x00, 0x00, 0x00, 0x00, 0x00, 0x00, 0x00, 0x00, 0x00, 0x00, 0x00, 0x00, 0x00, 0x00, 0x00, 0x00,
0x00, 0x00, 0x00, 0x00, 0x00, 0x00, 0x00, 0x00, 0x00, 0x00, 0x00, 0x00, 0x00, 0x00, 0x00, 0x00,
0x00, 0x00, 0x00, 0x00, 0x00, 0x00, 0x00, 0x00, 0x00, 0x00, 0x00, 0x00, 0x00, 0x00, 0x00, 0x00,
0x00, 0x00, 0x00, 0x00, 0x00, 0x00, 0x00, 0x00, 0x00, 0x00, 0x00, 0x00, 0x0b, 0x9d, 0xf5, 0xd1,
0x0b, 0x9e, 0xf5, 0xff, 0x36, 0x35, 0x34, 0xff, 0x3b, 0x29, 0x1e, 0xff, 0x3b, 0x29, 0x1e, 0xff,
0x3b, 0x29, 0x1e, 0xff, 0x3b, 0x29, 0x1e, 0xff, 0x3b, 0x29, 0x1e, 0xff, 0x3b, 0x29, 0x1e, 0xff,
0x3b, 0x29, 0x1e, 0xff, 0x3b, 0x29, 0x1e, 0xff, 0x3b, 0x29, 0x1e, 0xff, 0x3b, 0x29, 0x1e, 0xff,
0x3b, 0x29, 0x1e, 0xff, 0x3b, 0x29, 0x1e, 0xff, 0x3b, 0x29, 0x1e, 0xff, 0x3b, 0x29, 0x1e, 0xff,
0x3b, 0x29, 0x1e, 0xff, 0x3b, 0x29, 0x1e, 0xff, 0x3b, 0x29, 0x1e, 0xff, 0x3b, 0x29, 0x1e, 0xff,
0x3b, 0x29, 0x1e, 0xff, 0x3b, 0x29, 0x1e, 0xff, 0x33, 0x3e, 0x44, 0xff, 0x0b, 0x9e, 0xf5, 0xff,
0x0b, 0x9e, 0xf5, 0xc8, 0x00, 0x00, 0x00, 0x00, 0x00, 0x00, 0x00, 0x00, 0x00, 0x00, 0x00, 0x00,
0x00, 0x00, 0x00, 0x00, 0x00, 0x00, 0x00, 0x00, 0x00, 0x00, 0x00, 0x00, 0x00, 0x00, 0x00, 0x00,
0x00, 0x00, 0x00, 0x00, 0x00, 0x00, 0x00, 0x00, 0x00, 0x00, 0x00, 0x00, 0x00, 0x00, 0x00, 0x00,
0x00, 0x00, 0x00, 0x00, 0x00, 0x00, 0x00, 0x00, 0x00, 0x00, 0x00, 0x00, 0x00, 0x00, 0x00, 0x00,
0x00, 0x00, 0x00, 0x00, 0x00, 0x00, 0x00, 0x00, 0x00, 0x00, 0x00, 0x00, 0x00, 0x00, 0x00, 0x00,
0x00, 0x00, 0x00, 0x00, 0x00, 0x00, 0x00, 0x00, 0x00, 0x00, 0x00, 0x00, 0x0b, 0x9e, 0xf5, 0xec,
0x0d, 0x98, 0xeb, 0xff, 0x3b, 0x29, 0x1e, 0xff, 0x3b, 0x29, 0x1e, 0xff, 0x3b, 0x29, 0x1e, 0xff,
0x3b, 0x29, 0x1e, 0xff, 0x3b, 0x29, 0x1e, 0xff, 0x3b, 0x29, 0x1e, 0xff, 0x3b, 0x29, 0x1e, 0xff,
0x3b, 0x29, 0x1e, 0xff, 0x3b, 0x29, 0x1e, 0xff, 0x3b, 0x29, 0x1e, 0xff, 0x3b, 0x29, 0x1e, 0xff,
0x3b, 0x29, 0x1e, 0xff, 0x38, 0x37, 0x31, 0xff, 0x3b, 0x29, 0x1e, 0xff, 0x3b, 0x29, 0x1e, 0xff,
0x3b, 0x29, 0x1e, 0xff, 0x3b, 0x29, 0x1e, 0xff, 0x3b, 0x29, 0x1e, 0xff, 0x3b, 0x29, 0x1e, 0xff,
0x3b, 0x29, 0x1e, 0xff, 0x3b, 0x29, 0x1e, 0xff, 0x3b, 0x29, 0x1e, 0xff, 0x0d, 0x99, 0xea, 0xff,
0x0b, 0x9e, 0xf5, 0xeb, 0x00, 0x00, 0x00, 0x00, 0x00, 0x00, 0x00, 0x00, 0x00, 0x00, 0x00, 0x00,
0x00, 0x00, 0x00, 0x00, 0x00, 0x00, 0x00, 0x00, 0x00, 0x00, 0x00, 0x00, 0x00, 0x00, 0x00, 0x00,
0x00, 0x00, 0x00, 0x00, 0x00, 0x00, 0x00, 0x00, 0x00, 0x00, 0x00, 0x00, 0x00, 0x00, 0x00, 0x00,
0x00, 0x00, 0x00, 0x00, 0x00, 0x00, 0x00, 0x00, 0x00, 0x00, 0x00, 0x00, 0x00, 0x00, 0x00, 0x00,
0x00, 0x00, 0x00, 0x00, 0x00, 0x00, 0x00, 0x00, 0x00, 0x00, 0x00, 0x00, 0x00, 0x00, 0x00, 0x00,
0x00, 0x00, 0x00, 0x00, 0x00, 0x00, 0x00, 0x00, 0x00, 0x00, 0x00, 0x00, 0x0b, 0x9e, 0xf5, 0xef,
0x0e, 0x97, 0xe8, 0xff, 0x3b, 0x29, 0x1e, 0xff, 0x3b, 0x29, 0x1e, 0xff, 0x3b, 0x29, 0x1e, 0xff,
0x3b, 0x29, 0x1e, 0xff, 0x3b, 0x29, 0x1e, 0xff, 0x3b, 0x29, 0x1e, 0xff, 0x3b, 0x29, 0x1e, 0xff,
0x3b, 0x29, 0x1e, 0xff, 0x3b, 0x29, 0x1e, 0xff, 0x3b, 0x29, 0x1e, 0xff, 0x3b, 0x29, 0x1e, 0xff,
0x2f, 0x5e, 0x65, 0xff, 0x2d, 0x65, 0x6f, 0xff, 0x3b, 0x29, 0x1e, 0xff, 0x3b, 0x29, 0x1e, 0xff,
0x3b, 0x29, 0x1e, 0xff, 0x3b, 0x29, 0x1e, 0xff, 0x3b, 0x29, 0x1e, 0xff, 0x3b, 0x29, 0x1e, 0xff,
0x3b, 0x29, 0x1e, 0xff, 0x3b, 0x29, 0x1e, 0xff, 0x3b, 0x29, 0x1e, 0xff, 0x0e, 0x97, 0xe8, 0xff,
0x0b, 0x9e, 0xf5, 0xef, 0x00, 0x00, 0x00, 0x00, 0x00, 0x00, 0x00, 0x00, 0x00, 0x00, 0x00, 0x00,
0x00, 0x00, 0x00, 0x00, 0x00, 0x00, 0x00, 0x00, 0x00, 0x00, 0x00, 0x00, 0x00, 0x00, 0x00, 0x00,
0x00, 0x00, 0x00, 0x00, 0x00, 0x00, 0x00, 0x00, 0x00, 0x00, 0x00, 0x00, 0x00, 0x00, 0x00, 0x00,
0x00, 0x00, 0x00, 0x00, 0x00, 0x00, 0x00, 0x00, 0x00, 0x00, 0x00, 0x00, 0x00, 0x00, 0x00, 0x00,
0x00, 0x00, 0x00, 0x00, 0x00, 0x00, 0x00, 0x00, 0x00, 0x00, 0x00, 0x00, 0x00, 0x00, 0x00, 0x00,
0x00, 0x00, 0x00, 0x00, 0x00, 0x00, 0x00, 0x00, 0x00, 0x00, 0x00, 0x00, 0x0b, 0x9e, 0xf5, 0xef,
0x0e, 0x97, 0xe8, 0xff, 0x3b, 0x29, 0x1e, 0xff, 0x3b, 0x29, 0x1e, 0xff, 0x3b, 0x29, 0x1e, 0xff,
0x3b, 0x29, 0x1e, 0xff, 0x3b, 0x29, 0x1e, 0xff, 0x3b, 0x29, 0x1e, 0xff, 0x3b, 0x29, 0x1e, 0xff,
0x3b, 0x29, 0x1e, 0xff, 0x3b, 0x29, 0x1e, 0xff, 0x3b, 0x29, 0x1e, 0xff, 0x33, 0x49, 0x49, 0xff,
0x17, 0xc5, 0xf0, 0xff, 0x31, 0x52, 0x55, 0xff, 0x3b, 0x29, 0x1e, 0xff, 0x3b, 0x29, 0x1e, 0xff,
0x3b, 0x29, 0x1e, 0xff, 0x3b, 0x29, 0x1e, 0xff, 0x3b, 0x29, 0x1e, 0xff, 0x3b, 0x29, 0x1e, 0xff,
0x3b, 0x29, 0x1e, 0xff, 0x3b, 0x29, 0x1e, 0xff, 0x3b, 0x29, 0x1e, 0xff, 0x0e, 0x97, 0xe8, 0xff,
0x0b, 0x9e, 0xf5, 0xef, 0x00, 0x00, 0x00, 0x00, 0x00, 0x00, 0x00, 0x00, 0x00, 0x00, 0x00, 0x00,
0x00, 0x00, 0x00, 0x00, 0x00, 0x00, 0x00, 0x00, 0x00, 0x00, 0x00, 0x00, 0x00, 0x00, 0x00, 0x00,
0x00, 0x00, 0x00, 0x00, 0x00, 0x00, 0x00, 0x00, 0x00, 0x00, 0x00, 0x00, 0x00, 0x00, 0x00, 0x00,
0x00, 0x00, 0x00, 0x00, 0x00, 0x00, 0x00, 0x00, 0x00, 0x00, 0x00, 0x00, 0x00, 0x00, 0x00, 0x00,
0x00, 0x00, 0x00, 0x00, 0x00, 0x00, 0x00, 0x00, 0x00, 0x00, 0x00, 0x00, 0x00, 0x00, 0x00, 0x00,
0x00, 0x00, 0x00, 0x00, 0x00, 0x00, 0x00, 0x00, 0x00, 0x00, 0x00, 0x00, 0x0b, 0x9e, 0xf5, 0xef,
0x0e, 0x97, 0xe8, 0xff, 0x3b, 0x29, 0x1e, 0xff, 0x3b, 0x29, 0x1e, 0xff, 0x3b, 0x29, 0x1e, 0xff,
0x3b, 0x29, 0x1e, 0xff, 0x3b, 0x29, 0x1e, 0xff, 0x3b, 0x29, 0x1e, 0xff, 0x3b, 0x29, 0x1e, 0xff,
0x3b, 0x29, 0x1e, 0xff, 0x3b, 0x29, 0x1e, 0xff, 0x37, 0x39, 0x34, 0xff, 0x19, 0xba, 0xe2, 0xff,
0x15, 0xcc, 0xfa, 0xff, 0x37, 0x3e, 0x39, 0xff, 0x3b, 0x29, 0x1e, 0xff, 0x3b, 0x29, 0x1e, 0xff,
0x3b, 0x29, 0x1e, 0xff, 0x3b, 0x29, 0x1e, 0xff, 0x3b, 0x29, 0x1e, 0xff, 0x3b, 0x29, 0x1e, 0xff,
0x3b, 0x29, 0x1e, 0xff, 0x3b, 0x29, 0x1e, 0xff, 0x3b, 0x29, 0x1e, 0xff, 0x0e, 0x97, 0xe8, 0xff,
0x0b, 0x9e, 0xf5, 0xef, 0x00, 0x00, 0x00, 0x00, 0x00, 0x00, 0x00, 0x00, 0x00, 0x00, 0x00, 0x00,
0x00, 0x00, 0x00, 0x00, 0x00, 0x00, 0x00, 0x00, 0x00, 0x00, 0x00, 0x00, 0x00, 0x00, 0x00, 0x00,
0x00, 0x00, 0x00, 0x00, 0x00, 0x00, 0x00, 0x00, 0x00, 0x00, 0x00, 0x00, 0x00, 0x00, 0x00, 0x00,
0x00, 0x00, 0x00, 0x00, 0x00, 0x00, 0x00, 0x00, 0x00, 0x00, 0x00, 0x00, 0x00, 0x00, 0x00, 0x00,
0x00, 0x00, 0x00, 0x00, 0x00, 0x00, 0x00, 0x00, 0x00, 0x00, 0x00, 0x00, 0x00, 0x00, 0x00, 0x00,
0x00, 0x00, 0x00, 0x00, 0x00, 0x00, 0x00, 0x00, 0x00, 0x00, 0x00, 0x00, 0x0b, 0x9e, 0xf5, 0xef,
0x0e, 0x97, 0xe8, 0xff, 0x3b, 0x29, 0x1e, 0xff, 0x3b, 0x29, 0x1e, 0xff, 0x3b, 0x29, 0x1e, 0xff,
0x3b, 0x29, 0x1e, 0xff, 0x3b, 0x29, 0x1e, 0xff, 0x3b, 0x29, 0x1e, 0xff, 0x3b, 0x29, 0x1e, 0xff,
0x3b, 0x29, 0x1e, 0xff, 0x3a, 0x2f, 0x26, 0xff, 0x1d, 0xaa, 0xcb, 0xff, 0x15, 0xcc, 0xfa, 0xff,
0x16, 0xca, 0xf6, 0xff, 0x3a, 0x2b, 0x22, 0xff, 0x3b, 0x29, 0x1e, 0xff, 0x3b, 0x29, 0x1e, 0xff,
0x3b, 0x29, 0x1e, 0xff, 0x3b, 0x29, 0x1e, 0xff, 0x3b, 0x29, 0x1e, 0xff, 0x3b, 0x29, 0x1e, 0xff,
0x3b, 0x29, 0x1e, 0xff, 0x3b, 0x29, 0x1e, 0xff, 0x3b, 0x29, 0x1e, 0xff, 0x0e, 0x97, 0xe8, 0xff,
0x0b, 0x9e, 0xf5, 0xef, 0x00, 0x00, 0x00, 0x00, 0x00, 0x00, 0x00, 0x00, 0x00, 0x00, 0x00, 0x00,
0x00, 0x00, 0x00, 0x00, 0x00, 0x00, 0x00, 0x00, 0x00, 0x00, 0x00, 0x00, 0x00, 0x00, 0x00, 0x00,
0x00, 0x00, 0x00, 0x00, 0x00, 0x00, 0x00, 0x00, 0x00, 0x00, 0x00, 0x00, 0x00, 0x00, 0x00, 0x00,
0x00, 0x00, 0x00, 0x00, 0x00, 0x00, 0x00, 0x00, 0x00, 0x00, 0x00, 0x00, 0x00, 0x00, 0x00, 0x00,
0x00, 0x00, 0x00, 0x00, 0x00, 0x00, 0x00, 0x00, 0x00, 0x00, 0x00, 0x00, 0x00, 0x00, 0x00, 0x00,
0x00, 0x00, 0x00, 0x00, 0x00, 0x00, 0x00, 0x00, 0x00, 0x00, 0x00, 0x00, 0x0b, 0x9e, 0xf5, 0xef,
0x0e, 0x97, 0xe8, 0xff, 0x3b, 0x29, 0x1e, 0xff, 0x3b, 0x29, 0x1e, 0xff, 0x3b, 0x29, 0x1e, 0xff,
0x3b, 0x29, 0x1e, 0xff, 0x3b, 0x29, 0x1e, 0xff, 0x3b, 0x29, 0x1e, 0xff, 0x3b, 0x29, 0x1e, 0xff,
0x3b, 0x2a, 0x1f, 0xff, 0x23, 0x93, 0xad, 0xff, 0x15, 0xcc, 0xfa, 0xff, 0x15, 0xcc, 0xfa, 0xff,
0x19, 0xb7, 0xdf, 0xff, 0x3b, 0x29, 0x1e, 0xff, 0x3b, 0x29, 0x1e, 0xff, 0x3b, 0x29, 0x1e, 0xff,
0x3b, 0x29, 0x1e, 0xff, 0x3b, 0x29, 0x1e, 0xff, 0x3b, 0x29, 0x1e, 0xff, 0x3b, 0x29, 0x1e, 0xff,
0x3b, 0x29, 0x1e, 0xff, 0x3b, 0x29, 0x1e, 0xff, 0x3b, 0x29, 0x1e, 0xff, 0x0e, 0x97, 0xe8, 0xff,
0x0b, 0x9e, 0xf5, 0xef, 0x00, 0x00, 0x00, 0x00, 0x00, 0x00, 0x00, 0x00, 0x00, 0x00, 0x00, 0x00,
0x00, 0x00, 0x00, 0x00, 0x00, 0x00, 0x00, 0x00, 0x00, 0x00, 0x00, 0x00, 0x00, 0x00, 0x00, 0x00,
0x00, 0x00, 0x00, 0x00, 0x00, 0x00, 0x00, 0x00, 0x00, 0x00, 0x00, 0x00, 0x00, 0x00, 0x00, 0x00,
0x00, 0x00, 0x00, 0x00, 0x00, 0x00, 0x00, 0x00, 0x00, 0x00, 0x00, 0x00, 0x00, 0x00, 0x00, 0x00,
0x00, 0x00, 0x00, 0x00, 0x00, 0x00, 0x00, 0x00, 0x00, 0x00, 0x00, 0x00, 0x00, 0x00, 0x00, 0x00,
0x00, 0x00, 0x00, 0x00, 0x00, 0x00, 0x00, 0x00, 0x00, 0x00, 0x00, 0x00, 0x0b, 0x9e, 0xf5, 0xef,
0x0e, 0x97, 0xe8, 0xff, 0x3b, 0x29, 0x1e, 0xff, 0x3b, 0x29, 0x1e, 0xff, 0x3b, 0x29, 0x1e, 0xff,
0x3b, 0x29, 0x1e, 0xff, 0x3b, 0x29, 0x1e, 0xff, 0x3b, 0x29, 0x1e, 0xff, 0x3b, 0x29, 0x1e, 0xff,
0x28, 0x7a, 0x8c, 0xff, 0x15, 0xcc, 0xfa, 0xff, 0x15, 0xcc, 0xfa, 0xff, 0x15, 0xcc, 0xfa, 0xff,
0x1a, 0xb9, 0xe1, 0xff, 0x29, 0x75, 0x85, 0xff, 0x29, 0x75, 0x85, 0xff, 0x29, 0x75, 0x85, 0xff,
0x29, 0x75, 0x85, 0xff, 0x2d, 0x64, 0x6e, 0xff, 0x3b, 0x29, 0x1e, 0xff, 0x3b, 0x29, 0x1e, 0xff,
0x3b, 0x29, 0x1e, 0xff, 0x3b, 0x29, 0x1e, 0xff, 0x3b, 0x29, 0x1e, 0xff, 0x0e, 0x97, 0xe8, 0xff,
0x0b, 0x9e, 0xf5, 0xef, 0x00, 0x00, 0x00, 0x00, 0x00, 0x00, 0x00, 0x00, 0x00, 0x00, 0x00, 0x00,
0x00, 0x00, 0x00, 0x00, 0x00, 0x00, 0x00, 0x00, 0x00, 0x00, 0x00, 0x00, 0x00, 0x00, 0x00, 0x00,
0x00, 0x00, 0x00, 0x00, 0x00, 0x00, 0x00, 0x00, 0x00, 0x00, 0x00, 0x00, 0x00, 0x00, 0x00, 0x00,
0x00, 0x00, 0x00, 0x00, 0x00, 0x00, 0x00, 0x00, 0x00, 0x00, 0x00, 0x00, 0x00, 0x00, 0x00, 0x00,
0x00, 0x00, 0x00, 0x00, 0x00, 0x00, 0x00, 0x00, 0x00, 0x00, 0x00, 0x00, 0x00, 0x00, 0x00, 0x00,
0x00, 0x00, 0x00, 0x00, 0x00, 0x00, 0x00, 0x00, 0x00, 0x00, 0x00, 0x00, 0x0b, 0x9e, 0xf5, 0xef,
0x0e, 0x97, 0xe8, 0xff, 0x3b, 0x29, 0x1e, 0xff, 0x3b, 0x29, 0x1e, 0xff, 0x3b, 0x29, 0x1e, 0xff,
0x3b, 0x29, 0x1e, 0xff, 0x3b, 0x29, 0x1e, 0xff, 0x3b, 0x29, 0x1e, 0xff, 0x2f, 0x5e, 0x65, 0xff,
0x15, 0xcb, 0xf9, 0xff, 0x15, 0xcc, 0xfa, 0xff, 0x15, 0xcc, 0xfa, 0xff, 0x15, 0xcc, 0xfa, 0xff,
0x15, 0xcc, 0xfa, 0xff, 0x15, 0xcc, 0xfa, 0xff, 0x15, 0xcc, 0xfa, 0xff, 0x15, 0xcc, 0xfa, 0xff,
0x16, 0xc7, 0xf3, 0xff, 0x33, 0x4b, 0x4d, 0xff, 0x3b, 0x29, 0x1e, 0xff, 0x3b, 0x29, 0x1e, 0xff,
0x3b, 0x29, 0x1e, 0xff, 0x3b, 0x29, 0x1e, 0xff, 0x3b, 0x29, 0x1e, 0xff, 0x0e, 0x97, 0xe8, 0xff,
0x0b, 0x9e, 0xf5, 0xef, 0x00, 0x00, 0x00, 0x00, 0x00, 0x00, 0x00, 0x00, 0x00, 0x00, 0x00, 0x00,
0x00, 0x00, 0x00, 0x00, 0x00, 0x00, 0x00, 0x00, 0x00, 0x00, 0x00, 0x00, 0x00, 0x00, 0x00, 0x00,
0x00, 0x00, 0x00, 0x00, 0x00, 0x00, 0x00, 0x00, 0x00, 0x00, 0x00, 0x00, 0x00, 0x00, 0x00, 0x00,
0x00, 0x00, 0x00, 0x00, 0x00, 0x00, 0x00, 0x00, 0x00, 0x00, 0x00, 0x00, 0x00, 0x00, 0x00, 0x00,
0x00, 0x00, 0x00, 0x00, 0x00, 0x00, 0x00, 0x00, 0x00, 0x00, 0x00, 0x00, 0x00, 0x00, 0x00, 0x00,
0x00, 0x00, 0x00, 0x00, 0x00, 0x00, 0x00, 0x00, 0x00, 0x00, 0x00, 0x00, 0x0b, 0x9e, 0xf5, 0xef,
0x0e, 0x97, 0xe8, 0xff, 0x3b, 0x29, 0x1e, 0xff, 0x3b, 0x29, 0x1e, 0xff, 0x3b, 0x29, 0x1e, 0xff,
0x3b, 0x29, 0x1e, 0xff, 0x3b, 0x29, 0x1e, 0xff, 0x33, 0x49, 0x49, 0xff, 0x17, 0xc5, 0xf0, 0xff,
0x15, 0xcc, 0xfa, 0xff, 0x15, 0xcc, 0xfa, 0xff, 0x15, 0xcc, 0xfa, 0xff, 0x15, 0xcc, 0xfa, 0xff,
0x15, 0xcc, 0xfa, 0xff, 0x15, 0xcc, 0xfa, 0xff, 0x15, 0xcc, 0xfa, 0xff, 0x15, 0xcb, 0xf9, 0xff,
0x2d, 0x62, 0x6b, 0xff, 0x3b, 0x29, 0x1e, 0xff, 0x3b, 0x29, 0x1e, 0xff, 0x3b, 0x29, 0x1e, 0xff,
0x3b, 0x29, 0x1e, 0xff, 0x3b, 0x29, 0x1e, 0xff, 0x3b, 0x29, 0x1e, 0xff, 0x0e, 0x97, 0xe8, 0xff,
0x0b, 0x9e, 0xf5, 0xef, 0x00, 0x00, 0x00, 0x00, 0x00, 0x00, 0x00, 0x00, 0x00, 0x00, 0x00, 0x00,
0x00, 0x00, 0x00, 0x00, 0x00, 0x00, 0x00, 0x00, 0x00, 0x00, 0x00, 0x00, 0x00, 0x00, 0x00, 0x00,
0x00, 0x00, 0x00, 0x00, 0x00, 0x00, 0x00, 0x00, 0x00, 0x00, 0x00, 0x00, 0x00, 0x00, 0x00, 0x00,
0x00, 0x00, 0x00, 0x00, 0x00, 0x00, 0x00, 0x00, 0x00, 0x00, 0x00, 0x00, 0x00, 0x00, 0x00, 0x00,
0x00, 0x00, 0x00, 0x00, 0x00, 0x00, 0x00, 0x00, 0x00, 0x00, 0x00, 0x00, 0x00, 0x00, 0x00, 0x00,
0x00, 0x00, 0x00, 0x00, 0x00, 0x00, 0x00, 0x00, 0x00, 0x00, 0x00, 0x00, 0x0b, 0x9e, 0xf5, 0xef,
0x0e, 0x97, 0xe8, 0xff, 0x3b, 0x29, 0x1e, 0xff, 0x3b, 0x29, 0x1e, 0xff, 0x3b, 0x29, 0x1e, 0xff,
0x3b, 0x29, 0x1e, 0xff, 0x3b, 0x29, 0x1e, 0xff, 0x2b, 0x6f, 0x7d, 0xff, 0x27, 0x80, 0x93, 0xff,
0x27, 0x80, 0x93, 0xff, 0x27, 0x80, 0x93, 0xff, 0x27, 0x80, 0x93, 0xff, 0x19, 0xbb, 0xe4, 0xff,
0x15, 0xcc, 0xfa, 0xff, 0x15, 0xcc, 0xfa, 0xff, 0x15, 0xcc, 0xfa, 0xff, 0x28, 0x7a, 0x8c, 0xff,
0x3b, 0x29, 0x1e, 0xff, 0x3b, 0x29, 0x1e, 0xff, 0x3b, 0x29, 0x1e, 0xff, 0x3b, 0x29, 0x1e, 0xff,
0x3b, 0x29, 0x1e, 0xff, 0x3b, 0x29, 0x1e, 0xff, 0x3b, 0x29, 0x1e, 0xff, 0x0e, 0x97, 0xe8, 0xff,
0x0b, 0x9e, 0xf5, 0xef, 0x00, 0x00, 0x00, 0x00, 0x00, 0x00, 0x00, 0x00, 0x00, 0x00, 0x00, 0x00,
0x00, 0x00, 0x00, 0x00, 0x00, 0x00, 0x00, 0x00, 0x00, 0x00, 0x00, 0x00, 0x00, 0x00, 0x00, 0x00,
0x00, 0x00, 0x00, 0x00, 0x00, 0x00, 0x00, 0x00, 0x00, 0x00, 0x00, 0x00, 0x00, 0x00, 0x00, 0x00,
0x00, 0x00, 0x00, 0x00, 0x00, 0x00, 0x00, 0x00, 0x00, 0x00, 0x00, 0x00, 0x00, 0x00, 0x00, 0x00,
0x00, 0x00, 0x00, 0x00, 0x00, 0x00, 0x00, 0x00, 0x00, 0x00, 0x00, 0x00, 0x00, 0x00, 0x00, 0x00,
0x00, 0x00, 0x00, 0x00, 0x00, 0x00, 0x00, 0x00, 0x00, 0x00, 0x00, 0x00, 0x0b, 0x9e, 0xf5, 0xef,
0x0e, 0x97, 0xe8, 0xff, 0x3b, 0x29, 0x1e, 0xff, 0x3b, 0x29, 0x1e, 0xff, 0x3b, 0x29, 0x1e, 0xff,
0x3b, 0x29, 0x1e, 0xff, 0x3b, 0x29, 0x1e, 0xff, 0x3b, 0x29, 0x1e, 0xff, 0x3b, 0x29, 0x1e, 0xff,
0x3b, 0x29, 0x1e, 0xff, 0x3b, 0x29, 0x1e, 0xff, 0x3b, 0x29, 0x1e, 0xff, 0x19, 0xb7, 0xdf, 0xff,
0x15, 0xcc, 0xfa, 0xff, 0x15, 0xcc, 0xfa, 0xff, 0x21, 0x97, 0xb3, 0xff, 0x3b, 0x2a, 0x1f, 0xff,
0x3b, 0x29, 0x1e, 0xff, 0x3b, 0x29, 0x1e, 0xff, 0x3b, 0x29, 0x1e, 0xff, 0x3b, 0x29, 0x1e, 0xff,
0x3b, 0x29, 0x1e, 0xff, 0x3b, 0x29, 0x1e, 0xff, 0x3b, 0x29, 0x1e, 0xff, 0x0e, 0x97, 0xe8, 0xff,
0x0b, 0x9e, 0xf5, 0xef, 0x00, 0x00, 0x00, 0x00, 0x00, 0x00, 0x00, 0x00, 0x00, 0x00, 0x00, 0x00,
0x00, 0x00, 0x00, 0x00, 0x00, 0x00, 0x00, 0x00, 0x00, 0x00, 0x00, 0x00, 0x00, 0x00, 0x00, 0x00,
0x00, 0x00, 0x00, 0x00, 0x00, 0x00, 0x00, 0x00, 0x00, 0x00, 0x00, 0x00, 0x00, 0x00, 0x00, 0x00,
0x00, 0x00, 0x00, 0x00, 0x00, 0x00, 0x00, 0x00, 0x00, 0x00, 0x00, 0x00, 0x00, 0x00, 0x00, 0x00,
0x00, 0x00, 0x00, 0x00, 0x00, 0x00, 0x00, 0x00, 0x00, 0x00, 0x00, 0x00, 0x00, 0x00, 0x00, 0x00,
0x00, 0x00, 0x00, 0x00, 0x00, 0x00, 0x00, 0x00, 0x00, 0x00, 0x00, 0x00, 0x0b, 0x9e, 0xf5, 0xef,
0x0e, 0x97, 0xe8, 0xff, 0x3b, 0x29, 0x1e, 0xff, 0x3b, 0x29, 0x1e, 0xff, 0x3b, 0x29, 0x1e, 0xff,
0x3b, 0x29, 0x1e, 0xff, 0x3b, 0x29, 0x1e, 0xff, 0x3b, 0x29, 0x1e, 0xff, 0x3b, 0x29, 0x1e, 0xff,
0x3b, 0x29, 0x1e, 0xff, 0x3b, 0x29, 0x1e, 0xff, 0x3a, 0x2b, 0x22, 0xff, 0x16, 0xca, 0xf6, 0xff,
0x15, 0xcc, 0xfa, 0xff, 0x1d, 0xac, 0xcf, 0xff, 0x39, 0x30, 0x28, 0xff, 0x3b, 0x29, 0x1e, 0xff,
0x3b, 0x29, 0x1e, 0xff, 0x3b, 0x29, 0x1e, 0xff, 0x3b, 0x29, 0x1e, 0xff, 0x3b, 0x29, 0x1e, 0xff,
0x3b, 0x29, 0x1e, 0xff, 0x3b, 0x29, 0x1e, 0xff, 0x3b, 0x29, 0x1e, 0xff, 0x0e, 0x97, 0xe8, 0xff,
0x0b, 0x9e, 0xf5, 0xef, 0x00, 0x00, 0x00, 0x00, 0x00, 0x00, 0x00, 0x00, 0x00, 0x00, 0x00, 0x00,
0x00, 0x00, 0x00, 0x00, 0x00, 0x00, 0x00, 0x00, 0x00, 0x00, 0x00, 0x00, 0x00, 0x00, 0x00, 0x00,
0x00, 0x00, 0x00, 0x00, 0x00, 0x00, 0x00, 0x00, 0x00, 0x00, 0x00, 0x00, 0x00, 0x00, 0x00, 0x00,
0x00, 0x00, 0x00, 0x00, 0x00, 0x00, 0x00, 0x00, 0x00, 0x00, 0x00, 0x00, 0x00, 0x00, 0x00, 0x00,
0x00, 0x00, 0x00, 0x00, 0x00, 0x00, 0x00, 0x00, 0x00, 0x00, 0x00, 0x00, 0x00, 0x00, 0x00, 0x00,
0x00, 0x00, 0x00, 0x00, 0x00, 0x00, 0x00, 0x00, 0x00, 0x00, 0x00, 0x00, 0x0b, 0x9e, 0xf5, 0xef,
0x0e, 0x97, 0xe8, 0xff, 0x3b, 0x29, 0x1e, 0xff, 0x3b, 0x29, 0x1e, 0xff, 0x3b, 0x29, 0x1e, 0xff,
0x3b, 0x29, 0x1e, 0xff, 0x3b, 0x29, 0x1e, 0xff, 0x3b, 0x29, 0x1e, 0xff, 0x3b, 0x29, 0x1e, 0xff,
0x3b, 0x29, 0x1e, 0xff, 0x3b, 0x29, 0x1e, 0xff, 0x37, 0x3e, 0x39, 0xff, 0x15, 0xcc, 0xfa, 0xff,
0x19, 0xbc, 0xe4, 0xff, 0x37, 0x3a, 0x36, 0xff, 0x3b, 0x29, 0x1e, 0xff, 0x3b, 0x29, 0x1e, 0xff,
0x3b, 0x29, 0x1e, 0xff, 0x3b, 0x29, 0x1e, 0xff, 0x3b, 0x29, 0x1e, 0xff, 0x3b, 0x29, 0x1e, 0xff,
0x3b, 0x29, 0x1e, 0xff, 0x3b, 0x29, 0x1e, 0xff, 0x3b, 0x29, 0x1e, 0xff, 0x0e, 0x97, 0xe8, 0xff,
0x0b, 0x9e, 0xf5, 0xef, 0x00, 0x00, 0x00, 0x00, 0x00, 0x00, 0x00, 0x00, 0x00, 0x00, 0x00, 0x00,
0x00, 0x00, 0x00, 0x00, 0x00, 0x00, 0x00, 0x00, 0x00, 0x00, 0x00, 0x00, 0x00, 0x00, 0x00, 0x00,
0x00, 0x00, 0x00, 0x00, 0x00, 0x00, 0x00, 0x00, 0x00, 0x00, 0x00, 0x00, 0x00, 0x00, 0x00, 0x00,
0x00, 0x00, 0x00, 0x00, 0x00, 0x00, 0x00, 0x00, 0x00, 0x00, 0x00, 0x00, 0x00, 0x00, 0x00, 0x00,
0x00, 0x00, 0x00, 0x00, 0x00, 0x00, 0x00, 0x00, 0x00, 0x00, 0x00, 0x00, 0x00, 0x00, 0x00, 0x00,
0x00, 0x00, 0x00, 0x00, 0x00, 0x00, 0x00, 0x00, 0x00, 0x00, 0x00, 0x00, 0x0b, 0x9e, 0xf5, 0xef,
0x0e, 0x97, 0xe8, 0xff, 0x3b, 0x29, 0x1e, 0xff, 0x3b, 0x29, 0x1e, 0xff, 0x3b, 0x29, 0x1e, 0xff,
0x3b, 0x29, 0x1e, 0xff, 0x3b, 0x29, 0x1e, 0xff, 0x3b, 0x29, 0x1e, 0xff, 0x3b, 0x29, 0x1e, 0xff,
0x3b, 0x29, 0x1e, 0xff, 0x3b, 0x29, 0x1e, 0xff, 0x31, 0x52, 0x55, 0xff, 0x16, 0xc7, 0xf3, 0xff,
0x33, 0x4b, 0x4d, 0xff, 0x3b, 0x29, 0x1e, 0xff, 0x3b, 0x29, 0x1e, 0xff, 0x3b, 0x29, 0x1e, 0xff,
0x3b, 0x29, 0x1e, 0xff, 0x3b, 0x29, 0x1e, 0xff, 0x3b, 0x29, 0x1e, 0xff, 0x3b, 0x29, 0x1e, 0xff,
0x3b, 0x29, 0x1e, 0xff, 0x3b, 0x29, 0x1e, 0xff, 0x3b, 0x29, 0x1e, 0xff, 0x0e, 0x97, 0xe8, 0xff,
0x0b, 0x9e, 0xf5, 0xef, 0x00, 0x00, 0x00, 0x00, 0x00, 0x00, 0x00, 0x00, 0x00, 0x00, 0x00, 0x00,
0x00, 0x00, 0x00, 0x00, 0x00, 0x00, 0x00, 0x00, 0x00, 0x00, 0x00, 0x00, 0x00, 0x00, 0x00, 0x00,
0x00, 0x00, 0x00, 0x00, 0x00, 0x00, 0x00, 0x00, 0x00, 0x00, 0x00, 0x00, 0x00, 0x00, 0x00, 0x00,
0x00, 0x00, 0x00, 0x00, 0x00, 0x00, 0x00, 0x00, 0x00, 0x00, 0x00, 0x00, 0x00, 0x00, 0x00, 0x00,
0x00, 0x00, 0x00, 0x00, 0x00, 0x00, 0x00, 0x00, 0x00, 0x00, 0x00, 0x00, 0x00, 0x00, 0x00, 0x00,
0x00, 0x00, 0x00, 0x00, 0x00, 0x00, 0x00, 0x00, 0x00, 0x00, 0x00, 0x00, 0x0b, 0x9e, 0xf5, 0xef,
0x0e, 0x97, 0xe8, 0xff, 0x3b, 0x29, 0x1e, 0xff, 0x3b, 0x29, 0x1e, 0xff, 0x3b, 0x29, 0x1e, 0xff,
0x3b, 0x29, 0x1e, 0xff, 0x3b, 0x29, 0x1e, 0xff, 0x3b, 0x29, 0x1e, 0xff, 0x3b, 0x29, 0x1e, 0xff,
0x3b, 0x29, 0x1e, 0xff, 0x3b, 0x29, 0x1e, 0xff, 0x2d, 0x66, 0x70, 0xff, 0x2d, 0x62, 0x6b, 0xff,
0x3b, 0x29, 0x1e, 0xff, 0x3b, 0x29, 0x1e, 0xff, 0x3b, 0x29, 0x1e, 0xff, 0x3b, 0x29, 0x1e, 0xff,
0x3b, 0x29, 0x1e, 0xff, 0x3b, 0x29, 0x1e, 0xff, 0x3b, 0x29, 0x1e, 0xff, 0x3b, 0x29, 0x1e, 0xff,
0x3b, 0x29, 0x1e, 0xff, 0x3b, 0x29, 0x1e, 0xff, 0x3b, 0x29, 0x1e, 0xff, 0x0e, 0x97, 0xe8, 0xff,
0x0b, 0x9e, 0xf5, 0xef, 0x00, 0x00, 0x00, 0x00, 0x00, 0x00, 0x00, 0x00, 0x00, 0x00, 0x00, 0x00,
0x00, 0x00, 0x00, 0x00, 0x00, 0x00, 0x00, 0x00, 0x00, 0x00, 0x00, 0x00, 0x00, 0x00, 0x00, 0x00,
0x00, 0x00, 0x00, 0x00, 0x00, 0x00, 0x00, 0x00, 0x00, 0x00, 0x00, 0x00, 0x00, 0x00, 0x00, 0x00,
0x00, 0x00, 0x00, 0x00, 0x00, 0x00, 0x00, 0x00, 0x00, 0x00, 0x00, 0x00, 0x00, 0x00, 0x00, 0x00,
0x00, 0x00, 0x00, 0x00, 0x00, 0x00, 0x00, 0x00, 0x00, 0x00, 0x00, 0x00, 0x00, 0x00, 0x00, 0x00,
0x00, 0x00, 0x00, 0x00, 0x00, 0x00, 0x00, 0x00, 0x00, 0x00, 0x00, 0x00, 0x0b, 0x9e, 0xf5, 0xeb,
0x0d, 0x99, 0xea, 0xff, 0x3b, 0x29, 0x1e, 0xff, 0x3b, 0x29, 0x1e, 0xff, 0x3b, 0x29, 0x1e, 0xff,
0x3b, 0x29, 0x1e, 0xff, 0x3b, 0x29, 0x1e, 0xff, 0x3b, 0x29, 0x1e, 0xff, 0x3b, 0x29, 0x1e, 0xff,
0x3b, 0x29, 0x1e, 0xff, 0x3b, 0x29, 0x1e, 0xff, 0x38, 0x37, 0x31, 0xff, 0x3b, 0x29, 0x1e, 0xff,
0x3b, 0x29, 0x1e, 0xff, 0x3b, 0x29, 0x1e, 0xff, 0x3b, 0x29, 0x1e, 0xff, 0x3b, 0x29, 0x1e, 0xff,
0x3b, 0x29, 0x1e, 0xff, 0x3b, 0x29, 0x1e, 0xff, 0x3b, 0x29, 0x1e, 0xff, 0x3b, 0x29, 0x1e, 0xff,
0x3b, 0x29, 0x1e, 0xff, 0x3b, 0x29, 0x1e, 0xff, 0x3b, 0x29, 0x1e, 0xff, 0x0d, 0x99, 0xea, 0xff,
0x0b, 0x9e, 0xf5, 0xec, 0x00, 0x00, 0x00, 0x00, 0x00, 0x00, 0x00, 0x00, 0x00, 0x00, 0x00, 0x00,
0x00, 0x00, 0x00, 0x00, 0x00, 0x00, 0x00, 0x00, 0x00, 0x00, 0x00, 0x00, 0x00, 0x00, 0x00, 0x00,
0x00, 0x00, 0x00, 0x00, 0x00, 0x00, 0x00, 0x00, 0x00, 0x00, 0x00, 0x00, 0x00, 0x00, 0x00, 0x00,
0x00, 0x00, 0x00, 0x00, 0x00, 0x00, 0x00, 0x00, 0x00, 0x00, 0x00, 0x00, 0x00, 0x00, 0x00, 0x00,
0x00, 0x00, 0x00, 0x00, 0x00, 0x00, 0x00, 0x00, 0x00, 0x00, 0x00, 0x00, 0x00, 0x00, 0x00, 0x00,
0x00, 0x00, 0x00, 0x00, 0x00, 0x00, 0x00, 0x00, 0x00, 0x00, 0x00, 0x00, 0x0b, 0x9e, 0xf5, 0xca,
0x0b, 0x9e, 0xf5, 0xff, 0x33, 0x3d, 0x42, 0xff, 0x3b, 0x29, 0x1e, 0xff, 0x3b, 0x29, 0x1e, 0xff,
0x3b, 0x29, 0x1e, 0xff, 0x3b, 0x29, 0x1e, 0xff, 0x3b, 0x29, 0x1e, 0xff, 0x3b, 0x29, 0x1e, 0xff,
0x3b, 0x29, 0x1e, 0xff, 0x3b, 0x29, 0x1e, 0xff, 0x3b, 0x29, 0x1e, 0xff, 0x3b, 0x29, 0x1e, 0xff,
0x3b, 0x29, 0x1e, 0xff, 0x3b, 0x29, 0x1e, 0xff, 0x3b, 0x29, 0x1e, 0xff, 0x3b, 0x29, 0x1e, 0xff,
0x3b, 0x29, 0x1e, 0xff, 0x3b, 0x29, 0x1e, 0xff, 0x3b, 0x29, 0x1e, 0xff, 0x3b, 0x29, 0x1e, 0xff,
0x3b, 0x29, 0x1e, 0xff, 0x3b, 0x29, 0x1e, 0xff, 0x36, 0x35, 0x36, 0xff, 0x0b, 0x9e, 0xf5, 0xff,
0x0b, 0x9e, 0xf5, 0xcf, 0x00, 0x00, 0x00, 0x00, 0x00, 0x00, 0x00, 0x00, 0x00, 0x00, 0x00, 0x00,
0x00, 0x00, 0x00, 0x00, 0x00, 0x00, 0x00, 0x00, 0x00, 0x00, 0x00, 0x00, 0x00, 0x00, 0x00, 0x00,
0x00, 0x00, 0x00, 0x00, 0x00, 0x00, 0x00, 0x00, 0x00, 0x00, 0x00, 0x00, 0x00, 0x00, 0x00, 0x00,
0x00, 0x00, 0x00, 0x00, 0x00, 0x00, 0x00, 0x00, 0x00, 0x00, 0x00, 0x00, 0x00, 0x00, 0x00, 0x00,
0x00, 0x00, 0x00, 0x00, 0x00, 0x00, 0x00, 0x00, 0x00, 0x00, 0x00, 0x00, 0x00, 0x00, 0x00, 0x00,
0x00, 0x00, 0x00, 0x00, 0x00, 0x00, 0x00, 0x00, 0x00, 0x00, 0x00, 0x00, 0x0c, 0x9e, 0xf6, 0x6e,
0x0b, 0x9e, 0xf5, 0xff, 0x17, 0x81, 0xbf, 0xff, 0x3a, 0x2b, 0x21, 0xff, 0x3b, 0x29, 0x1e, 0xff,
0x3b, 0x29, 0x1e, 0xff, 0x3b, 0x29, 0x1e, 0xff, 0x3b, 0x29, 0x1e, 0xff, 0x3b, 0x29, 0x1e, 0xff,
0x3b, 0x29, 0x1e, 0xff, 0x3b, 0x29, 0x1e, 0xff, 0x3b, 0x29, 0x1e, 0xff, 0x3b, 0x29, 0x1e, 0xff,
0x3b, 0x29, 0x1e, 0xff, 0x3b, 0x29, 0x1e, 0xff, 0x3b, 0x29, 0x1e, 0xff, 0x3b, 0x29, 0x1e, 0xff,
0x3b, 0x29, 0x1e, 0xff, 0x3b, 0x29, 0x1e, 0xff, 0x3b, 0x29, 0x1e, 0xff, 0x3b, 0x29, 0x1e, 0xff,
0x3b, 0x29, 0x1e, 0xff, 0x3b, 0x29, 0x1e, 0xff, 0x1f, 0x6f, 0x9d, 0xff, 0x0b, 0x9e, 0xf5, 0xff,
0x0c, 0x9d, 0xf5, 0x85, 0x00, 0x00, 0x00, 0x00, 0x00, 0x00, 0x00, 0x00, 0x00, 0x00, 0x00, 0x00,
0x00, 0x00, 0x00, 0x00, 0x00, 0x00, 0x00, 0x00, 0x00, 0x00, 0x00, 0x00, 0x00, 0x00, 0x00, 0x00,
0x00, 0x00, 0x00, 0x00, 0x00, 0x00, 0x00, 0x00, 0x00, 0x00, 0x00, 0x00, 0x00, 0x00, 0x00, 0x00,
0x00, 0x00, 0x00, 0x00, 0x00, 0x00, 0x00, 0x00, 0x00, 0x00, 0x00, 0x00, 0x00, 0x00, 0x00, 0x00,
0x00, 0x00, 0x00, 0x00, 0x00, 0x00, 0x00, 0x00, 0x00, 0x00, 0x00, 0x00, 0x00, 0x00, 0x00, 0x00,
0x00, 0x00, 0x00, 0x00, 0x00, 0x00, 0x00, 0x00, 0x00, 0x00, 0x00, 0x00, 0x00, 0xaa, 0xff, 0x03,
0x0b, 0x9e, 0xf5, 0xc8, 0x0b, 0x9e, 0xf5, 0xff, 0x19, 0x7c, 0xb6, 0xff, 0x35, 0x39, 0x3d, 0xff,
0x3b, 0x29, 0x1e, 0xff, 0x3b, 0x29, 0x1e, 0xff, 0x3b, 0x29, 0x1e, 0xff, 0x3b, 0x29, 0x1e, 0xff,
0x3b, 0x29, 0x1e, 0xff, 0x3b, 0x29, 0x1e, 0xff, 0x3b, 0x29, 0x1e, 0xff, 0x3b, 0x29, 0x1e, 0xff,
0x3b, 0x29, 0x1e, 0xff, 0x3b, 0x29, 0x1e, 0xff, 0x3b, 0x29, 0x1e, 0xff, 0x3b, 0x29, 0x1e, 0xff,
0x3b, 0x29, 0x1e, 0xff, 0x3b, 0x29, 0x1e, 0xff, 0x3b, 0x29, 0x1e, 0xff, 0x3b, 0x29, 0x1e, 0xff,
0x36, 0x35, 0x36, 0xff, 0x1f, 0x6f, 0x9d, 0xff, 0x0b, 0x9e, 0xf5, 0xff, 0x0b, 0x9d, 0xf4, 0xea,
0x0d, 0x99, 0xf2, 0x14, 0x00, 0x00, 0x00, 0x00, 0x00, 0x00, 0x00, 0x00, 0x00, 0x00, 0x00, 0x00,
0x00, 0x00, 0x00, 0x00, 0x00, 0x00, 0x00, 0x00, 0x00, 0x00, 0x00, 0x00, 0x00, 0x00, 0x00, 0x00,
0x00, 0x00, 0x00, 0x00, 0x00, 0x00, 0x00, 0x00, 0x00, 0x00, 0x00, 0x00, 0x00, 0x00, 0x00, 0x00,
0x00, 0x00, 0x00, 0x00, 0x00, 0x00, 0x00, 0x00, 0x00, 0x00, 0x00, 0x00, 0x00, 0x00, 0x00, 0x00,
0x00, 0x00, 0x00, 0x00, 0x00, 0x00, 0x00, 0x00, 0x00, 0x00, 0x00, 0x00, 0x00, 0x00, 0x00, 0x00,
0x00, 0x00, 0x00, 0x00, 0x00, 0x00, 0x00, 0x00, 0x00, 0x00, 0x00, 0x00, 0x00, 0x00, 0x00, 0x00,
0x08, 0x9c, 0xf7, 0x1f, 0x0b, 0x9e, 0xf6, 0xd7, 0x0b, 0x9e, 0xf5, 0xff, 0x0b, 0x9e, 0xf5, 0xff,
0x0d, 0x99, 0xea, 0xff, 0x0e, 0x96, 0xe7, 0xff, 0x0e, 0x96, 0xe7, 0xff, 0x0e, 0x96, 0xe7, 0xff,
0x0e, 0x96, 0xe7, 0xff, 0x0e, 0x96, 0xe7, 0xff, 0x0e, 0x96, 0xe7, 0xff, 0x0e, 0x96, 0xe7, 0xff,
0x0e, 0x96, 0xe7, 0xff, 0x0e, 0x96, 0xe7, 0xff, 0x0e, 0x96, 0xe7, 0xff, 0x0e, 0x96, 0xe7, 0xff,
0x0e, 0x96, 0xe7, 0xff, 0x0e, 0x96, 0xe7, 0xff, 0x0e, 0x96, 0xe7, 0xff, 0x0d, 0x98, 0xeb, 0xff,
0x0b, 0x9e, 0xf5, 0xff, 0x0b, 0x9e, 0xf5, 0xff, 0x0b, 0x9d, 0xf4, 0xea, 0x09, 0x9e, 0xf6, 0x37,
0x00, 0x00, 0x00, 0x00, 0x00, 0x00, 0x00, 0x00, 0x00, 0x00, 0x00, 0x00, 0x00, 0x00, 0x00, 0x00,
0x00, 0x00, 0x00, 0x00, 0x00, 0x00, 0x00, 0x00, 0x00, 0x00, 0x00, 0x00, 0x00, 0x00, 0x00, 0x00,
0x00, 0x00, 0x00, 0x00, 0x00, 0x00, 0x00, 0x00, 0x00, 0x00, 0x00, 0x00, 0x00, 0x00, 0x00, 0x00,
0x00, 0x00, 0x00, 0x00, 0x00, 0x00, 0x00, 0x00, 0x00, 0x00, 0x00, 0x00, 0x00, 0x00, 0x00, 0x00,
0x00, 0x00, 0x00, 0x00, 0x00, 0x00, 0x00, 0x00, 0x00, 0x00, 0x00, 0x00, 0x00, 0x00, 0x00, 0x00,
0x00, 0x00, 0x00, 0x00, 0x00, 0x00, 0x00, 0x00, 0x00, 0x00, 0x00, 0x00, 0x00, 0x00, 0x00, 0x00,
0x00, 0x00, 0x00, 0x00, 0x00, 0xaa, 0xff, 0x09, 0x0b, 0x9f, 0xf4, 0x77, 0x61, 0xa1, 0xc4, 0xe2,
0xb8, 0xa3, 0x94, 0xff, 0x5b, 0xa0, 0xc9, 0xf5, 0x0b, 0x9e, 0xf5, 0xee, 0x0b, 0x9e, 0xf5, 0xee,
0x0b, 0x9e, 0xf5, 0xee, 0x0b, 0x9e, 0xf5, 0xee, 0x0b, 0x9e, 0xf5, 0xee, 0xaf, 0xa3, 0x99, 0xfe,
0xaf, 0xa3, 0x99, 0xfe, 0x0b, 0x9e, 0xf5, 0xee, 0x0b, 0x9e, 0xf5, 0xee, 0x0b, 0x9e, 0xf5, 0xee,
0x0b, 0x9e, 0xf5, 0xee, 0x0b, 0x9e, 0xf5, 0xee, 0x5b, 0xa0, 0xc9, 0xf5, 0xb8, 0xa3, 0x94, 0xff,
0x60, 0xa0, 0xc5, 0xe5, 0x0c, 0x9d, 0xf5, 0x85, 0x0d, 0x99, 0xf2, 0x14, 0x00, 0x00, 0x00, 0x00,
0x00, 0x00, 0x00, 0x00, 0x00, 0x00, 0x00, 0x00, 0x00, 0x00, 0x00, 0x00, 0x00, 0x00, 0x00, 0x00,
0x00, 0x00, 0x00, 0x00, 0x00, 0x00, 0x00, 0x00, 0x00, 0x00, 0x00, 0x00, 0x00, 0x00, 0x00, 0x00,
0x00, 0x00, 0x00, 0x00, 0x00, 0x00, 0x00, 0x00, 0x00, 0x00, 0x00, 0x00, 0x00, 0x00, 0x00, 0x00,
0x00, 0x00, 0x00, 0x00, 0x00, 0x00, 0x00, 0x00, 0x00, 0x00, 0x00, 0x00, 0x00, 0x00, 0x00, 0x00,
0x00, 0x00, 0x00, 0x00, 0x00, 0x00, 0x00, 0x00, 0x00, 0x00, 0x00, 0x00, 0x00, 0x00, 0x00, 0x00,
0x00, 0x00, 0x00, 0x00, 0x00, 0x00, 0x00, 0x00, 0x00, 0x00, 0x00, 0x00, 0x00, 0x00, 0x00, 0x00,
0x00, 0x00, 0x00, 0x00, 0x00, 0x00, 0x00, 0x00, 0x00, 0x00, 0x00, 0x00, 0xb8, 0xa4, 0x94, 0x70,
0xb8, 0xa3, 0x94, 0xff, 0xb8, 0xa4, 0x94, 0x70, 0x00, 0x00, 0x00, 0x00, 0x00, 0x00, 0x00, 0x00,
0x00, 0x00, 0x00, 0x00, 0x00, 0x00, 0x00, 0x00, 0x00, 0x00, 0x00, 0x00, 0xb8, 0xa3, 0x94, 0xf0,
0xb8, 0xa3, 0x94, 0xf0, 0x00, 0x00, 0x00, 0x00, 0x00, 0x00, 0x00, 0x00, 0x00, 0x00, 0x00, 0x00,
0x00, 0x00, 0x00, 0x00, 0x00, 0x00, 0x00, 0x00, 0xb8, 0xa4, 0x94, 0x70, 0xb8, 0xa3, 0x94, 0xff,
0xb8, 0xa4, 0x94, 0x70, 0x00, 0x00, 0x00, 0x00, 0x00, 0x00, 0x00, 0x00, 0x00, 0x00, 0x00, 0x00,
0x00, 0x00, 0x00, 0x00, 0x00, 0x00, 0x00, 0x00, 0x00, 0x00, 0x00, 0x00, 0x00, 0x00, 0x00, 0x00,
0x00, 0x00, 0x00, 0x00, 0x00, 0x00, 0x00, 0x00, 0x00, 0x00, 0x00, 0x00, 0x00, 0x00, 0x00, 0x00,
0x00, 0x00, 0x00, 0x00, 0x00, 0x00, 0x00, 0x00, 0x00, 0x00, 0x00, 0x00, 0x00, 0x00, 0x00, 0x00,
0x00, 0x00, 0x00, 0x00, 0x00, 0x00, 0x00, 0x00, 0x00, 0x00, 0x00, 0x00, 0x00, 0x00, 0x00, 0x00,
0x00, 0x00, 0x00, 0x00, 0x00, 0x00, 0x00, 0x00, 0x00, 0x00, 0x00, 0x00, 0x00, 0x00, 0x00, 0x00,
0x00, 0x00, 0x00, 0x00, 0x00, 0x00, 0x00, 0x00, 0x00, 0x00, 0x00, 0x00, 0x00, 0x00, 0x00, 0x00,
0x00, 0x00, 0x00, 0x00, 0x00, 0x00, 0x00, 0x00, 0x00, 0x00, 0x00, 0x00, 0xb8, 0xa4, 0x94, 0x70,
0xb8, 0xa3, 0x94, 0xff, 0xb8, 0xa4, 0x94, 0x70, 0x00, 0x00, 0x00, 0x00, 0x00, 0x00, 0x00, 0x00,
0x00, 0x00, 0x00, 0x00, 0x00, 0x00, 0x00, 0x00, 0x00, 0x00, 0x00, 0x00, 0xb8, 0xa3, 0x94, 0xf0,
0xb8, 0xa3, 0x94, 0xf0, 0x00, 0x00, 0x00, 0x00, 0x00, 0x00, 0x00, 0x00, 0x00, 0x00, 0x00, 0x00,
0x00, 0x00, 0x00, 0x00, 0x00, 0x00, 0x00, 0x00, 0xb8, 0xa4, 0x94, 0x70, 0xb8, 0xa3, 0x94, 0xff,
0xb8, 0xa4, 0x94, 0x70, 0x00, 0x00, 0x00, 0x00, 0x00, 0x00, 0x00, 0x00, 0x00, 0x00, 0x00, 0x00,
0x00, 0x00, 0x00, 0x00, 0x00, 0x00, 0x00, 0x00, 0x00, 0x00, 0x00, 0x00, 0x00, 0x00, 0x00, 0x00,
0x00, 0x00, 0x00, 0x00, 0x00, 0x00, 0x00, 0x00, 0x00, 0x00, 0x00, 0x00, 0x00, 0x00, 0x00, 0x00,
0x00, 0x00, 0x00, 0x00, 0x00, 0x00, 0x00, 0x00, 0x00, 0x00, 0x00, 0x00, 0x00, 0x00, 0x00, 0x00,
0x00, 0x00, 0x00, 0x00, 0x00, 0x00, 0x00, 0x00, 0x00, 0x00, 0x00, 0x00, 0x00, 0x00, 0x00, 0x00,
0x00, 0x00, 0x00, 0x00, 0x00, 0x00, 0x00, 0x00, 0x00, 0x00, 0x00, 0x00, 0x00, 0x00, 0x00, 0x00,
0x00, 0x00, 0x00, 0x00, 0x00, 0x00, 0x00, 0x00, 0x00, 0x00, 0x00, 0x00, 0x00, 0x00, 0x00, 0x00,
0x00, 0x00, 0x00, 0x00, 0x00, 0x00, 0x00, 0x00, 0x00, 0x00, 0x00, 0x00, 0xb8, 0xa4, 0x94, 0x70,
0xb8, 0xa3, 0x94, 0xff, 0xb8, 0xa4, 0x94, 0x70, 0x00, 0x00, 0x00, 0x00, 0x00, 0x00, 0x00, 0x00,
0x00, 0x00, 0x00, 0x00, 0x00, 0x00, 0x00, 0x00, 0x00, 0x00, 0x00, 0x00, 0xb8, 0xa3, 0x94, 0xf0,
0xb8, 0xa3, 0x94, 0xf0, 0x00, 0x00, 0x00, 0x00, 0x00, 0x00, 0x00, 0x00, 0x00, 0x00, 0x00, 0x00,
0x00, 0x00, 0x00, 0x00, 0x00, 0x00, 0x00, 0x00, 0xb8, 0xa4, 0x94, 0x70, 0xb8, 0xa3, 0x94, 0xff,
0xb8, 0xa4, 0x94, 0x70, 0x00, 0x00, 0x00, 0x00, 0x00, 0x00, 0x00, 0x00, 0x00, 0x00, 0x00, 0x00,
0x00, 0x00, 0x00, 0x00, 0x00, 0x00, 0x00, 0x00, 0x00, 0x00, 0x00, 0x00, 0x00, 0x00, 0x00, 0x00,
0x00, 0x00, 0x00, 0x00, 0x00, 0x00, 0x00, 0x00, 0x00, 0x00, 0x00, 0x00, 0x00, 0x00, 0x00, 0x00,
0x00, 0x00, 0x00, 0x00, 0x00, 0x00, 0x00, 0x00, 0x00, 0x00, 0x00, 0x00, 0x00, 0x00, 0x00, 0x00,
0x00, 0x00, 0x00, 0x00, 0x00, 0x00, 0x00, 0x00, 0x00, 0x00, 0x00, 0x00, 0x00, 0x00, 0x00, 0x00,
0x00, 0x00, 0x00, 0x00, 0x00, 0x00, 0x00, 0x00, 0x00, 0x00, 0x00, 0x00, 0x00, 0x00, 0x00, 0x00,
0x00, 0x00, 0x00, 0x00, 0x00, 0x00, 0x00, 0x00, 0x00, 0x00, 0x00, 0x00, 0x00, 0x00, 0x00, 0x00,
0x00, 0x00, 0x00, 0x00, 0x00, 0x00, 0x00, 0x00, 0x00, 0x00, 0x00, 0x00, 0xb6, 0xa4, 0x92, 0x38,
0xb7, 0xa3, 0x93, 0x80, 0xb6, 0xa4, 0x92, 0x38, 0x00, 0x00, 0x00, 0x00, 0x00, 0x00, 0x00, 0x00,
0x00, 0x00, 0x00, 0x00, 0x00, 0x00, 0x00, 0x00, 0x00, 0x00, 0x00, 0x00, 0xb9, 0xa4, 0x95, 0x78,
0xb9, 0xa4, 0x95, 0x78, 0x00, 0x00, 0x00, 0x00, 0x00, 0x00, 0x00, 0x00, 0x00, 0x00, 0x00, 0x00,
0x00, 0x00, 0x00, 0x00, 0x00, 0x00, 0x00, 0x00, 0xb6, 0xa4, 0x92, 0x38, 0xb7, 0xa3, 0x93, 0x80,
0xb6, 0xa4, 0x92, 0x38, 0x00, 0x00, 0x00, 0x00, 0x00, 0x00, 0x00, 0x00, 0x00, 0x00, 0x00, 0x00,
0x00, 0x00, 0x00, 0x00, 0x00, 0x00, 0x00, 0x00, 0x00, 0x00, 0x00, 0x00, 0x00, 0x00, 0x00, 0x00,
0x00, 0x00, 0x00, 0x00, 0x00, 0x00, 0x00, 0x00, 0x00, 0x00, 0x00, 0x00, 0x00, 0x00, 0x00, 0x00,
0x00, 0x00, 0x00, 0x00, 0x00, 0x00, 0x00, 0x00, 0x00, 0x00, 0x00, 0x00, 0x00, 0x00, 0x00, 0x00,
0x00, 0x00, 0x00, 0x00, 0x00, 0x00, 0x00, 0x00, 0x00, 0x00, 0x00, 0x00, 0x00, 0x00, 0x00, 0x00,
0x00, 0x00, 0x00, 0x00, 0x00, 0x00, 0x00, 0x00, 0x00, 0x00, 0x00, 0x00, 0x00, 0x00, 0x00, 0x00,
0x00, 0x00, 0x00, 0x00, 0x00, 0x00, 0x00, 0x00, 0x00, 0x00, 0x00, 0x00, 0x00, 0x00, 0x00, 0x00,
0x00, 0x00, 0x00, 0x00, 0x00, 0x00, 0x00, 0x00, 0x00, 0x00, 0x00, 0x00, 0x00, 0x00, 0x00, 0x00,
0x00, 0x00, 0x00, 0x00, 0x00, 0x00, 0x00, 0x00, 0x00, 0x00, 0x00, 0x00, 0x00, 0x00, 0x00, 0x00,
0x00, 0x00, 0x00, 0x00, 0x00, 0x00, 0x00, 0x00, 0x00, 0x00, 0x00, 0x00, 0x00, 0x00, 0x00, 0x00,
0x00, 0x00, 0x00, 0x00, 0x00, 0x00, 0x00, 0x00, 0x00, 0x00, 0x00, 0x00, 0x00, 0x00, 0x00, 0x00,
0x00, 0x00, 0x00, 0x00, 0x00, 0x00, 0x00, 0x00, 0x00, 0x00, 0x00, 0x00, 0x00, 0x00, 0x00, 0x00,
0x00, 0x00, 0x00, 0x00, 0x00, 0x00, 0x00, 0x00, 0x00, 0x00, 0x00, 0x00, 0x00, 0x00, 0x00, 0x00,
0x00, 0x00, 0x00, 0x00, 0x00, 0x00, 0x00, 0x00, 0x00, 0x00, 0x00, 0x00, 0x00, 0x00, 0x00, 0x00,
0x00, 0x00, 0x00, 0x00, 0x00, 0x00, 0x00, 0x00, 0x00, 0x00, 0x00, 0x00, 0x00, 0x00, 0x00, 0x00,
0x00, 0x00, 0x00, 0x00, 0x00, 0x00, 0x00, 0x00, 0x00, 0x00, 0x00, 0x00, 0x00, 0x00, 0x00, 0x00,
0x00, 0x00, 0x00, 0x00, 0x00, 0x00, 0x00, 0x00, 0x00, 0x00, 0x00, 0x00, 0x00, 0x00, 0x00, 0x00,
0x00, 0x00, 0x00, 0x00, 0x00, 0x00, 0x00, 0x00, 0x00, 0x00, 0x00, 0x00, 0x00, 0x00, 0x00, 0x00,
0x00, 0x00, 0x00, 0x00, 0x00, 0x00, 0x00, 0x00, 0x00, 0x00, 0x00, 0x00, 0x00, 0x00, 0x00, 0x00,
0x00, 0x00, 0x00, 0x00, 0x00, 0x00, 0x00, 0x00, 0x00, 0x00, 0x00, 0x00, 0x00, 0x00, 0x00, 0x00,
0x00, 0x00, 0x00, 0x00, 0x00, 0x00, 0x00, 0x00, 0x00, 0x00, 0x00, 0x00, 0x00, 0x00, 0x00, 0x00,
0x00, 0x00, 0x00, 0x00, 0x00, 0x00, 0x00, 0x00, 0x00, 0x00, 0x00, 0x00, 0x00, 0x00, 0x00, 0x00,
0x00, 0x00, 0x00, 0x00, 0x00, 0x00, 0x00, 0x00, 0x00, 0x00, 0x00, 0x00, 0x00, 0x00, 0x00, 0x00,
0x00, 0x00, 0x00, 0x00, 0x00, 0x00, 0x00, 0x00, 0x00, 0x00, 0x00, 0x00, 0x00, 0x00, 0x00, 0x00,
0x00, 0x00, 0x00, 0x00, 0x00, 0x00, 0x00, 0x00, 0x00, 0x00, 0x00, 0x00, 0x00, 0x00, 0x00, 0x00,
0x00, 0x00, 0x00, 0x00, 0x00, 0x00, 0x00, 0x00, 0x00, 0x00, 0x00, 0x00, 0x00, 0x00, 0x00, 0x00,
0x00, 0x00, 0x00, 0x00, 0x00, 0x00, 0x00, 0x00, 0x00, 0x00, 0x00, 0x00, 0x00, 0x00, 0x00, 0x00,
0x00, 0x00, 0x00, 0x00, 0x00, 0x00, 0x00, 0x00, 0x00, 0x00, 0x00, 0x00, 0x00, 0x00, 0x00, 0x00,
0x00, 0x00, 0x00, 0x00, 0x00, 0x00, 0x00, 0x00, 0x00, 0x00, 0x00, 0x00, 0x00, 0x00, 0x00, 0x00,
0x00, 0x00, 0x00, 0x00, 0x00, 0x00, 0x00, 0x00, 0x00, 0x00, 0x00, 0x00, 0x00, 0x00, 0x00, 0x00,
0x00, 0x00, 0x00, 0x00, 0x00, 0x00, 0x00, 0x00, 0x00, 0x00, 0x00, 0x00, 0x00, 0x00, 0x00, 0x00,
0x00, 0x00, 0x00, 0x00, 0x00, 0x00, 0x00, 0x00, 0x00, 0x00, 0x00, 0x00, 0x00, 0x00, 0x00, 0x00,
0x00, 0x00, 0x00, 0x00, 0x00, 0x00, 0x00, 0x00, 0x00, 0x00, 0x00, 0x00, 0x00, 0x00, 0x00, 0x00,
0x00, 0x00, 0x00, 0x00, 0x00, 0x00, 0x00, 0x00, 0x00, 0x00, 0x00, 0x00, 0x00, 0x00, 0x00, 0x00,
0x00, 0x00, 0x00, 0x00, 0x00, 0x00, 0x00, 0x00, 0x00, 0x00, 0x00, 0x00, 0x00, 0x00, 0x00, 0x00,
0x00, 0x00, 0x00, 0x00, 0x00, 0x00, 0x00, 0x00, 0x00, 0x00, 0x00, 0x00, 0x00, 0x00, 0x00, 0x00,
0x00, 0x00, 0x00, 0x00, 0x00, 0x00, 0x00, 0x00, 0x00, 0x00, 0x00, 0x00, 0x00, 0x00, 0x00, 0x00,
0x00, 0x00, 0x00, 0x00, 0x00, 0x00, 0x00, 0x00, 0x00, 0x00, 0x00, 0x00, 0x00, 0x00, 0x00, 0x00,
0x00, 0x00, 0x00, 0x00, 0x00, 0x00, 0x00, 0x00, 0x00, 0x00, 0x00, 0x00, 0x00, 0x00, 0x00, 0x00,
0x00, 0x00, 0x00, 0x00, 0x00, 0x00, 0x00, 0x00, 0x00, 0x00, 0x00, 0x00, 0x00, 0x00, 0x00, 0x00,
0x00, 0x00, 0x00, 0x00, 0x00, 0x00, 0x00, 0x00, 0x00, 0x00, 0x00, 0x00, 0x00, 0x00, 0x00, 0x00,
0x00, 0x00, 0x00, 0x00, 0x00, 0x00, 0x00, 0x00, 0x00, 0x00, 0x00, 0x00, 0x00, 0x00, 0x00, 0x00,
0x00, 0x00, 0x00, 0x00, 0x00, 0x00, 0x00, 0x00, 0x00, 0x00, 0x00, 0x00, 0x00, 0x00, 0x00, 0x00,
0x00, 0x00, 0x00, 0x00, 0x00, 0x00, 0x00, 0x00, 0x00, 0x00, 0x00, 0x00, 0x00, 0x00, 0x00, 0x00,
0x00, 0x00, 0x00, 0x00, 0x00, 0x00, 0x00, 0x00, 0x00, 0x00, 0x00, 0x00, 0x00, 0x00, 0x00, 0x00,
0x00, 0x00, 0x00, 0x00, 0x00, 0x00, 0x00, 0x00, 0x00, 0x00, 0x00, 0x00, 0x00, 0x00, 0x00, 0x00,
0x00, 0x00, 0x00, 0x00, 0x00, 0x00, 0x00, 0x00, 0x00, 0x00, 0x00, 0x00, 0x00, 0x00, 0x00, 0x00,
0x00, 0x00, 0x00, 0x00, 0x00, 0x00, 0x00, 0x00, 0x00, 0x00, 0x00, 0x00, 0x00, 0x00, 0x00, 0x00,
0x00, 0x00, 0x00, 0x00, 0x00, 0x00, 0x00, 0x00, 0x00, 0x00, 0x00, 0x00, 0x00, 0x00, 0x00, 0x00,
0x00, 0x00, 0x00, 0x00, 0x00, 0x00, 0x00, 0x00, 0x00, 0x00, 0x00, 0x00, 0x00, 0x00, 0x00, 0x00,
0x00, 0x00, 0x00, 0x00, 0x00, 0x00, 0x00, 0x00, 0x00, 0x00, 0x00, 0x00, 0x00, 0x00, 0x00, 0x00,
0x00, 0x00, 0x00, 0x00, 0x00, 0x00, 0x00, 0x00, 0x00, 0x00, 0x00, 0x00, 0x00, 0x00, 0x00, 0x00,
0x00, 0x00, 0x00, 0x00, 0x00, 0x00, 0x00, 0x00, 0x00, 0x00, 0x00, 0x00, 0x00, 0x00, 0x00, 0x00,
0x00, 0x00, 0x00, 0x00, 0x00, 0x00, 0x00, 0x00, 0x00, 0x00, 0x00, 0x00, 0x00, 0x00, 0x00, 0x00,
0x00, 0x00, 0x00, 0x00, 0x00, 0x00, 0x00, 0x00, 0x00, 0x00, 0x00, 0x00, 0x00, 0x00, 0x00, 0x00,
0x00, 0x00, 0x00, 0x00, 0x00, 0x00, 0x00, 0x00, 0x00, 0x00, 0x00, 0x00, 0x00, 0x00, 0x00, 0x00,
0x00, 0x00, 0x00, 0x00, 0x00, 0x00, 0x00, 0x00, 0x00, 0x00, 0x00, 0x00, 0x00, 0x00, 0x00, 0x00,
0x00, 0x00, 0x00, 0x00, 0x00, 0x00, 0x00, 0x00, 0x00, 0x00, 0x00, 0x00, 0x00, 0x00, 0x00, 0x00,
0x00, 0x00, 0x00, 0x00, 0x00, 0x00, 0x00, 0x00, 0x00, 0x00, 0x00, 0x00, 0x00, 0x00, 0x00, 0x00,
0x00, 0x00, 0x00, 0x00, 0x00, 0x00, 0x00, 0x00, 0x00, 0x00, 0x00, 0x00, 0x00, 0x00, 0x00, 0x00,
0x00, 0x00, 0x00, 0x00, 0x00, 0x00, 0x00, 0x00, 0x00, 0x00, 0x00, 0x00, 0x00, 0x00, 0x00, 0x00,
0x00, 0x00, 0x00, 0x00, 0x00, 0x00, 0x00, 0x00, 0x00, 0x00, 0x00, 0x00, 0x00, 0x00, 0x00, 0x00,
0x00, 0x00, 0x00, 0x00, 0x00, 0x00, 0x00, 0x00, 0x00, 0x00, 0x00, 0x00, 0x00, 0x00, 0x00, 0x00,
0x00, 0x00, 0x00, 0x00, 0x00, 0x00, 0x00, 0x00, 0x00, 0x00, 0x00, 0x00, 0x00, 0x00, 0x00, 0x00,
0x00, 0x00, 0x00, 0x00, 0x00, 0x00, 0x00, 0x00, 0x00, 0x00, 0x00, 0x00, 0x00, 0x00, 0x00, 0x00,
0x00, 0x00, 0x00, 0x00, 0x00, 0x00, 0x00, 0x00, 0x00, 0x00, 0x00, 0x00, 0x00, 0x00, 0x00, 0x00,
0x00, 0x00, 0x00, 0x00, 0x00, 0x00, 0x00, 0x00, 0x00, 0x00, 0x00, 0x00, 0x00, 0x00, 0x00, 0x00,
0x00, 0x00, 0x00, 0x00, 0x00, 0x00, 0x00, 0x00, 0x00, 0x00, 0x00, 0x00, 0x00, 0x00, 0x00, 0x00,
0x00, 0x00, 0x00, 0x00, 0x00, 0x00, 0x00, 0x00, 0x00, 0x00, 0x00, 0x00, 0x00, 0x00, 0x00, 0x00,
0x00, 0x00, 0x00, 0x00, 0x00, 0x00, 0x00, 0x00, 0x00, 0x00, 0x00, 0x00, 0x00, 0x00, 0x00, 0x00,
0x00, 0x00, 0x00, 0x00, 0x00, 0x00, 0x00, 0x00, 0x00, 0x00, 0x00, 0x00, 0x00, 0x00, 0x00, 0x00,
0x00, 0x00, 0x00, 0x00, 0x00, 0x00, 0x00, 0x00, 0x00, 0x00, 0x00, 0x00, 0x00, 0x00, 0x00, 0x00,
0x00, 0x00, 0x00, 0x00, 0x00, 0x00, 0x00, 0x00, 0x00, 0x00, 0x00, 0x00, 0x00, 0x00, 0x00, 0x00,
0x00, 0x00, 0x00, 0x00, 0x00, 0x00, 0x00, 0x00, 0x00, 0x00, 0x00, 0x00, 0x00, 0x00, 0x00, 0x00,
0x00, 0x00, 0x00, 0x00, 0x00, 0x00, 0x00, 0x00, 0x00, 0x00, 0x00, 0x00, 0x00, 0x00, 0x00, 0x00,
0x00, 0x00, 0x00, 0x00, 0x00, 0x00, 0x00, 0x00, 0x00, 0x00, 0x00, 0x00, 0x00, 0x00, 0x00, 0x00,
0x00, 0x00, 0x00, 0x00, 0x00, 0x00, 0x00, 0x00, 0x00, 0x00, 0x00, 0x00, 0x00, 0x00, 0x00, 0x00,
0x00, 0x00, 0x00, 0x00, 0x00, 0x00, 0x00, 0x00, 0x00, 0x00, 0x00, 0x00, 0x00, 0x00, 0x00, 0x00,
0x00, 0x00, 0x00, 0x00, 0x00, 0x00, 0x00, 0x00, 0x00, 0x00, 0x00, 0x00, 0x00, 0x00, 0x00, 0x00,
0x00, 0x00, 0x00, 0x00, 0x00, 0x00, 0x00, 0x00, 0x00, 0x00, 0x00, 0x00, 0x00, 0x00, 0x00, 0x00,
0x00, 0x00, 0x00, 0x00, 0x00, 0x00, 0x00, 0x00, 0x00, 0x00, 0x00, 0x00, 0x00, 0x00, 0x00, 0x00,
0x00, 0x00, 0x00, 0x00, 0x00, 0x00, 0x00, 0x00, 0x00, 0x00, 0x00, 0x00, 0x00, 0x00, 0x00, 0x00,
0x00, 0x00, 0x00, 0x00, 0x00, 0x00, 0x00, 0x00, 0x00, 0x00, 0x00, 0x00, 0x00, 0x00, 0x00, 0x00,
0x00, 0x00, 0x00, 0x00, 0x00, 0x00, 0x00, 0x00, 0x00, 0x00, 0x00, 0x00, 0x00, 0x00, 0x00, 0x00,
0x00, 0x00, 0x00, 0x00, 0x00, 0x00, 0x00, 0x00, 0x00, 0x00, 0x00, 0x00, 0x00, 0x00, 0x00, 0x00,
0x00, 0x00, 0x00, 0x00, 0x00, 0x00, 0x00, 0x00, 0x00, 0x00, 0x00, 0x00, 0x00, 0x00, 0x00, 0x00,
0x00, 0x00, 0x00, 0x00, 0x00, 0x00, 0x00, 0x00, 0x00, 0x00, 0x00, 0x00, 0x00, 0x00, 0x00, 0x00,
0x00, 0x00, 0x00, 0x00, 0x00, 0x00, 0x00, 0x00, 0x00, 0x00, 0x00, 0x00, 0x00, 0x00, 0x00, 0x00
};

extern const uint8_t app_config_bin[9216] = {
0x00, 0x00, 0x00, 0x00, 0x00, 0x00, 0x00, 0x00, 0x00, 0x00, 0x00, 0x00, 0x00, 0x00, 0x00, 0x00,
0x00, 0x00, 0x00, 0x00, 0x00, 0x00, 0x00, 0x00, 0x00, 0x00, 0x00, 0x00, 0x00, 0x00, 0x00, 0x00,
0x00, 0x00, 0x00, 0x00, 0x00, 0x00, 0x00, 0x00, 0x00, 0x00, 0x00, 0x00, 0x00, 0x00, 0x00, 0x00,
0x00, 0x00, 0x00, 0x00, 0x00, 0x00, 0x00, 0x00, 0x00, 0x00, 0x00, 0x00, 0x00, 0x00, 0x00, 0x00,
0x00, 0x00, 0x00, 0x00, 0x00, 0x00, 0x00, 0x00, 0x00, 0x00, 0x00, 0x00, 0x00, 0x00, 0x00, 0x00,
0x00, 0x00, 0x00, 0x00, 0x00, 0x00, 0x00, 0x00, 0x00, 0x00, 0x00, 0x00, 0x00, 0x00, 0x00, 0x00,
0x00, 0x00, 0x00, 0x00, 0x00, 0x00, 0x00, 0x00, 0x00, 0x00, 0x00, 0x00, 0x00, 0x00, 0x00, 0x00,
0x00, 0x00, 0x00, 0x00, 0x00, 0x00, 0x00, 0x00, 0x00, 0x00, 0x00, 0x00, 0x00, 0x00, 0x00, 0x00,
0x00, 0x00, 0x00, 0x00, 0x00, 0x00, 0x00, 0x00, 0x00, 0x00, 0x00, 0x00, 0x00, 0x00, 0x00, 0x00,
0x00, 0x00, 0x00, 0x00, 0x00, 0x00, 0x00, 0x00, 0x00, 0x00, 0x00, 0x00, 0x00, 0x00, 0x00, 0x00,
0x00, 0x00, 0x00, 0x00, 0x00, 0x00, 0x00, 0x00, 0x00, 0x00, 0x00, 0x00, 0x00, 0x00, 0x00, 0x00,
0x00, 0x00, 0x00, 0x00, 0x00, 0x00, 0x00, 0x00, 0x00, 0x00, 0x00, 0x00, 0x00, 0x00, 0x00, 0x00,
0x00, 0x00, 0x00, 0x00, 0x00, 0x00, 0x00, 0x00, 0x00, 0x00, 0x00, 0x00, 0x00, 0x00, 0x00, 0x00,
0x00, 0x00, 0x00, 0x00, 0x00, 0x00, 0x00, 0x00, 0x00, 0x00, 0x00, 0x00, 0x00, 0x00, 0x00, 0x00,
0x00, 0x00, 0x00, 0x00, 0x00, 0x00, 0x00, 0x00, 0x00, 0x00, 0x00, 0x00, 0x00, 0x00, 0x00, 0x00,
0x00, 0x00, 0x00, 0x00, 0x00, 0x00, 0x00, 0x00, 0x00, 0x00, 0x00, 0x00, 0x00, 0x00, 0x00, 0x00,
0x00, 0x00, 0x00, 0x00, 0x00, 0x00, 0x00, 0x00, 0x00, 0x00, 0x00, 0x00, 0x00, 0x00, 0x00, 0x00,
0x00, 0x00, 0x00, 0x00, 0x00, 0x00, 0x00, 0x00, 0x00, 0x00, 0x00, 0x00, 0x00, 0x00, 0x00, 0x00,
0x00, 0x00, 0x00, 0x00, 0x00, 0x00, 0x00, 0x00, 0x00, 0x00, 0x00, 0x00, 0x00, 0x00, 0x00, 0x00,
0x00, 0x00, 0x00, 0x00, 0x00, 0x00, 0x00, 0x00, 0x00, 0x00, 0x00, 0x00, 0x00, 0x00, 0x00, 0x00,
0x00, 0x00, 0x00, 0x00, 0x00, 0x00, 0x00, 0x00, 0x00, 0x00, 0x00, 0x00, 0x00, 0x00, 0x00, 0x00,
0x00, 0x00, 0x00, 0x00, 0x00, 0x00, 0x00, 0x00, 0x00, 0x00, 0x00, 0x00, 0x00, 0x00, 0x00, 0x00,
0x00, 0x00, 0x00, 0x00, 0x00, 0x00, 0x00, 0x00, 0x00, 0x00, 0x00, 0x00, 0x00, 0x00, 0x00, 0x00,
0x00, 0x00, 0x00, 0x00, 0x00, 0x00, 0x00, 0x00, 0x00, 0x00, 0x00, 0x00, 0x00, 0x00, 0x00, 0x00,
0x00, 0x00, 0x00, 0x00, 0x00, 0x00, 0x00, 0x00, 0x00, 0x00, 0x00, 0x00, 0x00, 0x00, 0x00, 0x00,
0x00, 0x00, 0x00, 0x00, 0x00, 0x00, 0x00, 0x00, 0x00, 0x00, 0x00, 0x00, 0x00, 0x00, 0x00, 0x00,
0x00, 0x00, 0x00, 0x00, 0x00, 0x00, 0x00, 0x00, 0x00, 0x00, 0x00, 0x00, 0x00, 0x00, 0x00, 0x00,
0x00, 0x00, 0x00, 0x00, 0x00, 0x00, 0x00, 0x00, 0x00, 0x00, 0x00, 0x00, 0x00, 0x00, 0x00, 0x00,
0x00, 0x00, 0x00, 0x00, 0x00, 0x00, 0x00, 0x00, 0x00, 0x00, 0x00, 0x00, 0x00, 0x00, 0x00, 0x00,
0x00, 0x00, 0x00, 0x00, 0x00, 0x00, 0x00, 0x00, 0x00, 0x00, 0x00, 0x00, 0x00, 0x00, 0x00, 0x00,
0x00, 0x00, 0x00, 0x00, 0x00, 0x00, 0x00, 0x00, 0x00, 0x00, 0x00, 0x00, 0x00, 0x00, 0x00, 0x00,
0x00, 0x00, 0x00, 0x00, 0x00, 0x00, 0x00, 0x00, 0x00, 0x00, 0x00, 0x00, 0x00, 0x00, 0x00, 0x00,
0x00, 0x00, 0x00, 0x00, 0x00, 0x00, 0x00, 0x00, 0x00, 0x00, 0x00, 0x00, 0x00, 0x00, 0x00, 0x00,
0x00, 0x00, 0x00, 0x00, 0x00, 0x00, 0x00, 0x00, 0x00, 0x00, 0x00, 0x00, 0x00, 0x00, 0x00, 0x00,
0x00, 0x00, 0x00, 0x00, 0x00, 0x00, 0x00, 0x00, 0x00, 0x00, 0x00, 0x00, 0x00, 0x00, 0x00, 0x00,
0x00, 0x00, 0x00, 0x00, 0x00, 0x00, 0x00, 0x00, 0x00, 0x00, 0x00, 0x00, 0x00, 0x00, 0x00, 0x00,
0x00, 0x00, 0x00, 0x00, 0x00, 0x00, 0x00, 0x00, 0x00, 0x00, 0x00, 0x00, 0x00, 0x00, 0x00, 0x00,
0x00, 0x00, 0x00, 0x00, 0x00, 0x00, 0x00, 0x00, 0x00, 0x00, 0x00, 0x00, 0x00, 0x00, 0x00, 0x00,
0x00, 0x00, 0x00, 0x00, 0x00, 0x00, 0x00, 0x00, 0x00, 0x00, 0x00, 0x00, 0x00, 0x00, 0x00, 0x00,
0x00, 0x00, 0x00, 0x00, 0x00, 0x00, 0x00, 0x00, 0x00, 0x00, 0x00, 0x00, 0x00, 0x00, 0x00, 0x00,
0x00, 0x00, 0x00, 0x00, 0x00, 0x00, 0x00, 0x00, 0x00, 0x00, 0x00, 0x00, 0x00, 0x00, 0x00, 0x00,
0x00, 0x00, 0x00, 0x00, 0x00, 0x00, 0x00, 0x00, 0x00, 0x00, 0x00, 0x00, 0x00, 0x00, 0x00, 0x00,
0x00, 0x00, 0x00, 0x00, 0x00, 0x00, 0x00, 0x00, 0x00, 0x00, 0x00, 0x00, 0x00, 0x00, 0x00, 0x00,
0x00, 0x00, 0x00, 0x00, 0x00, 0x00, 0x00, 0x00, 0x00, 0x00, 0x00, 0x00, 0x00, 0x00, 0x00, 0x00,
0x00, 0x00, 0x00, 0x00, 0x00, 0x00, 0x00, 0x00, 0x00, 0x00, 0x00, 0x00, 0x00, 0x00, 0x00, 0x00,
0x00, 0x00, 0x00, 0x00, 0x00, 0x00, 0x00, 0x00, 0x00, 0x00, 0x00, 0x00, 0x00, 0x00, 0x00, 0x00,
0x00, 0x00, 0x00, 0x00, 0x00, 0x00, 0x00, 0x00, 0x00, 0x00, 0x00, 0x00, 0x00, 0x00, 0x00, 0x00,
0x00, 0x00, 0x00, 0x00, 0x00, 0x00, 0x00, 0x00, 0x00, 0x00, 0x00, 0x00, 0x00, 0x00, 0x00, 0x00,
0x00, 0x00, 0x00, 0x00, 0x00, 0x00, 0x00, 0x00, 0x00, 0x00, 0x00, 0x00, 0x00, 0x00, 0x00, 0x00,
0x00, 0x00, 0x00, 0x00, 0x00, 0x00, 0x00, 0x00, 0x00, 0x00, 0x00, 0x00, 0x00, 0x00, 0x00, 0x00,
0x00, 0x00, 0x00, 0x00, 0x00, 0x00, 0x00, 0x00, 0x00, 0x00, 0x00, 0x00, 0x00, 0x00, 0x00, 0x00,
0x00, 0x00, 0x00, 0x00, 0x00, 0x00, 0x00, 0x00, 0x00, 0x00, 0x00, 0x00, 0x00, 0x00, 0x00, 0x00,
0x00, 0x00, 0x00, 0x00, 0x00, 0x00, 0x00, 0x00, 0x00, 0x00, 0x00, 0x00, 0x00, 0x00, 0x00, 0x00,
0x00, 0x00, 0x00, 0x00, 0x00, 0x00, 0x00, 0x00, 0x00, 0x00, 0x00, 0x00, 0x00, 0x00, 0x00, 0x00,
0x00, 0x00, 0x00, 0x00, 0x00, 0x00, 0x00, 0x00, 0x00, 0x00, 0x00, 0x00, 0x00, 0x00, 0x00, 0x00,
0x00, 0x00, 0x00, 0x00, 0x00, 0x00, 0x00, 0x00, 0x00, 0x00, 0x00, 0x00, 0x00, 0x00, 0x00, 0x00,
0x00, 0x00, 0x00, 0x00, 0x00, 0x00, 0x00, 0x00, 0x00, 0x00, 0x00, 0x00, 0x00, 0x00, 0x00, 0x00,
0x00, 0x00, 0x00, 0x00, 0x00, 0x00, 0x00, 0x00, 0x00, 0x00, 0x00, 0x00, 0x00, 0x00, 0x00, 0x00,
0x00, 0x00, 0x00, 0x00, 0x00, 0x00, 0x00, 0x00, 0x00, 0x00, 0x00, 0x00, 0x00, 0x00, 0x00, 0x00,
0x00, 0x00, 0x00, 0x00, 0x00, 0x00, 0x00, 0x00, 0x00, 0x00, 0x00, 0x00, 0x00, 0x00, 0x00, 0x00,
0x00, 0x00, 0x00, 0x00, 0x00, 0x00, 0x00, 0x00, 0x00, 0x00, 0x00, 0x00, 0x00, 0x00, 0x00, 0x00,
0x00, 0x00, 0x00, 0x00, 0x00, 0x00, 0x00, 0x00, 0x00, 0x00, 0x00, 0x00, 0x00, 0x00, 0x00, 0x00,
0x00, 0x00, 0x00, 0x00, 0x00, 0x00, 0x00, 0x00, 0x00, 0x00, 0x00, 0x00, 0x00, 0x00, 0x00, 0x00,
0x00, 0x00, 0x00, 0x00, 0x00, 0x00, 0x00, 0x00, 0x00, 0x00, 0x00, 0x00, 0x00, 0x00, 0x00, 0x00,
0x00, 0x00, 0x00, 0x00, 0x00, 0x00, 0x00, 0x00, 0x00, 0x00, 0x00, 0x00, 0x00, 0x00, 0x00, 0x00,
0x00, 0x00, 0x00, 0x00, 0x00, 0x00, 0x00, 0x00, 0x00, 0x00, 0x00, 0x00, 0x00, 0x00, 0x00, 0x00,
0x00, 0x00, 0x00, 0x00, 0x00, 0x00, 0x00, 0x00, 0x00, 0x00, 0x00, 0x00, 0x00, 0x00, 0x00, 0x00,
0x00, 0x00, 0x00, 0x00, 0x00, 0x00, 0x00, 0x00, 0x00, 0x00, 0x00, 0x00, 0x00, 0x00, 0x00, 0x00,
0x00, 0x00, 0x00, 0x00, 0x00, 0x00, 0x00, 0x00, 0x00, 0x00, 0x00, 0x00, 0x00, 0x00, 0x00, 0x00,
0x00, 0x00, 0x00, 0x00, 0x00, 0x00, 0x00, 0x00, 0x00, 0x00, 0x00, 0x00, 0x00, 0x00, 0x00, 0x00,
0x00, 0x00, 0x00, 0x00, 0x00, 0x00, 0x00, 0x00, 0x00, 0x00, 0x00, 0x00, 0x00, 0x00, 0x00, 0x00,
0x00, 0x00, 0x00, 0x00, 0x00, 0x00, 0x00, 0x00, 0x00, 0x00, 0x00, 0x00, 0x00, 0x00, 0x00, 0x00,
0x00, 0x00, 0x00, 0x00, 0x00, 0x00, 0x00, 0x00, 0x00, 0x00, 0x00, 0x00, 0x00, 0x00, 0x00, 0x00,
0x00, 0x00, 0x00, 0x00, 0x00, 0x00, 0x00, 0x00, 0x00, 0x00, 0x00, 0x00, 0x00, 0x00, 0x00, 0x00,
0x00, 0x00, 0x00, 0x00, 0x00, 0x00, 0x00, 0x00, 0x00, 0x00, 0x00, 0x00, 0x00, 0x00, 0x00, 0x00,
0x00, 0x00, 0x00, 0x00, 0x00, 0x00, 0x00, 0x00, 0x00, 0x00, 0x00, 0x00, 0x00, 0x00, 0x00, 0x00,
0x00, 0x00, 0x00, 0x00, 0x00, 0x00, 0x00, 0x00, 0x00, 0x00, 0x00, 0x00, 0x00, 0x00, 0x00, 0x00,
0x00, 0x00, 0x00, 0x00, 0xff, 0x92, 0xb6, 0x07, 0xfa, 0x79, 0xb9, 0xbb, 0xf8, 0x71, 0xb5, 0xfe,
0xf6, 0x68, 0xb0, 0xfd, 0xf3, 0x5f, 0xab, 0xb1, 0xff, 0x40, 0xbf, 0x04, 0x00, 0x00, 0x00, 0x00,
0x00, 0x00, 0x00, 0x00, 0x00, 0x00, 0x00, 0x00, 0x00, 0x00, 0x00, 0x00, 0x00, 0x00, 0x00, 0x00,
0x00, 0x00, 0x00, 0x00, 0x00, 0x00, 0x00, 0x00, 0x00, 0x00, 0x00, 0x00, 0x00, 0x00, 0x00, 0x00,
0x00, 0x00, 0x00, 0x00, 0x00, 0x00, 0x00, 0x00, 0x00, 0x00, 0x00, 0x00, 0x00, 0x00, 0x00, 0x00,
0x00, 0x00, 0x00, 0x00, 0x00, 0x00, 0x00, 0x00, 0x00, 0x00, 0x00, 0x00, 0x00, 0x00, 0x00, 0x00,
0x00, 0x00, 0x00, 0x00, 0x00, 0x00, 0x00, 0x00, 0x00, 0x00, 0x00, 0x00, 0x00, 0x00, 0x00, 0x00,
0x00, 0x00, 0x00, 0x00, 0x00, 0x00, 0x00, 0x00, 0x00, 0x00, 0x00, 0x00, 0x00, 0x00, 0x00, 0x00,
0x00, 0x00, 0x00, 0x00, 0x00, 0x00, 0x00, 0x00, 0x00, 0x00, 0x00, 0x00, 0x00, 0x00, 0x00, 0x00,
0x00, 0x00, 0x00, 0x00, 0x00, 0x00, 0x00, 0x00, 0x00, 0x00, 0x00, 0x00, 0x00, 0x00, 0x00, 0x00,
0x00, 0x00, 0x00, 0x00, 0x00, 0x00, 0x00, 0x00, 0x00, 0x00, 0x00, 0x00, 0x00, 0x00, 0x00, 0x00,
0x00, 0x00, 0x00, 0x00, 0x00, 0x00, 0x00, 0x00, 0x00, 0x00, 0x00, 0x00, 0x00, 0x00, 0x00, 0x00,
0x00, 0x00, 0x00, 0x00, 0xfb, 0x7b, 0xbd, 0x3a, 0xf8, 0x73, 0xb7, 0xff, 0xf6, 0x6a, 0xb2, 0xff,
0xf4, 0x61, 0xad, 0xff, 0xf2, 0x58, 0xa8, 0xff, 0xf1, 0x4d, 0xa4, 0x38, 0x00, 0x00, 0x00, 0x00,
0x00, 0x00, 0x00, 0x00, 0x00, 0x00, 0x00, 0x00, 0x00, 0x00, 0x00, 0x00, 0x00, 0x00, 0x00, 0x00,
0x00, 0x00, 0x00, 0x00, 0x00, 0x00, 0x00, 0x00, 0x00, 0x00, 0x00, 0x00, 0x00, 0x00, 0x00, 0x00,
0x00, 0x00, 0x00, 0x00, 0x00, 0x00, 0x00, 0x00, 0x00, 0x00, 0x00, 0x00, 0x00, 0x00, 0x00, 0x00,
0x00, 0x00, 0x00, 0x00, 0x00, 0x00, 0x00, 0x00, 0x00, 0x00, 0x00, 0x00, 0x00, 0x00, 0x00, 0x00,
0x00, 0x00, 0x00, 0x00, 0x00, 0x00, 0x00, 0x00, 0x00, 0x00, 0x00, 0x00, 0x00, 0x00, 0x00, 0x00,
0x00, 0x00, 0x00, 0x00, 0x00, 0x00, 0x00, 0x00, 0x00, 0x00, 0x00, 0x00, 0x00, 0x00, 0x00, 0x00,
0x00, 0x00, 0x00, 0x00, 0x00, 0x00, 0x00, 0x00, 0x00, 0x00, 0x00, 0x00, 0x00, 0x00, 0x00, 0x00,
0x00, 0x00, 0x00, 0x00, 0x00, 0x00, 0x00, 0x00, 0x00, 0x00, 0x00, 0x00, 0x00, 0x00, 0x00, 0x00,
0x00, 0x00, 0x00, 0x00, 0x00, 0x00, 0x00, 0x00, 0x00, 0x00, 0x00, 0x00, 0x00, 0x00, 0x00, 0x00,
0x00, 0x00, 0x00, 0x00, 0x00, 0x00, 0x00, 0x00, 0x00, 0x00, 0x00, 0x00, 0x00, 0x00, 0x00, 0x00,
0x00, 0x00, 0x00, 0x00, 0xf7, 0x74, 0xb7, 0x40, 0xf7, 0x6c, 0xb3, 0xff, 0xf5, 0x63, 0xae, 0xff,
0xf3, 0x5a, 0xa9, 0xff, 0xf1, 0x51, 0xa4, 0xff, 0xef, 0x48, 0x9f, 0x40, 0x00, 0x00, 0x00, 0x00,
0x00, 0x00, 0x00, 0x00, 0x00, 0x00, 0x00, 0x00, 0x00, 0x00, 0x00, 0x00, 0x00, 0x00, 0x00, 0x00,
0x00, 0x00, 0x00, 0x00, 0x00, 0x00, 0x00, 0x00, 0x00, 0x00, 0x00, 0x00, 0x00, 0x00, 0x00, 0x00,
0x00, 0x00, 0x00, 0x00, 0x00, 0x00, 0x00, 0x00, 0x00, 0x00, 0x00, 0x00, 0x00, 0x00, 0x00, 0x00,
0x00, 0x00, 0x00, 0x00, 0x00, 0x00, 0x00, 0x00, 0x00, 0x00, 0x00, 0x00, 0x00, 0x00, 0x00, 0x00,
0x00, 0x00, 0x00, 0x00, 0x00, 0x00, 0x00, 0x00, 0x00, 0x00, 0x00, 0x00, 0x00, 0x00, 0x00, 0x00,
0x00, 0x00, 0x00, 0x00, 0x00, 0x00, 0x00, 0x00, 0x00, 0x00, 0x00, 0x00, 0x00, 0x00, 0x00, 0x00,
0x00, 0x00, 0x00, 0x00, 0x00, 0x00, 0x00, 0x00, 0x00, 0x00, 0x00, 0x00, 0x00, 0x00, 0x00, 0x00,
0x00, 0x00, 0x00, 0x00, 0x00, 0x00, 0x00, 0x00, 0x00, 0x00, 0x00, 0x00, 0x00, 0x00, 0x00, 0x00,
0x00, 0x00, 0x00, 0x00, 0x00, 0x00, 0x00, 0x00, 0x00, 0x00, 0x00, 0x00, 0x00, 0x00, 0x00, 0x00,
0x00, 0x00, 0x00, 0x00, 0x00, 0x00, 0x00, 0x00, 0x00, 0x00, 0x00, 0x00, 0x00, 0x00, 0x00, 0x00,
0x00, 0x00, 0x00, 0x00, 0xf7, 0x70, 0xb3, 0x40, 0xf5, 0x66, 0xaf, 0xff, 0xf3, 0x5d, 0xaa, 0xff,
0xf1, 0x54, 0xa5, 0xff, 0xef, 0x4b, 0xa0, 0xff, 0xeb, 0x44, 0x9b, 0x40, 0x00, 0x00, 0x00, 0x00,
0x00, 0x00, 0x00, 0x00, 0x00, 0x00, 0x00, 0x00, 0x00, 0x00, 0x00, 0x00, 0x00, 0x00, 0x00, 0x00,
0x00, 0x00, 0x00, 0x00, 0x00, 0x00, 0x00, 0x00, 0x00, 0x00, 0x00, 0x00, 0x00, 0x00, 0x00, 0x00,
0x00, 0x00, 0x00, 0x00, 0x00, 0x00, 0x00, 0x00, 0x00, 0x00, 0x00, 0x00, 0x00, 0x00, 0x00, 0x00,
0x00, 0x00, 0x00, 0x00, 0x00, 0x00, 0x00, 0x00, 0x00, 0x00, 0x00, 0x00, 0x00, 0x00, 0x00, 0x00,
0x00, 0x00, 0x00, 0x00, 0x00, 0x00, 0x00, 0x00, 0x00, 0x00, 0x00, 0x00, 0x00, 0x00, 0x00, 0x00,
0x00, 0x00, 0x00, 0x00, 0x00, 0x00, 0x00, 0x00, 0x00, 0x00, 0x00, 0x00, 0x00, 0x00, 0x00, 0x00,
0x00, 0x00, 0x00, 0x00, 0x00, 0x00, 0x00, 0x00, 0x00, 0x00, 0x00, 0x00, 0x00, 0x00, 0x00, 0x00,
0x00, 0x00, 0x00, 0x00, 0x00, 0x00, 0x00, 0x00, 0x00, 0x00, 0x00, 0x00, 0x00, 0x00, 0x00, 0x00,
0x00, 0x00, 0x00, 0x00, 0xff, 0x8b, 0xb9, 0x0b, 0xff, 0x80, 0x80, 0x02, 0x00, 0x00, 0x00, 0x00,
0x00, 0x00, 0x00, 0x00, 0x00, 0x00, 0x00, 0x00, 0x00, 0x00, 0x00, 0x00, 0x00, 0x00, 0x00, 0x00,
0x00, 0x00, 0x00, 0x00, 0xf6, 0x67, 0xae, 0x39, 0xf4, 0x5f, 0xab, 0xff, 0xf2, 0x56, 0xa6, 0xff,
0xf0, 0x4d, 0xa1, 0xff, 0xee, 0x44, 0x9c, 0xff, 0xed, 0x3a, 0x98, 0x39, 0x00, 0x00, 0x00, 0x00,
0x00, 0x00, 0x00, 0x00, 0x00, 0x00, 0x00, 0x00, 0x00, 0x00, 0x00, 0x00, 0x00, 0x00, 0x00, 0x00,
0x00, 0x00, 0x00, 0x00, 0xff, 0x00, 0xff, 0x01, 0xff, 0x60, 0x9f, 0x08, 0x00, 0x00, 0x00, 0x00,
0x00, 0x00, 0x00, 0x00, 0x00, 0x00, 0x00, 0x00, 0x00, 0x00, 0x00, 0x00, 0x00, 0x00, 0x00, 0x00,
0x00, 0x00, 0x00, 0x00, 0x00, 0x00, 0x00, 0x00, 0x00, 0x00, 0x00, 0x00, 0x00, 0x00, 0x00, 0x00,
0x00, 0x00, 0x00, 0x00, 0x00, 0x00, 0x00, 0x00, 0x00, 0x00, 0x00, 0x00, 0x00, 0x00, 0x00, 0x00,
0x00, 0x00, 0x00, 0x00, 0x00, 0x00, 0x00, 0x00, 0x00, 0x00, 0x00, 0x00, 0x00, 0x00, 0x00, 0x00,
0x00, 0x00, 0x00, 0x00, 0x00, 0x00, 0x00, 0x00, 0x00, 0x00, 0x00, 0x00, 0x00, 0x00, 0x00, 0x00,
0x00, 0x00, 0x00, 0x00, 0x00, 0x00, 0x00, 0x00, 0x00, 0x00, 0x00, 0x00, 0x00, 0x00, 0x00, 0x00,
0xf9, 0x79, 0xbb, 0x52, 0xf9, 0x78, 0xb9, 0xf7, 0xf8, 0x76, 0xb9, 0xc4, 0xff, 0x77, 0xbb, 0x0f,
0x00, 0x00, 0x00, 0x00, 0x00, 0x00, 0x00, 0x00, 0x00, 0x00, 0x00, 0x00, 0xff, 0x00, 0xff, 0x01,
0xfa, 0x78, 0xbc, 0x35, 0xf9, 0x78, 0xbb, 0x7f, 0xf4, 0x5e, 0xac, 0xe0, 0xf0, 0x4f, 0xa4, 0xfe,
0xee, 0x46, 0x9f, 0xfe, 0xee, 0x47, 0x9e, 0xe3, 0xf7, 0x6c, 0xb3, 0x7f, 0xf5, 0x6c, 0xb5, 0x34,
0xff, 0x00, 0xff, 0x01, 0x00, 0x00, 0x00, 0x00, 0x00, 0x00, 0x00, 0x00, 0x00, 0x00, 0x00, 0x00,
0xff, 0x77, 0xbb, 0x0f, 0xf5, 0x65, 0xb0, 0xc4, 0xf3, 0x59, 0xa8, 0xf6, 0xef, 0x4e, 0xa2, 0x52,
0x00, 0x00, 0x00, 0x00, 0x00, 0x00, 0x00, 0x00, 0x00, 0x00, 0x00, 0x00, 0x00, 0x00, 0x00, 0x00,
0x00, 0x00, 0x00, 0x00, 0x00, 0x00, 0x00, 0x00, 0x00, 0x00, 0x00, 0x00, 0x00, 0x00, 0x00, 0x00,
0x00, 0x00, 0x00, 0x00, 0x00, 0x00, 0x00, 0x00, 0x00, 0x00, 0x00, 0x00, 0x00, 0x00, 0x00, 0x00,
0x00, 0x00, 0x00, 0x00, 0x00, 0x00, 0x00, 0x00, 0x00, 0x00, 0x00, 0x00, 0x00, 0x00, 0x00, 0x00,
0x00, 0x00, 0x00, 0x00, 0x00, 0x00, 0x00, 0x00, 0x00, 0x00, 0x00, 0x00, 0x00, 0x00, 0x00, 0x00,
0x00, 0x00, 0x00, 0x00, 0x00, 0x00, 0x00, 0x00, 0x00, 0x00, 0x00, 0x00, 0xf6, 0x6d, 0xb4, 0x52,
0xf7, 0x6d, 0xb3, 0xfa, 0xf7, 0x6c, 0xb3, 0xff, 0xf6, 0x6b, 0xb2, 0xff, 0xf6, 0x6a, 0xb3, 0xc8,
0xff, 0x62, 0xb1, 0x0d, 0xff, 0x71, 0xc6, 0x09, 0xfb, 0x7c, 0xbd, 0x77, 0xfb, 0x7a, 0xbb, 0xe4,
0xf9, 0x78, 0xba, 0xff, 0xf9, 0x77, 0xb9, 0xff, 0xf9, 0x75, 0xb7, 0xff, 0xf8, 0x73, 0xb6, 0xff,
0xf8, 0x71, 0xb5, 0xff, 0xf7, 0x6f, 0xb4, 0xff, 0xf7, 0x6d, 0xb3, 0xff, 0xf6, 0x6b, 0xb2, 0xff,
0xf6, 0x68, 0xb1, 0xe3, 0xf6, 0x66, 0xb1, 0x75, 0xff, 0x60, 0x9f, 0x08, 0xff, 0x76, 0xc4, 0x0d,
0xf9, 0x71, 0xb6, 0xc8, 0xf5, 0x66, 0xaf, 0xff, 0xf3, 0x5a, 0xa9, 0xff, 0xf0, 0x4e, 0xa2, 0xfa,
0xec, 0x44, 0x9b, 0x52, 0x00, 0x00, 0x00, 0x00, 0x00, 0x00, 0x00, 0x00, 0x00, 0x00, 0x00, 0x00,
0x00, 0x00, 0x00, 0x00, 0x00, 0x00, 0x00, 0x00, 0x00, 0x00, 0x00, 0x00, 0x00, 0x00, 0x00, 0x00,
0x00, 0x00, 0x00, 0x00, 0x00, 0x00, 0x00, 0x00, 0x00, 0x00, 0x00, 0x00, 0x00, 0x00, 0x00, 0x00,
0x00, 0x00, 0x00, 0x00, 0x00, 0x00, 0x00, 0x00, 0x00, 0x00, 0x00, 0x00, 0x00, 0x00, 0x00, 0x00,
0x00, 0x00, 0x00, 0x00, 0x00, 0x00, 0x00, 0x00, 0x00, 0x00, 0x00, 0x00, 0x00, 0x00, 0x00, 0x00,
0x00, 0x00, 0x00, 0x00, 0x00, 0x00, 0x00, 0x00, 0xf6, 0x62, 0xae, 0x39, 0xf4, 0x62, 0xad, 0xfa,
0xf4, 0x61, 0xac, 0xff, 0xf4, 0x60, 0xac, 0xff, 0xf4, 0x5f, 0xab, 0xff, 0xf4, 0x5e, 0xab, 0xff,
0xf4, 0x67, 0xaf, 0x8f, 0xfb, 0x7c, 0xbc, 0xe3, 0xfa, 0x7a, 0xbb, 0xff, 0xf9, 0x78, 0xba, 0xff,
0xf9, 0x77, 0xb9, 0xff, 0xf9, 0x75, 0xb7, 0xff, 0xf8, 0x73, 0xb6, 0xff, 0xf8, 0x71, 0xb5, 0xff,
0xf7, 0x6f, 0xb4, 0xff, 0xf7, 0x6d, 0xb3, 0xff, 0xf6, 0x6b, 0xb2, 0xff, 0xf6, 0x69, 0xb1, 0xff,
0xf6, 0x67, 0xb0, 0xff, 0xf5, 0x65, 0xaf, 0xff, 0xf5, 0x63, 0xae, 0xe2, 0xf8, 0x77, 0xb8, 0x96,
0xf8, 0x73, 0xb6, 0xff, 0xf6, 0x67, 0xb0, 0xff, 0xf3, 0x5b, 0xa9, 0xff, 0xf0, 0x4f, 0xa3, 0xff,
0xee, 0x44, 0x9c, 0xfa, 0xe9, 0x38, 0x97, 0x3b, 0x00, 0x00, 0x00, 0x00, 0x00, 0x00, 0x00, 0x00,
0x00, 0x00, 0x00, 0x00, 0x00, 0x00, 0x00, 0x00, 0x00, 0x00, 0x00, 0x00, 0x00, 0x00, 0x00, 0x00,
0x00, 0x00, 0x00, 0x00, 0x00, 0x00, 0x00, 0x00, 0x00, 0x00, 0x00, 0x00, 0x00, 0x00, 0x00, 0x00,
0x00, 0x00, 0x00, 0x00, 0x00, 0x00, 0x00, 0x00, 0x00, 0x00, 0x00, 0x00, 0x00, 0x00, 0x00, 0x00,
0x00, 0x00, 0x00, 0x00, 0x00, 0x00, 0x00, 0x00, 0x00, 0x00, 0x00, 0x00, 0x00, 0x00, 0x00, 0x00,
0x00, 0x00, 0x00, 0x00, 0x00, 0x00, 0x00, 0x00, 0xf3, 0x58, 0xa7, 0x57, 0xf2, 0x56, 0xa6, 0xff,
0xf2, 0x55, 0xa6, 0xff, 0xf1, 0x54, 0xa5, 0xff, 0xf1, 0x53, 0xa5, 0xff, 0xf1, 0x54, 0xa5, 0xf0,
0xfa, 0x78, 0xba, 0xfb, 0xfa, 0x7a, 0xbb, 0xff, 0xf9, 0x78, 0xba, 0xff, 0xf9, 0x77, 0xb9, 0xff,
0xf9, 0x75, 0xb7, 0xff, 0xf8, 0x73, 0xb6, 0xff, 0xf8, 0x71, 0xb5, 0xff, 0xf7, 0x6f, 0xb4, 0xff,
0xf7, 0x6d, 0xb3, 0xff, 0xf6, 0x6b, 0xb2, 0xff, 0xf6, 0x69, 0xb1, 0xff, 0xf6, 0x67, 0xb0, 0xff,
0xf5, 0x65, 0xaf, 0xff, 0xf5, 0x63, 0xae, 0xff, 0xf4, 0x61, 0xad, 0xff, 0xf5, 0x63, 0xaf, 0xfc,
0xf8, 0x73, 0xb6, 0xf2, 0xf6, 0x68, 0xb0, 0xff, 0xf3, 0x5c, 0xaa, 0xff, 0xf1, 0x50, 0xa3, 0xff,
0xee, 0x44, 0x9d, 0xff, 0xeb, 0x38, 0x97, 0x5b, 0x00, 0x00, 0x00, 0x00, 0x00, 0x00, 0x00, 0x00,
0x00, 0x00, 0x00, 0x00, 0x00, 0x00, 0x00, 0x00, 0x00, 0x00, 0x00, 0x00, 0x00, 0x00, 0x00, 0x00,
0x00, 0x00, 0x00, 0x00, 0x00, 0x00, 0x00, 0x00, 0x00, 0x00, 0x00, 0x00, 0x00, 0x00, 0x00, 0x00,
0x00, 0x00, 0x00, 0x00, 0x00, 0x00, 0x00, 0x00, 0x00, 0x00, 0x00, 0x00, 0x00, 0x00, 0x00, 0x00,
0x00, 0x00, 0x00, 0x00, 0x00, 0x00, 0x00, 0x00, 0x00, 0x00, 0x00, 0x00, 0x00, 0x00, 0x00, 0x00,
0x00, 0x00, 0x00, 0x00, 0x00, 0x00, 0x00, 0x00, 0xff, 0x00, 0xff, 0x01, 0xef, 0x49, 0xa1, 0x92,
0xef, 0x49, 0x9f, 0xff, 0xef, 0x48, 0x9f, 0xff, 0xef, 0x4a, 0xa0, 0xf2, 0xf8, 0x74, 0xb7, 0xff,
0xfa, 0x7a, 0xbb, 0xff, 0xf9, 0x78, 0xba, 0xff, 0xf9, 0x77, 0xb9, 0xff, 0xf9, 0x75, 0xb7, 0xff,
0xf8, 0x73, 0xb6, 0xff, 0xf8, 0x71, 0xb5, 0xff, 0xf7, 0x6f, 0xb4, 0xe7, 0xf8, 0x6d, 0xb3, 0xcc,
0xf6, 0x6b, 0xb2, 0xcb, 0xf6, 0x69, 0xb1, 0xe7, 0xf6, 0x67, 0xb0, 0xff, 0xf5, 0x65, 0xaf, 0xff,
0xf5, 0x63, 0xae, 0xff, 0xf4, 0x61, 0xad, 0xff, 0xf4, 0x5f, 0xac, 0xff, 0xf3, 0x5d, 0xab, 0xff,
0xf4, 0x5f, 0xac, 0xff, 0xf7, 0x68, 0xb1, 0xf0, 0xf3, 0x5d, 0xaa, 0xff, 0xf1, 0x51, 0xa4, 0xff,
0xee, 0x44, 0x9d, 0x99, 0xff, 0x00, 0xff, 0x01, 0x00, 0x00, 0x00, 0x00, 0x00, 0x00, 0x00, 0x00,
0x00, 0x00, 0x00, 0x00, 0x00, 0x00, 0x00, 0x00, 0x00, 0x00, 0x00, 0x00, 0x00, 0x00, 0x00, 0x00,
0x00, 0x00, 0x00, 0x00, 0x00, 0x00, 0x00, 0x00, 0x00, 0x00, 0x00, 0x00, 0x00, 0x00, 0x00, 0x00,
0x00, 0x00, 0x00, 0x00, 0x00, 0x00, 0x00, 0x00, 0x00, 0x00, 0x00, 0x00, 0x00, 0x00, 0x00, 0x00,
0x00, 0x00, 0x00, 0x00, 0x00, 0x00, 0x00, 0x00, 0x00, 0x00, 0x00, 0x00, 0x00, 0x00, 0x00, 0x00,
0x00, 0x00, 0x00, 0x00, 0x00, 0x00, 0x00, 0x00, 0x00, 0x00, 0x00, 0x00, 0xff, 0x00, 0xff, 0x01,
0xec, 0x3d, 0x99, 0x85, 0xed, 0x42, 0x9b, 0xd4, 0xf8, 0x72, 0xb7, 0xfc, 0xfa, 0x7a, 0xbb, 0xff,
0xf9, 0x78, 0xba, 0xff, 0xf9, 0x77, 0xb9, 0xff, 0xf9, 0x75, 0xb7, 0xff, 0xf8, 0x73, 0xb6, 0xf7,
0xf8, 0x70, 0xb5, 0x8d, 0xf9, 0x71, 0xb2, 0x2b, 0x00, 0x00, 0x00, 0x00, 0x00, 0x00, 0x00, 0x00,
0x00, 0x00, 0x00, 0x00, 0x00, 0x00, 0x00, 0x00, 0xf3, 0x63, 0xae, 0x2c, 0xf4, 0x63, 0xae, 0x8e,
0xf4, 0x61, 0xad, 0xf8, 0xf4, 0x5f, 0xac, 0xff, 0xf3, 0x5d, 0xab, 0xff, 0xf3, 0x5c, 0xaa, 0xff,
0xf3, 0x5a, 0xa8, 0xff, 0xf3, 0x5b, 0xa9, 0xfc, 0xf4, 0x5d, 0xab, 0xce, 0xf1, 0x52, 0xa5, 0x82,
0xff, 0x00, 0xff, 0x01, 0x00, 0x00, 0x00, 0x00, 0x00, 0x00, 0x00, 0x00, 0x00, 0x00, 0x00, 0x00,
0x00, 0x00, 0x00, 0x00, 0x00, 0x00, 0x00, 0x00, 0x00, 0x00, 0x00, 0x00, 0x00, 0x00, 0x00, 0x00,
0x00, 0x00, 0x00, 0x00, 0x00, 0x00, 0x00, 0x00, 0x00, 0x00, 0x00, 0x00, 0x00, 0x00, 0x00, 0x00,
0x00, 0x00, 0x00, 0x00, 0x00, 0x00, 0x00, 0x00, 0x00, 0x00, 0x00, 0x00, 0x00, 0x00, 0x00, 0x00,
0x00, 0x00, 0x00, 0x00, 0x00, 0x00, 0x00, 0x00, 0x00, 0x00, 0x00, 0x00, 0x00, 0x00, 0x00, 0x00,
0x00, 0x00, 0x00, 0x00, 0x00, 0x00, 0x00, 0x00, 0x00, 0x00, 0x00, 0x00, 0x00, 0x00, 0x00, 0x00,
0xff, 0x71, 0xc6, 0x09, 0xfb, 0x7c, 0xbc, 0xe3, 0xfa, 0x7a, 0xbb, 0xff, 0xf9, 0x78, 0xba, 0xff,
0xf9, 0x77, 0xb9, 0xff, 0xf9, 0x75, 0xb7, 0xff, 0xf8, 0x73, 0xb6, 0xd3, 0xf8, 0x75, 0xb6, 0x23,
0x00, 0x00, 0x00, 0x00, 0x00, 0x00, 0x00, 0x00, 0x00, 0x00, 0x00, 0x00, 0x00, 0x00, 0x00, 0x00,
0x00, 0x00, 0x00, 0x00, 0x00, 0x00, 0x00, 0x00, 0x00, 0x00, 0x00, 0x00, 0x00, 0x00, 0x00, 0x00,
0xf1, 0x60, 0xac, 0x25, 0xf3, 0x5d, 0xab, 0xd4, 0xf3, 0x5c, 0xaa, 0xff, 0xf3, 0x5a, 0xa8, 0xff,
0xf2, 0x58, 0xa7, 0xff, 0xf2, 0x56, 0xa6, 0xff, 0xf1, 0x54, 0xa5, 0xe1, 0xff, 0x60, 0x9f, 0x08,
0x00, 0x00, 0x00, 0x00, 0x00, 0x00, 0x00, 0x00, 0x00, 0x00, 0x00, 0x00, 0x00, 0x00, 0x00, 0x00,
0x00, 0x00, 0x00, 0x00, 0x00, 0x00, 0x00, 0x00, 0x00, 0x00, 0x00, 0x00, 0x00, 0x00, 0x00, 0x00,
0x00, 0x00, 0x00, 0x00, 0x00, 0x00, 0x00, 0x00, 0x00, 0x00, 0x00, 0x00, 0x00, 0x00, 0x00, 0x00,
0x00, 0x00, 0x00, 0x00, 0x00, 0x00, 0x00, 0x00, 0x00, 0x00, 0x00, 0x00, 0x00, 0x00, 0x00, 0x00,
0x00, 0x00, 0x00, 0x00, 0x00, 0x00, 0x00, 0x00, 0x00, 0x00, 0x00, 0x00, 0x00, 0x00, 0x00, 0x00,
0x00, 0x00, 0x00, 0x00, 0x00, 0x00, 0x00, 0x00, 0x00, 0x00, 0x00, 0x00, 0x00, 0x00, 0x00, 0x00,
0xfb, 0x7c, 0xbd, 0x77, 0xfa, 0x7a, 0xbb, 0xff, 0xf9, 0x78, 0xba, 0xff, 0xf9, 0x77, 0xb9, 0xff,
0xf9, 0x75, 0xb7, 0xff, 0xf8, 0x73, 0xb6, 0xd3, 0xff, 0x77, 0xbb, 0x0f, 0x00, 0x00, 0x00, 0x00,
0xff, 0x88, 0xbb, 0x0f, 0xfd, 0x84, 0xc0, 0x7a, 0xf9, 0x82, 0xbd, 0xd0, 0xfa, 0x83, 0xbe, 0xf7,
0xfa, 0x83, 0xbe, 0xf7, 0xfa, 0x83, 0xbe, 0xcf, 0xfd, 0x84, 0xc0, 0x7a, 0xff, 0x80, 0xc8, 0x0e,
0x00, 0x00, 0x00, 0x00, 0xee, 0x55, 0xaa, 0x0f, 0xf3, 0x5a, 0xa8, 0xd5, 0xf2, 0x58, 0xa7, 0xff,
0xf2, 0x56, 0xa6, 0xff, 0xf1, 0x54, 0xa5, 0xff, 0xf1, 0x52, 0xa4, 0xff, 0xf0, 0x4f, 0xa3, 0x74,
0x00, 0x00, 0x00, 0x00, 0x00, 0x00, 0x00, 0x00, 0x00, 0x00, 0x00, 0x00, 0x00, 0x00, 0x00, 0x00,
0x00, 0x00, 0x00, 0x00, 0x00, 0x00, 0x00, 0x00, 0x00, 0x00, 0x00, 0x00, 0x00, 0x00, 0x00, 0x00,
0x00, 0x00, 0x00, 0x00, 0x00, 0x00, 0x00, 0x00, 0x00, 0x00, 0x00, 0x00, 0x00, 0x00, 0x00, 0x00,
0x00, 0x00, 0x00, 0x00, 0x00, 0x00, 0x00, 0x00, 0x00, 0x00, 0x00, 0x00, 0x00, 0x00, 0x00, 0x00,
0x00, 0x00, 0x00, 0x00, 0x00, 0x00, 0x00, 0x00, 0x00, 0x00, 0x00, 0x00, 0x00, 0x00, 0x00, 0x00,
0x00, 0x00, 0x00, 0x00, 0x00, 0x00, 0x00, 0x00, 0x00, 0x00, 0x00, 0x00, 0xff, 0x00, 0xff, 0x01,
0xfb, 0x7a, 0xbb, 0xe4, 0xf9, 0x78, 0xba, 0xff, 0xf9, 0x77, 0xb9, 0xff, 0xf9, 0x75, 0xb7, 0xff,
0xf8, 0x73, 0xb6, 0xf7, 0xf8, 0x75, 0xb6, 0x23, 0x00, 0x00, 0x00, 0x00, 0xf9, 0x85, 0xbf, 0x2c,
0xf8, 0x82, 0xbe, 0xe3, 0xfb, 0x83, 0xbf, 0xff, 0xc8, 0x69, 0x95, 0xfe, 0x9c, 0x52, 0x70, 0xff,
0x9c, 0x52, 0x70, 0xff, 0xc8, 0x69, 0x95, 0xfe, 0xfb, 0x83, 0xbf, 0xff, 0xf8, 0x82, 0xbe, 0xe3,
0xf9, 0x85, 0xbf, 0x2c, 0x00, 0x00, 0x00, 0x00, 0xf1, 0x5a, 0xa5, 0x25, 0xf2, 0x56, 0xa6, 0xf8,
0xf1, 0x54, 0xa5, 0xff, 0xf1, 0x52, 0xa4, 0xff, 0xf0, 0x50, 0xa3, 0xff, 0xf0, 0x4e, 0xa2, 0xe2,
0xff, 0x00, 0xff, 0x01, 0x00, 0x00, 0x00, 0x00, 0x00, 0x00, 0x00, 0x00, 0x00, 0x00, 0x00, 0x00,
0x00, 0x00, 0x00, 0x00, 0x00, 0x00, 0x00, 0x00, 0x00, 0x00, 0x00, 0x00, 0x00, 0x00, 0x00, 0x00,
0x00, 0x00, 0x00, 0x00, 0x00, 0x00, 0x00, 0x00, 0x00, 0x00, 0x00, 0x00, 0x00, 0x00, 0x00, 0x00,
0x00, 0x00, 0x00, 0x00, 0x00, 0x00, 0x00, 0x00, 0x00, 0x00, 0x00, 0x00, 0x00, 0x00, 0x00, 0x00,
0x00, 0x00, 0x00, 0x00, 0x00, 0x00, 0x00, 0x00, 0x00, 0x00, 0x00, 0x00, 0x00, 0x00, 0x00, 0x00,
0x00, 0x00, 0x00, 0x00, 0x00, 0x00, 0x00, 0x00, 0x00, 0x00, 0x00, 0x00, 0xfa, 0x78, 0xbc, 0x35,
0xf9, 0x78, 0xba, 0xff, 0xf9, 0x77, 0xb9, 0xff, 0xf9, 0x75, 0xb7, 0xff, 0xf8, 0x73, 0xb6, 0xff,
0xf8, 0x70, 0xb5, 0x8d, 0x00, 0x00, 0x00, 0x00, 0xff, 0x88, 0xbb, 0x0f, 0xf9, 0x83, 0xbe, 0xe6,
0xe7, 0x79, 0xae, 0xfc, 0x56, 0x2e, 0x35, 0xff, 0x2a, 0x17, 0x0f, 0xff, 0x2a, 0x17, 0x0f, 0xff,
0x2a, 0x17, 0x0f, 0xff, 0x2a, 0x17, 0x0f, 0xff, 0x56, 0x2e, 0x35, 0xff, 0xe7, 0x79, 0xae, 0xfc,
0xf9, 0x83, 0xbe, 0xe6, 0xff, 0x80, 0xc8, 0x0e, 0x00, 0x00, 0x00, 0x00, 0xf1, 0x54, 0xa6, 0x8f,
0xf1, 0x52, 0xa4, 0xff, 0xf0, 0x50, 0xa3, 0xff, 0xf0, 0x4e, 0xa2, 0xff, 0xf0, 0x4c, 0xa1, 0xff,
0xf0, 0x4b, 0xa0, 0x33, 0x00, 0x00, 0x00, 0x00, 0x00, 0x00, 0x00, 0x00, 0x00, 0x00, 0x00, 0x00,
0x00, 0x00, 0x00, 0x00, 0x00, 0x00, 0x00, 0x00, 0x00, 0x00, 0x00, 0x00, 0x00, 0x00, 0x00, 0x00,
0x00, 0x00, 0x00, 0x00, 0x00, 0x00, 0x00, 0x00, 0x00, 0x00, 0x00, 0x00, 0x00, 0x00, 0x00, 0x00,
0x00, 0x00, 0x00, 0x00, 0x00, 0x00, 0x00, 0x00, 0x00, 0x00, 0x00, 0x00, 0x00, 0x00, 0x00, 0x00,
0x00, 0x00, 0x00, 0x00, 0x00, 0x00, 0x00, 0x00, 0xff, 0x80, 0xaa, 0x06, 0xfb, 0x7b, 0xbb, 0x3c,
0xf8, 0x74, 0xb8, 0x44, 0xf8, 0x71, 0xb4, 0x44, 0xf6, 0x6a, 0xb0, 0x3a, 0xf9, 0x76, 0xb7, 0x7f,
0xf9, 0x77, 0xb9, 0xff, 0xf9, 0x75, 0xb7, 0xff, 0xf8, 0x73, 0xb6, 0xff, 0xf8, 0x71, 0xb5, 0xff,
0xf9, 0x71, 0xb2, 0x2b, 0x00, 0x00, 0x00, 0x00, 0xfd, 0x85, 0xc1, 0x7f, 0xfa, 0x83, 0xbf, 0xfe,
0x52, 0x2c, 0x31, 0xff, 0x2a, 0x17, 0x0f, 0xff, 0x2a, 0x17, 0x0f, 0xff, 0x2a, 0x17, 0x0f, 0xff,
0x2a, 0x17, 0x0f, 0xff, 0x2a, 0x17, 0x0f, 0xff, 0x2a, 0x17, 0x0f, 0xff, 0x54, 0x2c, 0x32, 0xff,
0xfa, 0x83, 0xbf, 0xfe, 0xfd, 0x84, 0xc0, 0x7e, 0x00, 0x00, 0x00, 0x00, 0xf4, 0x4f, 0xa4, 0x2d,
0xf0, 0x50, 0xa3, 0xff, 0xf0, 0x4e, 0xa2, 0xff, 0xf0, 0x4c, 0xa1, 0xff, 0xef, 0x4a, 0xa0, 0xff,
0xef, 0x49, 0x9f, 0x7d, 0xfb, 0x7b, 0xbb, 0x3c, 0xf8, 0x74, 0xb8, 0x44, 0xf8, 0x71, 0xb4, 0x44,
0xf6, 0x6a, 0xb0, 0x3a, 0xff, 0x66, 0x99, 0x05, 0x00, 0x00, 0x00, 0x00, 0x00, 0x00, 0x00, 0x00,
0x00, 0x00, 0x00, 0x00, 0x00, 0x00, 0x00, 0x00, 0x00, 0x00, 0x00, 0x00, 0x00, 0x00, 0x00, 0x00,
0x00, 0x00, 0x00, 0x00, 0x00, 0x00, 0x00, 0x00, 0x00, 0x00, 0x00, 0x00, 0x00, 0x00, 0x00, 0x00,
0x00, 0x00, 0x00, 0x00, 0x00, 0x00, 0x00, 0x00, 0xfa, 0x79, 0xb9, 0xbb, 0xf8, 0x73, 0xb7, 0xff,
0xf7, 0x6c, 0xb3, 0xff, 0xf5, 0x66, 0xaf, 0xff, 0xf4, 0x5f, 0xab, 0xff, 0xf4, 0x5f, 0xac, 0xdf,
0xf9, 0x75, 0xb7, 0xff, 0xf8, 0x73, 0xb6, 0xff, 0xf8, 0x71, 0xb5, 0xff, 0xf7, 0x6f, 0xb4, 0xe7,
0x00, 0x00, 0x00, 0x00, 0x00, 0x00, 0x00, 0x00, 0xfa, 0x83, 0xbe, 0xd3, 0xc4, 0x66, 0x91, 0xfe,
0x2a, 0x17, 0x0f, 0xff, 0x2a, 0x17, 0x0f, 0xff, 0x2a, 0x17, 0x0f, 0xff, 0x2a, 0x17, 0x0f, 0xff,
0x2a, 0x17, 0x0f, 0xff, 0x2a, 0x17, 0x0f, 0xff, 0x2a, 0x17, 0x0f, 0xff, 0x2a, 0x17, 0x0f, 0xff,
0xc6, 0x67, 0x93, 0xfe, 0xf9, 0x82, 0xbd, 0xd2, 0x00, 0x00, 0x00, 0x00, 0x00, 0x00, 0x00, 0x00,
0xf0, 0x4e, 0xa2, 0xe9, 0xf0, 0x4c, 0xa1, 0xff, 0xef, 0x4a, 0xa0, 0xff, 0xef, 0x48, 0x9f, 0xff,
0xf7, 0x70, 0xb4, 0xe4, 0xf8, 0x73, 0xb7, 0xff, 0xf7, 0x6c, 0xb3, 0xff, 0xf5, 0x66, 0xaf, 0xff,
0xf4, 0x5f, 0xab, 0xff, 0xf2, 0x58, 0xa8, 0xb0, 0x00, 0x00, 0x00, 0x00, 0x00, 0x00, 0x00, 0x00,
0x00, 0x00, 0x00, 0x00, 0x00, 0x00, 0x00, 0x00, 0x00, 0x00, 0x00, 0x00, 0x00, 0x00, 0x00, 0x00,
0x00, 0x00, 0x00, 0x00, 0x00, 0x00, 0x00, 0x00, 0x00, 0x00, 0x00, 0x00, 0x00, 0x00, 0x00, 0x00,
0x00, 0x00, 0x00, 0x00, 0x00, 0x00, 0x00, 0x00, 0xf8, 0x71, 0xb5, 0xfd, 0xf6, 0x6a, 0xb2, 0xff,
0xf5, 0x63, 0xae, 0xff, 0xf3, 0x5d, 0xaa, 0xff, 0xf2, 0x56, 0xa6, 0xff, 0xf0, 0x4f, 0xa4, 0xfe,
0xf8, 0x73, 0xb6, 0xff, 0xf8, 0x71, 0xb5, 0xff, 0xf7, 0x6f, 0xb4, 0xff, 0xf7, 0x6d, 0xb2, 0xcb,
0x00, 0x00, 0x00, 0x00, 0x00, 0x00, 0x00, 0x00, 0xfa, 0x83, 0xbf, 0xf6, 0x9b, 0x52, 0x6f, 0xff,
0x2a, 0x17, 0x0f, 0xff, 0x2a, 0x17, 0x0f, 0xff, 0x2a, 0x17, 0x0f, 0xff, 0x2a, 0x17, 0x0f, 0xff,
0x2a, 0x17, 0x0f, 0xff, 0x2a, 0x17, 0x0f, 0xff, 0x2a, 0x17, 0x0f, 0xff, 0x2a, 0x17, 0x0f, 0xff,
0x9d, 0x52, 0x70, 0xff, 0xfa, 0x83, 0xbe, 0xf5, 0x00, 0x00, 0x00, 0x00, 0x00, 0x00, 0x00, 0x00,
0xf0, 0x4c, 0xa1, 0xcc, 0xef, 0x4a, 0xa0, 0xff, 0xef, 0x48, 0x9f, 0xff, 0xee, 0x46, 0x9e, 0xff,
0xf8, 0x70, 0xb6, 0xfe, 0xf6, 0x6a, 0xb2, 0xff, 0xf5, 0x63, 0xae, 0xff, 0xf3, 0x5d, 0xaa, 0xff,
0xf2, 0x56, 0xa6, 0xff, 0xf0, 0x4f, 0xa3, 0xfd, 0x00, 0x00, 0x00, 0x00, 0x00, 0x00, 0x00, 0x00,
0x00, 0x00, 0x00, 0x00, 0x00, 0x00, 0x00, 0x00, 0x00, 0x00, 0x00, 0x00, 0x00, 0x00, 0x00, 0x00,
0x00, 0x00, 0x00, 0x00, 0x00, 0x00, 0x00, 0x00, 0x00, 0x00, 0x00, 0x00, 0x00, 0x00, 0x00, 0x00,
0x00, 0x00, 0x00, 0x00, 0x00, 0x00, 0x00, 0x00, 0xf6, 0x68, 0xb0, 0xfd, 0xf4, 0x61, 0xad, 0xff,
0xf3, 0x5a, 0xa9, 0xff, 0xf1, 0x54, 0xa5, 0xff, 0xf0, 0x4d, 0xa1, 0xff, 0xee, 0x46, 0x9f, 0xfe,
0xf8, 0x71, 0xb5, 0xff, 0xf7, 0x6f, 0xb4, 0xff, 0xf7, 0x6d, 0xb3, 0xff, 0xf6, 0x6c, 0xb2, 0xcc,
0x00, 0x00, 0x00, 0x00, 0x00, 0x00, 0x00, 0x00, 0xfa, 0x83, 0xbe, 0xf5, 0x9c, 0x52, 0x70, 0xff,
0x2a, 0x17, 0x0f, 0xff, 0x2a, 0x17, 0x0f, 0xff, 0x2a, 0x17, 0x0f, 0xff, 0x2a, 0x17, 0x0f, 0xff,
0x2a, 0x17, 0x0f, 0xff, 0x2a, 0x17, 0x0f, 0xff, 0x2a, 0x17, 0x0f, 0xff, 0x2a, 0x17, 0x0f, 0xff,
0x9e, 0x53, 0x71, 0xff, 0xf9, 0x82, 0xbd, 0xf5, 0x00, 0x00, 0x00, 0x00, 0x00, 0x00, 0x00, 0x00,
0xef, 0x49, 0xa0, 0xcd, 0xef, 0x48, 0x9f, 0xff, 0xee, 0x46, 0x9e, 0xff, 0xee, 0x44, 0x9d, 0xff,
0xf6, 0x67, 0xb1, 0xfe, 0xf4, 0x61, 0xad, 0xff, 0xf3, 0x5a, 0xa9, 0xff, 0xf1, 0x54, 0xa5, 0xff,
0xf0, 0x4d, 0xa1, 0xff, 0xee, 0x46, 0x9e, 0xfd, 0x00, 0x00, 0x00, 0x00, 0x00, 0x00, 0x00, 0x00,
0x00, 0x00, 0x00, 0x00, 0x00, 0x00, 0x00, 0x00, 0x00, 0x00, 0x00, 0x00, 0x00, 0x00, 0x00, 0x00,
0x00, 0x00, 0x00, 0x00, 0x00, 0x00, 0x00, 0x00, 0x00, 0x00, 0x00, 0x00, 0x00, 0x00, 0x00, 0x00,
0x00, 0x00, 0x00, 0x00, 0x00, 0x00, 0x00, 0x00, 0xf3, 0x5f, 0xab, 0xb1, 0xf2, 0x58, 0xa8, 0xff,
0xf1, 0x51, 0xa4, 0xff, 0xef, 0x4b, 0xa0, 0xff, 0xee, 0x44, 0x9c, 0xff, 0xee, 0x47, 0x9e, 0xe3,
0xf7, 0x6f, 0xb4, 0xff, 0xf7, 0x6d, 0xb3, 0xff, 0xf6, 0x6b, 0xb2, 0xff, 0xf6, 0x6a, 0xb1, 0xe8,
0x00, 0x00, 0x00, 0x00, 0x00, 0x00, 0x00, 0x00, 0xfa, 0x83, 0xbe, 0xd3, 0xc4, 0x66, 0x91, 0xfe,
0x2a, 0x17, 0x0f, 0xff, 0x2a, 0x17, 0x0f, 0xff, 0x2a, 0x17, 0x0f, 0xff, 0x2a, 0x17, 0x0f, 0xff,
0x2a, 0x17, 0x0f, 0xff, 0x2a, 0x17, 0x0f, 0xff, 0x2a, 0x17, 0x0f, 0xff, 0x2a, 0x17, 0x0f, 0xff,
0xc6, 0x67, 0x93, 0xfe, 0xf9, 0x82, 0xbd, 0xd2, 0x00, 0x00, 0x00, 0x00, 0x00, 0x00, 0x00, 0x00,
0xef, 0x48, 0x9f, 0xe9, 0xee, 0x46, 0x9e, 0xff, 0xee, 0x44, 0x9d, 0xff, 0xed, 0x42, 0x9c, 0xff,
0xf2, 0x59, 0xa8, 0xdf, 0xf2, 0x58, 0xa8, 0xff, 0xf1, 0x51, 0xa4, 0xff, 0xef, 0x4b, 0xa0, 0xff,
0xee, 0x44, 0x9c, 0xff, 0xec, 0x3d, 0x99, 0xb9, 0x00, 0x00, 0x00, 0x00, 0x00, 0x00, 0x00, 0x00,
0x00, 0x00, 0x00, 0x00, 0x00, 0x00, 0x00, 0x00, 0x00, 0x00, 0x00, 0x00, 0x00, 0x00, 0x00, 0x00,
0x00, 0x00, 0x00, 0x00, 0x00, 0x00, 0x00, 0x00, 0x00, 0x00, 0x00, 0x00, 0x00, 0x00, 0x00, 0x00,
0x00, 0x00, 0x00, 0x00, 0x00, 0x00, 0x00, 0x00, 0xff, 0x66, 0x99, 0x05, 0xf2, 0x4f, 0xa3, 0x3a,
0xf0, 0x47, 0x9e, 0x44, 0xec, 0x44, 0x9a, 0x44, 0xee, 0x3d, 0x97, 0x3b, 0xf7, 0x6d, 0xb2, 0x7e,
0xf7, 0x6d, 0xb3, 0xff, 0xf6, 0x6b, 0xb2, 0xff, 0xf6, 0x69, 0xb1, 0xff, 0xf6, 0x67, 0xb0, 0xff,
0xf3, 0x63, 0xae, 0x2c, 0x00, 0x00, 0x00, 0x00, 0xfd, 0x85, 0xc1, 0x7f, 0xfa, 0x83, 0xbf, 0xfe,
0x53, 0x2c, 0x32, 0xff, 0x2a, 0x17, 0x0f, 0xff, 0x2a, 0x17, 0x0f, 0xff, 0x2a, 0x17, 0x0f, 0xff,
0x2a, 0x17, 0x0f, 0xff, 0x2a, 0x17, 0x0f, 0xff, 0x2a, 0x17, 0x0f, 0xff, 0x54, 0x2c, 0x32, 0xff,
0xfa, 0x83, 0xbf, 0xfe, 0xfd, 0x84, 0xc0, 0x7e, 0x00, 0x00, 0x00, 0x00, 0xee, 0x48, 0xa1, 0x2e,
0xee, 0x46, 0x9e, 0xff, 0xee, 0x44, 0x9d, 0xff, 0xed, 0x42, 0x9c, 0xff, 0xed, 0x40, 0x9a, 0xff,
0xec, 0x40, 0x9a, 0x7c, 0xf2, 0x4f, 0xa3, 0x3a, 0xf0, 0x47, 0x9e, 0x44, 0xec, 0x44, 0x9a, 0x44,
0xee, 0x3d, 0x97, 0x3b, 0xff, 0x2b, 0x80, 0x06, 0x00, 0x00, 0x00, 0x00, 0x00, 0x00, 0x00, 0x00,
0x00, 0x00, 0x00, 0x00, 0x00, 0x00, 0x00, 0x00, 0x00, 0x00, 0x00, 0x00, 0x00, 0x00, 0x00, 0x00,
0x00, 0x00, 0x00, 0x00, 0x00, 0x00, 0x00, 0x00, 0x00, 0x00, 0x00, 0x00, 0x00, 0x00, 0x00, 0x00,
0x00, 0x00, 0x00, 0x00, 0x00, 0x00, 0x00, 0x00, 0x00, 0x00, 0x00, 0x00, 0x00, 0x00, 0x00, 0x00,
0x00, 0x00, 0x00, 0x00, 0x00, 0x00, 0x00, 0x00, 0x00, 0x00, 0x00, 0x00, 0xf5, 0x6f, 0xb2, 0x35,
0xf6, 0x6b, 0xb2, 0xff, 0xf6, 0x69, 0xb1, 0xff, 0xf6, 0x67, 0xb0, 0xff, 0xf5, 0x65, 0xaf, 0xff,
0xf4, 0x63, 0xae, 0x8e, 0x00, 0x00, 0x00, 0x00, 0xff, 0x88, 0xbb, 0x0f, 0xf9, 0x83, 0xbe, 0xe6,
0xe7, 0x79, 0xae, 0xfc, 0x56, 0x2e, 0x35, 0xff, 0x2a, 0x17, 0x0f, 0xff, 0x2a, 0x17, 0x0f, 0xff,
0x2a, 0x17, 0x0f, 0xff, 0x2a, 0x17, 0x0f, 0xff, 0x56, 0x2e, 0x35, 0xff, 0xe7, 0x79, 0xae, 0xfc,
0xf9, 0x83, 0xbe, 0xe6, 0xff, 0x80, 0xc8, 0x0e, 0x00, 0x00, 0x00, 0x00, 0xed, 0x46, 0x9e, 0x91,
0xee, 0x44, 0x9d, 0xff, 0xed, 0x42, 0x9c, 0xff, 0xed, 0x40, 0x9a, 0xff, 0xed, 0x3f, 0x99, 0xff,
0xeb, 0x3d, 0x99, 0x32, 0x00, 0x00, 0x00, 0x00, 0x00, 0x00, 0x00, 0x00, 0x00, 0x00, 0x00, 0x00,
0x00, 0x00, 0x00, 0x00, 0x00, 0x00, 0x00, 0x00, 0x00, 0x00, 0x00, 0x00, 0x00, 0x00, 0x00, 0x00,
0x00, 0x00, 0x00, 0x00, 0x00, 0x00, 0x00, 0x00, 0x00, 0x00, 0x00, 0x00, 0x00, 0x00, 0x00, 0x00,
0x00, 0x00, 0x00, 0x00, 0x00, 0x00, 0x00, 0x00, 0x00, 0x00, 0x00, 0x00, 0x00, 0x00, 0x00, 0x00,
0x00, 0x00, 0x00, 0x00, 0x00, 0x00, 0x00, 0x00, 0x00, 0x00, 0x00, 0x00, 0x00, 0x00, 0x00, 0x00,
0x00, 0x00, 0x00, 0x00, 0x00, 0x00, 0x00, 0x00, 0x00, 0x00, 0x00, 0x00, 0xff, 0x00, 0xff, 0x01,
0xf6, 0x68, 0xb1, 0xe3, 0xf6, 0x67, 0xb0, 0xff, 0xf5, 0x65, 0xaf, 0xff, 0xf5, 0x63, 0xae, 0xff,
0xf4, 0x61, 0xad, 0xf7, 0xf1, 0x5c, 0xaa, 0x24, 0x00, 0x00, 0x00, 0x00, 0xf9, 0x85, 0xbf, 0x2c,
0xf8, 0x82, 0xbe, 0xe3, 0xfb, 0x83, 0xbf, 0xff, 0xc8, 0x69, 0x95, 0xfe, 0x9c, 0x52, 0x70, 0xff,
0x9c, 0x52, 0x70, 0xff, 0xc8, 0x69, 0x95, 0xfe, 0xfb, 0x83, 0xbf, 0xff, 0xf8, 0x82, 0xbe, 0xe3,
0xf9, 0x85, 0xbf, 0x2c, 0x00, 0x00, 0x00, 0x00, 0xeb, 0x48, 0x9d, 0x27, 0xee, 0x44, 0x9d, 0xf9,
0xed, 0x42, 0x9c, 0xff, 0xed, 0x40, 0x9a, 0xff, 0xed, 0x3f, 0x99, 0xff, 0xec, 0x3d, 0x98, 0xe2,
0xff, 0x00, 0xff, 0x01, 0x00, 0x00, 0x00, 0x00, 0x00, 0x00, 0x00, 0x00, 0x00, 0x00, 0x00, 0x00,
0x00, 0x00, 0x00, 0x00, 0x00, 0x00, 0x00, 0x00, 0x00, 0x00, 0x00, 0x00, 0x00, 0x00, 0x00, 0x00,
0x00, 0x00, 0x00, 0x00, 0x00, 0x00, 0x00, 0x00, 0x00, 0x00, 0x00, 0x00, 0x00, 0x00, 0x00, 0x00,
0x00, 0x00, 0x00, 0x00, 0x00, 0x00, 0x00, 0x00, 0x00, 0x00, 0x00, 0x00, 0x00, 0x00, 0x00, 0x00,
0x00, 0x00, 0x00, 0x00, 0x00, 0x00, 0x00, 0x00, 0x00, 0x00, 0x00, 0x00, 0x00, 0x00, 0x00, 0x00,
0x00, 0x00, 0x00, 0x00, 0x00, 0x00, 0x00, 0x00, 0x00, 0x00, 0x00, 0x00, 0x00, 0x00, 0x00, 0x00,
0xf6, 0x66, 0xb1, 0x75, 0xf5, 0x65, 0xaf, 0xff, 0xf5, 0x63, 0xae, 0xff, 0xf4, 0x61, 0xad, 0xff,
0xf4, 0x5f, 0xac, 0xff, 0xf3, 0x5d, 0xab, 0xd4, 0xee, 0x55, 0xaa, 0x0f, 0x00, 0x00, 0x00, 0x00,
0xff, 0x88, 0xbb, 0x0f, 0xfd, 0x84, 0xc0, 0x7a, 0xf9, 0x82, 0xbd, 0xd0, 0xfa, 0x83, 0xbe, 0xf7,
0xfa, 0x83, 0xbe, 0xf7, 0xfa, 0x83, 0xbe, 0xcf, 0xfd, 0x84, 0xc0, 0x7a, 0xff, 0x80, 0xc8, 0x0e,
0x00, 0x00, 0x00, 0x00, 0xef, 0x40, 0x9f, 0x10, 0xee, 0x44, 0x9d, 0xd6, 0xed, 0x42, 0x9c, 0xff,
0xed, 0x40, 0x9a, 0xff, 0xed, 0x3f, 0x99, 0xff, 0xec, 0x3d, 0x98, 0xff, 0xeb, 0x3c, 0x97, 0x73,
0x00, 0x00, 0x00, 0x00, 0x00, 0x00, 0x00, 0x00, 0x00, 0x00, 0x00, 0x00, 0x00, 0x00, 0x00, 0x00,
0x00, 0x00, 0x00, 0x00, 0x00, 0x00, 0x00, 0x00, 0x00, 0x00, 0x00, 0x00, 0x00, 0x00, 0x00, 0x00,
0x00, 0x00, 0x00, 0x00, 0x00, 0x00, 0x00, 0x00, 0x00, 0x00, 0x00, 0x00, 0x00, 0x00, 0x00, 0x00,
0x00, 0x00, 0x00, 0x00, 0x00, 0x00, 0x00, 0x00, 0x00, 0x00, 0x00, 0x00, 0x00, 0x00, 0x00, 0x00,
0x00, 0x00, 0x00, 0x00, 0x00, 0x00, 0x00, 0x00, 0x00, 0x00, 0x00, 0x00, 0x00, 0x00, 0x00, 0x00,
0x00, 0x00, 0x00, 0x00, 0x00, 0x00, 0x00, 0x00, 0x00, 0x00, 0x00, 0x00, 0x00, 0x00, 0x00, 0x00,
0xff, 0x60, 0x9f, 0x08, 0xf5, 0x63, 0xae, 0xe2, 0xf4, 0x61, 0xad, 0xff, 0xf4, 0x5f, 0xac, 0xff,
0xf3, 0x5d, 0xab, 0xff, 0xf3, 0x5c, 0xaa, 0xff, 0xf3, 0x5a, 0xa8, 0xd5, 0xf1, 0x5a, 0xa5, 0x25,
0x00, 0x00, 0x00, 0x00, 0x00, 0x00, 0x00, 0x00, 0x00, 0x00, 0x00, 0x00, 0x00, 0x00, 0x00, 0x00,
0x00, 0x00, 0x00, 0x00, 0x00, 0x00, 0x00, 0x00, 0x00, 0x00, 0x00, 0x00, 0x00, 0x00, 0x00, 0x00,
0xeb, 0x48, 0x9d, 0x27, 0xee, 0x44, 0x9d, 0xd6, 0xed, 0x42, 0x9c, 0xff, 0xed, 0x40, 0x9a, 0xff,
0xed, 0x3f, 0x99, 0xff, 0xec, 0x3d, 0x98, 0xff, 0xec, 0x3b, 0x97, 0xdf, 0xdb, 0x49, 0x92, 0x07,
0x00, 0x00, 0x00, 0x00, 0x00, 0x00, 0x00, 0x00, 0x00, 0x00, 0x00, 0x00, 0x00, 0x00, 0x00, 0x00,
0x00, 0x00, 0x00, 0x00, 0x00, 0x00, 0x00, 0x00, 0x00, 0x00, 0x00, 0x00, 0x00, 0x00, 0x00, 0x00,
0x00, 0x00, 0x00, 0x00, 0x00, 0x00, 0x00, 0x00, 0x00, 0x00, 0x00, 0x00, 0x00, 0x00, 0x00, 0x00,
0x00, 0x00, 0x00, 0x00, 0x00, 0x00, 0x00, 0x00, 0x00, 0x00, 0x00, 0x00, 0x00, 0x00, 0x00, 0x00,
0x00, 0x00, 0x00, 0x00, 0x00, 0x00, 0x00, 0x00, 0x00, 0x00, 0x00, 0x00, 0x00, 0x00, 0x00, 0x00,
0x00, 0x00, 0x00, 0x00, 0x00, 0x00, 0x00, 0x00, 0x00, 0x00, 0x00, 0x00, 0x00, 0x00, 0x00, 0x00,
0xff, 0x00, 0xff, 0x01, 0xf5, 0x60, 0xa9, 0x4d, 0xf4, 0x5f, 0xac, 0xfc, 0xf3, 0x5d, 0xab, 0xff,
0xf3, 0x5c, 0xaa, 0xff, 0xf3, 0x5a, 0xa8, 0xff, 0xf2, 0x58, 0xa7, 0xff, 0xf2, 0x56, 0xa6, 0xf8,
0xf1, 0x54, 0xa6, 0x8f, 0xee, 0x53, 0xa6, 0x2e, 0x00, 0x00, 0x00, 0x00, 0x00, 0x00, 0x00, 0x00,
0x00, 0x00, 0x00, 0x00, 0x00, 0x00, 0x00, 0x00, 0xef, 0x47, 0x9d, 0x2f, 0xed, 0x47, 0x9e, 0x90,
0xee, 0x44, 0x9d, 0xf9, 0xed, 0x42, 0x9c, 0xff, 0xed, 0x40, 0x9a, 0xff, 0xed, 0x3f, 0x99, 0xff,
0xec, 0x3d, 0x98, 0xff, 0xec, 0x3b, 0x97, 0xfb, 0xee, 0x43, 0x9a, 0x4c, 0xff, 0x80, 0x80, 0x02,
0x00, 0x00, 0x00, 0x00, 0x00, 0x00, 0x00, 0x00, 0x00, 0x00, 0x00, 0x00, 0x00, 0x00, 0x00, 0x00,
0x00, 0x00, 0x00, 0x00, 0x00, 0x00, 0x00, 0x00, 0x00, 0x00, 0x00, 0x00, 0x00, 0x00, 0x00, 0x00,
0x00, 0x00, 0x00, 0x00, 0x00, 0x00, 0x00, 0x00, 0x00, 0x00, 0x00, 0x00, 0x00, 0x00, 0x00, 0x00,
0x00, 0x00, 0x00, 0x00, 0x00, 0x00, 0x00, 0x00, 0x00, 0x00, 0x00, 0x00, 0x00, 0x00, 0x00, 0x00,
0x00, 0x00, 0x00, 0x00, 0x00, 0x00, 0x00, 0x00, 0x00, 0x00, 0x00, 0x00, 0x00, 0x00, 0x00, 0x00,
0x00, 0x00, 0x00, 0x00, 0x00, 0x00, 0x00, 0x00, 0x00, 0x00, 0x00, 0x00, 0xff, 0x77, 0xbb, 0x0f,
0xf5, 0x65, 0xb0, 0xc4, 0xf3, 0x59, 0xa8, 0xf6, 0xf1, 0x55, 0xa7, 0x9f, 0xf3, 0x5c, 0xaa, 0xff,
0xf3, 0x5a, 0xa8, 0xff, 0xf2, 0x58, 0xa7, 0xff, 0xf2, 0x56, 0xa6, 0xff, 0xf1, 0x54, 0xa5, 0xff,
0xf1, 0x52, 0xa4, 0xff, 0xf0, 0x50, 0xa3, 0xff, 0xf0, 0x4e, 0xa2, 0xe9, 0xf0, 0x4c, 0xa1, 0xcc,
0xef, 0x4a, 0xa0, 0xcc, 0xef, 0x48, 0x9f, 0xe9, 0xee, 0x46, 0x9e, 0xff, 0xee, 0x44, 0x9d, 0xff,
0xed, 0x42, 0x9c, 0xff, 0xed, 0x40, 0x9a, 0xff, 0xed, 0x3f, 0x99, 0xff, 0xec, 0x3d, 0x98, 0xff,
0xec, 0x3b, 0x97, 0xff, 0xf2, 0x5b, 0xa9, 0x9d, 0xf9, 0x78, 0xb9, 0xf7, 0xf8, 0x76, 0xb9, 0xc4,
0xff, 0x77, 0xbb, 0x0f, 0x00, 0x00, 0x00, 0x00, 0x00, 0x00, 0x00, 0x00, 0x00, 0x00, 0x00, 0x00,
0x00, 0x00, 0x00, 0x00, 0x00, 0x00, 0x00, 0x00, 0x00, 0x00, 0x00, 0x00, 0x00, 0x00, 0x00, 0x00,
0x00, 0x00, 0x00, 0x00, 0x00, 0x00, 0x00, 0x00, 0x00, 0x00, 0x00, 0x00, 0x00, 0x00, 0x00, 0x00,
0x00, 0x00, 0x00, 0x00, 0x00, 0x00, 0x00, 0x00, 0x00, 0x00, 0x00, 0x00, 0x00, 0x00, 0x00, 0x00,
0x00, 0x00, 0x00, 0x00, 0x00, 0x00, 0x00, 0x00, 0x00, 0x00, 0x00, 0x00, 0x00, 0x00, 0x00, 0x00,
0x00, 0x00, 0x00, 0x00, 0x00, 0x00, 0x00, 0x00, 0xff, 0x76, 0xc4, 0x0d, 0xf9, 0x71, 0xb6, 0xc8,
0xf5, 0x66, 0xaf, 0xff, 0xf3, 0x5a, 0xa9, 0xff, 0xf0, 0x4e, 0xa2, 0xfa, 0xf0, 0x4e, 0xa0, 0x97,
0xf2, 0x58, 0xa7, 0xfa, 0xf2, 0x56, 0xa6, 0xff, 0xf1, 0x54, 0xa5, 0xff, 0xf1, 0x52, 0xa4, 0xff,
0xf0, 0x50, 0xa3, 0xff, 0xf0, 0x4e, 0xa2, 0xff, 0xf0, 0x4c, 0xa1, 0xff, 0xef, 0x4a, 0xa0, 0xff,
0xef, 0x48, 0x9f, 0xff, 0xee, 0x46, 0x9e, 0xff, 0xee, 0x44, 0x9d, 0xff, 0xed, 0x42, 0x9c, 0xff,
0xed, 0x40, 0x9a, 0xff, 0xed, 0x3f, 0x99, 0xff, 0xec, 0x3d, 0x98, 0xff, 0xec, 0x3b, 0x97, 0xfc,
0xf1, 0x53, 0xa4, 0xa3, 0xf7, 0x6d, 0xb3, 0xfa, 0xf7, 0x6c, 0xb3, 0xff, 0xf6, 0x6b, 0xb2, 0xff,
0xf6, 0x6a, 0xb3, 0xc8, 0xff, 0x62, 0xb1, 0x0d, 0x00, 0x00, 0x00, 0x00, 0x00, 0x00, 0x00, 0x00,
0x00, 0x00, 0x00, 0x00, 0x00, 0x00, 0x00, 0x00, 0x00, 0x00, 0x00, 0x00, 0x00, 0x00, 0x00, 0x00,
0x00, 0x00, 0x00, 0x00, 0x00, 0x00, 0x00, 0x00, 0x00, 0x00, 0x00, 0x00, 0x00, 0x00, 0x00, 0x00,
0x00, 0x00, 0x00, 0x00, 0x00, 0x00, 0x00, 0x00, 0x00, 0x00, 0x00, 0x00, 0x00, 0x00, 0x00, 0x00,
0x00, 0x00, 0x00, 0x00, 0x00, 0x00, 0x00, 0x00, 0x00, 0x00, 0x00, 0x00, 0x00, 0x00, 0x00, 0x00,
0x00, 0x00, 0x00, 0x00, 0x00, 0x00, 0x00, 0x00, 0xfa, 0x80, 0xbd, 0x6c, 0xf8, 0x73, 0xb6, 0xff,
0xf6, 0x67, 0xb0, 0xff, 0xf3, 0x5b, 0xa9, 0xff, 0xf0, 0x4f, 0xa3, 0xff, 0xee, 0x44, 0x9c, 0xfa,
0xed, 0x46, 0x9e, 0x71, 0xf1, 0x54, 0xa5, 0xe1, 0xf1, 0x52, 0xa4, 0xff, 0xf0, 0x50, 0xa3, 0xff,
0xf0, 0x4e, 0xa2, 0xff, 0xf0, 0x4c, 0xa1, 0xff, 0xef, 0x4a, 0xa0, 0xff, 0xef, 0x48, 0x9f, 0xff,
0xee, 0x46, 0x9e, 0xff, 0xee, 0x44, 0x9d, 0xff, 0xed, 0x42, 0x9c, 0xff, 0xed, 0x40, 0x9a, 0xff,
0xed, 0x3f, 0x99, 0xff, 0xec, 0x3d, 0x98, 0xff, 0xec, 0x3b, 0x97, 0xe0, 0xf1, 0x4e, 0xa3, 0x6f,
0xf4, 0x62, 0xad, 0xfa, 0xf4, 0x61, 0xac, 0xff, 0xf4, 0x60, 0xac, 0xff, 0xf4, 0x5f, 0xab, 0xff,
0xf4, 0x5e, 0xab, 0xff, 0xf2, 0x5e, 0xa9, 0x62, 0x00, 0x00, 0x00, 0x00, 0x00, 0x00, 0x00, 0x00,
0x00, 0x00, 0x00, 0x00, 0x00, 0x00, 0x00, 0x00, 0x00, 0x00, 0x00, 0x00, 0x00, 0x00, 0x00, 0x00,
0x00, 0x00, 0x00, 0x00, 0x00, 0x00, 0x00, 0x00, 0x00, 0x00, 0x00, 0x00, 0x00, 0x00, 0x00, 0x00,
0x00, 0x00, 0x00, 0x00, 0x00, 0x00, 0x00, 0x00, 0x00, 0x00, 0x00, 0x00, 0x00, 0x00, 0x00, 0x00,
0x00, 0x00, 0x00, 0x00, 0x00, 0x00, 0x00, 0x00, 0x00, 0x00, 0x00, 0x00, 0x00, 0x00, 0x00, 0x00,
0x00, 0x00, 0x00, 0x00, 0x00, 0x00, 0x00, 0x00, 0xf7, 0x80, 0xbf, 0x20, 0xf8, 0x74, 0xb7, 0xe6,
0xf6, 0x68, 0xb0, 0xff, 0xf3, 0x5c, 0xaa, 0xff, 0xf1, 0x50, 0xa3, 0xff, 0xee, 0x44, 0x9d, 0xff,
0xeb, 0x38, 0x97, 0x5b, 0xff, 0x60, 0x9f, 0x08, 0xf0, 0x4f, 0xa3, 0x74, 0xf0, 0x4e, 0xa2, 0xe2,
0xf0, 0x4c, 0xa1, 0xff, 0xef, 0x4a, 0xa0, 0xff, 0xef, 0x48, 0x9f, 0xff, 0xee, 0x46, 0x9e, 0xff,
0xee, 0x44, 0x9d, 0xff, 0xed, 0x42, 0x9c, 0xff, 0xed, 0x40, 0x9a, 0xff, 0xed, 0x3f, 0x99, 0xff,
0xec, 0x3d, 0x98, 0xe2, 0xeb, 0x3c, 0x97, 0x73, 0xdb, 0x49, 0x92, 0x07, 0xf3, 0x58, 0xa7, 0x57,
0xf2, 0x56, 0xa6, 0xff, 0xf2, 0x55, 0xa6, 0xff, 0xf1, 0x54, 0xa5, 0xff, 0xf1, 0x53, 0xa5, 0xff,
0xf1, 0x52, 0xa4, 0xe6, 0xf5, 0x4e, 0xa7, 0x1a, 0x00, 0x00, 0x00, 0x00, 0x00, 0x00, 0x00, 0x00,
0x00, 0x00, 0x00, 0x00, 0x00, 0x00, 0x00, 0x00, 0x00, 0x00, 0x00, 0x00, 0x00, 0x00, 0x00, 0x00,
0x00, 0x00, 0x00, 0x00, 0x00, 0x00, 0x00, 0x00, 0x00, 0x00, 0x00, 0x00, 0x00, 0x00, 0x00, 0x00,
0x00, 0x00, 0x00, 0x00, 0x00, 0x00, 0x00, 0x00, 0x00, 0x00, 0x00, 0x00, 0x00, 0x00, 0x00, 0x00,
0x00, 0x00, 0x00, 0x00, 0x00, 0x00, 0x00, 0x00, 0x00, 0x00, 0x00, 0x00, 0x00, 0x00, 0x00, 0x00,
0x00, 0x00, 0x00, 0x00, 0x00, 0x00, 0x00, 0x00, 0x00, 0x00, 0x00, 0x00, 0xf8, 0x72, 0xb5, 0x26,
0xf6, 0x69, 0xb1, 0xe5, 0xf3, 0x5d, 0xaa, 0xff, 0xf1, 0x51, 0xa4, 0xff, 0xee, 0x44, 0x9d, 0x99,
0xff, 0x00, 0xff, 0x01, 0x00, 0x00, 0x00, 0x00, 0x00, 0x00, 0x00, 0x00, 0xff, 0x00, 0xff, 0x01,
0xf0, 0x4b, 0xa0, 0x33, 0xef, 0x4b, 0xa0, 0x7e, 0xf7, 0x70, 0xb4, 0xe4, 0xf8, 0x71, 0xb4, 0xff,
0xf6, 0x67, 0xb1, 0xfe, 0xf2, 0x59, 0xa8, 0xdf, 0xec, 0x40, 0x9a, 0x7c, 0xeb, 0x3c, 0x96, 0x33,
0xff, 0x00, 0xff, 0x01, 0x00, 0x00, 0x00, 0x00, 0x00, 0x00, 0x00, 0x00, 0xff, 0x00, 0xff, 0x01,
0xef, 0x49, 0xa1, 0x92, 0xef, 0x49, 0x9f, 0xff, 0xef, 0x48, 0x9f, 0xff, 0xef, 0x47, 0x9e, 0xe8,
0xed, 0x49, 0x9e, 0x2a, 0x00, 0x00, 0x00, 0x00, 0x00, 0x00, 0x00, 0x00, 0x00, 0x00, 0x00, 0x00,
0x00, 0x00, 0x00, 0x00, 0x00, 0x00, 0x00, 0x00, 0x00, 0x00, 0x00, 0x00, 0x00, 0x00, 0x00, 0x00,
0x00, 0x00, 0x00, 0x00, 0x00, 0x00, 0x00, 0x00, 0x00, 0x00, 0x00, 0x00, 0x00, 0x00, 0x00, 0x00,
0x00, 0x00, 0x00, 0x00, 0x00, 0x00, 0x00, 0x00, 0x00, 0x00, 0x00, 0x00, 0x00, 0x00, 0x00, 0x00,
0x00, 0x00, 0x00, 0x00, 0x00, 0x00, 0x00, 0x00, 0x00, 0x00, 0x00, 0x00, 0x00, 0x00, 0x00, 0x00,
0x00, 0x00, 0x00, 0x00, 0x00, 0x00, 0x00, 0x00, 0x00, 0x00, 0x00, 0x00, 0x00, 0x00, 0x00, 0x00,
0xf8, 0x69, 0xb1, 0x27, 0xf4, 0x5e, 0xab, 0xbc, 0xf1, 0x52, 0xa5, 0x82, 0xff, 0x00, 0xff, 0x01,
0x00, 0x00, 0x00, 0x00, 0x00, 0x00, 0x00, 0x00, 0x00, 0x00, 0x00, 0x00, 0x00, 0x00, 0x00, 0x00,
0x00, 0x00, 0x00, 0x00, 0xfb, 0x7b, 0xbd, 0x3a, 0xf8, 0x73, 0xb7, 0xff, 0xf6, 0x6a, 0xb2, 0xff,
0xf4, 0x61, 0xad, 0xff, 0xf2, 0x58, 0xa8, 0xff, 0xf1, 0x4d, 0xa4, 0x38, 0x00, 0x00, 0x00, 0x00,
0x00, 0x00, 0x00, 0x00, 0x00, 0x00, 0x00, 0x00, 0x00, 0x00, 0x00, 0x00, 0x00, 0x00, 0x00, 0x00,
0xff, 0x00, 0xff, 0x01, 0xec, 0x3d, 0x99, 0x85, 0xed, 0x3c, 0x98, 0xc2, 0xeb, 0x3b, 0x96, 0x27,
0x00, 0x00, 0x00, 0x00, 0x00, 0x00, 0x00, 0x00, 0x00, 0x00, 0x00, 0x00, 0x00, 0x00, 0x00, 0x00,
0x00, 0x00, 0x00, 0x00, 0x00, 0x00, 0x00, 0x00, 0x00, 0x00, 0x00, 0x00, 0x00, 0x00, 0x00, 0x00,
0x00, 0x00, 0x00, 0x00, 0x00, 0x00, 0x00, 0x00, 0x00, 0x00, 0x00, 0x00, 0x00, 0x00, 0x00, 0x00,
0x00, 0x00, 0x00, 0x00, 0x00, 0x00, 0x00, 0x00, 0x00, 0x00, 0x00, 0x00, 0x00, 0x00, 0x00, 0x00,
0x00, 0x00, 0x00, 0x00, 0x00, 0x00, 0x00, 0x00, 0x00, 0x00, 0x00, 0x00, 0x00, 0x00, 0x00, 0x00,
0x00, 0x00, 0x00, 0x00, 0x00, 0x00, 0x00, 0x00, 0x00, 0x00, 0x00, 0x00, 0x00, 0x00, 0x00, 0x00,
0x00, 0x00, 0x00, 0x00, 0x00, 0x00, 0x00, 0x00, 0x00, 0x00, 0x00, 0x00, 0x00, 0x00, 0x00, 0x00,
0x00, 0x00, 0x00, 0x00, 0x00, 0x00, 0x00, 0x00, 0x00, 0x00, 0x00, 0x00, 0x00, 0x00, 0x00, 0x00,
0x00, 0x00, 0x00, 0x00, 0xf7, 0x74, 0xb7, 0x40, 0xf7, 0x6c, 0xb3, 0xff, 0xf5, 0x63, 0xae, 0xff,
0xf3, 0x5a, 0xa9, 0xff, 0xf1, 0x51, 0xa4, 0xff, 0xef, 0x48, 0x9f, 0x40, 0x00, 0x00, 0x00, 0x00,
0x00, 0x00, 0x00, 0x00, 0x00, 0x00, 0x00, 0x00, 0x00, 0x00, 0x00, 0x00, 0x00, 0x00, 0x00, 0x00,
0x00, 0x00, 0x00, 0x00, 0x00, 0x00, 0x00, 0x00, 0x00, 0x00, 0x00, 0x00, 0x00, 0x00, 0x00, 0x00,
0x00, 0x00, 0x00, 0x00, 0x00, 0x00, 0x00, 0x00, 0x00, 0x00, 0x00, 0x00, 0x00, 0x00, 0x00, 0x00,
0x00, 0x00, 0x00, 0x00, 0x00, 0x00, 0x00, 0x00, 0x00, 0x00, 0x00, 0x00, 0x00, 0x00, 0x00, 0x00,
0x00, 0x00, 0x00, 0x00, 0x00, 0x00, 0x00, 0x00, 0x00, 0x00, 0x00, 0x00, 0x00, 0x00, 0x00, 0x00,
0x00, 0x00, 0x00, 0x00, 0x00, 0x00, 0x00, 0x00, 0x00, 0x00, 0x00, 0x00, 0x00, 0x00, 0x00, 0x00,
0x00, 0x00, 0x00, 0x00, 0x00, 0x00, 0x00, 0x00, 0x00, 0x00, 0x00, 0x00, 0x00, 0x00, 0x00, 0x00,
0x00, 0x00, 0x00, 0x00, 0x00, 0x00, 0x00, 0x00, 0x00, 0x00, 0x00, 0x00, 0x00, 0x00, 0x00, 0x00,
0x00, 0x00, 0x00, 0x00, 0x00, 0x00, 0x00, 0x00, 0x00, 0x00, 0x00, 0x00, 0x00, 0x00, 0x00, 0x00,
0x00, 0x00, 0x00, 0x00, 0x00, 0x00, 0x00, 0x00, 0x00, 0x00, 0x00, 0x00, 0x00, 0x00, 0x00, 0x00,
0x00, 0x00, 0x00, 0x00, 0xf7, 0x70, 0xb3, 0x40, 0xf5, 0x66, 0xaf, 0xff, 0xf3, 0x5d, 0xaa, 0xff,
0xf1, 0x54, 0xa5, 0xff, 0xef, 0x4b, 0xa0, 0xff, 0xeb, 0x44, 0x9b, 0x40, 0x00, 0x00, 0x00, 0x00,
0x00, 0x00, 0x00, 0x00, 0x00, 0x00, 0x00, 0x00, 0x00, 0x00, 0x00, 0x00, 0x00, 0x00, 0x00, 0x00,
0x00, 0x00, 0x00, 0x00, 0x00, 0x00, 0x00, 0x00, 0x00, 0x00, 0x00, 0x00, 0x00, 0x00, 0x00, 0x00,
0x00, 0x00, 0x00, 0x00, 0x00, 0x00, 0x00, 0x00, 0x00, 0x00, 0x00, 0x00, 0x00, 0x00, 0x00, 0x00,
0x00, 0x00, 0x00, 0x00, 0x00, 0x00, 0x00, 0x00, 0x00, 0x00, 0x00, 0x00, 0x00, 0x00, 0x00, 0x00,
0x00, 0x00, 0x00, 0x00, 0x00, 0x00, 0x00, 0x00, 0x00, 0x00, 0x00, 0x00, 0x00, 0x00, 0x00, 0x00,
0x00, 0x00, 0x00, 0x00, 0x00, 0x00, 0x00, 0x00, 0x00, 0x00, 0x00, 0x00, 0x00, 0x00, 0x00, 0x00,
0x00, 0x00, 0x00, 0x00, 0x00, 0x00, 0x00, 0x00, 0x00, 0x00, 0x00, 0x00, 0x00, 0x00, 0x00, 0x00,
0x00, 0x00, 0x00, 0x00, 0x00, 0x00, 0x00, 0x00, 0x00, 0x00, 0x00, 0x00, 0x00, 0x00, 0x00, 0x00,
0x00, 0x00, 0x00, 0x00, 0x00, 0x00, 0x00, 0x00, 0x00, 0x00, 0x00, 0x00, 0x00, 0x00, 0x00, 0x00,
0x00, 0x00, 0x00, 0x00, 0x00, 0x00, 0x00, 0x00, 0x00, 0x00, 0x00, 0x00, 0x00, 0x00, 0x00, 0x00,
0x00, 0x00, 0x00, 0x00, 0xf6, 0x67, 0xae, 0x39, 0xf4, 0x5f, 0xab, 0xff, 0xf2, 0x56, 0xa6, 0xff,
0xf0, 0x4d, 0xa1, 0xff, 0xee, 0x44, 0x9c, 0xff, 0xed, 0x3a, 0x98, 0x39, 0x00, 0x00, 0x00, 0x00,
0x00, 0x00, 0x00, 0x00, 0x00, 0x00, 0x00, 0x00, 0x00, 0x00, 0x00, 0x00, 0x00, 0x00, 0x00, 0x00,
0x00, 0x00, 0x00, 0x00, 0x00, 0x00, 0x00, 0x00, 0x00, 0x00, 0x00, 0x00, 0x00, 0x00, 0x00, 0x00,
0x00, 0x00, 0x00, 0x00, 0x00, 0x00, 0x00, 0x00, 0x00, 0x00, 0x00, 0x00, 0x00, 0x00, 0x00, 0x00,
0x00, 0x00, 0x00, 0x00, 0x00, 0x00, 0x00, 0x00, 0x00, 0x00, 0x00, 0x00, 0x00, 0x00, 0x00, 0x00,
0x00, 0x00, 0x00, 0x00, 0x00, 0x00, 0x00, 0x00, 0x00, 0x00, 0x00, 0x00, 0x00, 0x00, 0x00, 0x00,
0x00, 0x00, 0x00, 0x00, 0x00, 0x00, 0x00, 0x00, 0x00, 0x00, 0x00, 0x00, 0x00, 0x00, 0x00, 0x00,
0x00, 0x00, 0x00, 0x00, 0x00, 0x00, 0x00, 0x00, 0x00, 0x00, 0x00, 0x00, 0x00, 0x00, 0x00, 0x00,
0x00, 0x00, 0x00, 0x00, 0x00, 0x00, 0x00, 0x00, 0x00, 0x00, 0x00, 0x00, 0x00, 0x00, 0x00, 0x00,
0x00, 0x00, 0x00, 0x00, 0x00, 0x00, 0x00, 0x00, 0x00, 0x00, 0x00, 0x00, 0x00, 0x00, 0x00, 0x00,
0x00, 0x00, 0x00, 0x00, 0x00, 0x00, 0x00, 0x00, 0x00, 0x00, 0x00, 0x00, 0x00, 0x00, 0x00, 0x00,
0x00, 0x00, 0x00, 0x00, 0xff, 0x80, 0xbf, 0x04, 0xf2, 0x58, 0xa9, 0xb1, 0xf0, 0x4f, 0xa3, 0xfd,
0xee, 0x46, 0x9e, 0xfd, 0xec, 0x3d, 0x99, 0xb9, 0xff, 0x2b, 0x80, 0x06, 0x00, 0x00, 0x00, 0x00,
0x00, 0x00, 0x00, 0x00, 0x00, 0x00, 0x00, 0x00, 0x00, 0x00, 0x00, 0x00, 0x00, 0x00, 0x00, 0x00,
0x00, 0x00, 0x00, 0x00, 0x00, 0x00, 0x00, 0x00, 0x00, 0x00, 0x00, 0x00, 0x00, 0x00, 0x00, 0x00,
0x00, 0x00, 0x00, 0x00, 0x00, 0x00, 0x00, 0x00, 0x00, 0x00, 0x00, 0x00, 0x00, 0x00, 0x00, 0x00,
0x00, 0x00, 0x00, 0x00, 0x00, 0x00, 0x00, 0x00, 0x00, 0x00, 0x00, 0x00, 0x00, 0x00, 0x00, 0x00,
0x00, 0x00, 0x00, 0x00, 0x00, 0x00, 0x00, 0x00, 0x00, 0x00, 0x00, 0x00, 0x00, 0x00, 0x00, 0x00,
0x00, 0x00, 0x00, 0x00, 0x00, 0x00, 0x00, 0x00, 0x00, 0x00, 0x00, 0x00, 0x00, 0x00, 0x00, 0x00,
0x00, 0x00, 0x00, 0x00, 0x00, 0x00, 0x00, 0x00, 0x00, 0x00, 0x00, 0x00, 0x00, 0x00, 0x00, 0x00,
0x00, 0x00, 0x00, 0x00, 0x00, 0x00, 0x00, 0x00, 0x00, 0x00, 0x00, 0x00, 0x00, 0x00, 0x00, 0x00,
0x00, 0x00, 0x00, 0x00, 0x00, 0x00, 0x00, 0x00, 0x00, 0x00, 0x00, 0x00, 0x00, 0x00, 0x00, 0x00,
0x00, 0x00, 0x00, 0x00, 0x00, 0x00, 0x00, 0x00, 0x00, 0x00, 0x00, 0x00, 0x00, 0x00, 0x00, 0x00,
0x00, 0x00, 0x00, 0x00, 0x00, 0x00, 0x00, 0x00, 0x00, 0x00, 0x00, 0x00, 0x00, 0x00, 0x00, 0x00,
0x00, 0x00, 0x00, 0x00, 0x00, 0x00, 0x00, 0x00, 0x00, 0x00, 0x00, 0x00, 0x00, 0x00, 0x00, 0x00,
0x00, 0x00, 0x00, 0x00, 0x00, 0x00, 0x00, 0x00, 0x00, 0x00, 0x00, 0x00, 0x00, 0x00, 0x00, 0x00,
0x00, 0x00, 0x00, 0x00, 0x00, 0x00, 0x00, 0x00, 0x00, 0x00, 0x00, 0x00, 0x00, 0x00, 0x00, 0x00,
0x00, 0x00, 0x00, 0x00, 0x00, 0x00, 0x00, 0x00, 0x00, 0x00, 0x00, 0x00, 0x00, 0x00, 0x00, 0x00,
0x00, 0x00, 0x00, 0x00, 0x00, 0x00, 0x00, 0x00, 0x00, 0x00, 0x00, 0x00, 0x00, 0x00, 0x00, 0x00,
0x00, 0x00, 0x00, 0x00, 0x00, 0x00, 0x00, 0x00, 0x00, 0x00, 0x00, 0x00, 0x00, 0x00, 0x00, 0x00,
0x00, 0x00, 0x00, 0x00, 0x00, 0x00, 0x00, 0x00, 0x00, 0x00, 0x00, 0x00, 0x00, 0x00, 0x00, 0x00,
0x00, 0x00, 0x00, 0x00, 0x00, 0x00, 0x00, 0x00, 0x00, 0x00, 0x00, 0x00, 0x00, 0x00, 0x00, 0x00,
0x00, 0x00, 0x00, 0x00, 0x00, 0x00, 0x00, 0x00, 0x00, 0x00, 0x00, 0x00, 0x00, 0x00, 0x00, 0x00,
0x00, 0x00, 0x00, 0x00, 0x00, 0x00, 0x00, 0x00, 0x00, 0x00, 0x00, 0x00, 0x00, 0x00, 0x00, 0x00,
0x00, 0x00, 0x00, 0x00, 0x00, 0x00, 0x00, 0x00, 0x00, 0x00, 0x00, 0x00, 0x00, 0x00, 0x00, 0x00,
0x00, 0x00, 0x00, 0x00, 0x00, 0x00, 0x00, 0x00, 0x00, 0x00, 0x00, 0x00, 0x00, 0x00, 0x00, 0x00,
0x00, 0x00, 0x00, 0x00, 0x00, 0x00, 0x00, 0x00, 0x00, 0x00, 0x00, 0x00, 0x00, 0x00, 0x00, 0x00,
0x00, 0x00, 0x00, 0x00, 0x00, 0x00, 0x00, 0x00, 0x00, 0x00, 0x00, 0x00, 0x00, 0x00, 0x00, 0x00,
0x00, 0x00, 0x00, 0x00, 0x00, 0x00, 0x00, 0x00, 0x00, 0x00, 0x00, 0x00, 0x00, 0x00, 0x00, 0x00,
0x00, 0x00, 0x00, 0x00, 0x00, 0x00, 0x00, 0x00, 0x00, 0x00, 0x00, 0x00, 0x00, 0x00, 0x00, 0x00,
0x00, 0x00, 0x00, 0x00, 0x00, 0x00, 0x00, 0x00, 0x00, 0x00, 0x00, 0x00, 0x00, 0x00, 0x00, 0x00,
0x00, 0x00, 0x00, 0x00, 0x00, 0x00, 0x00, 0x00, 0x00, 0x00, 0x00, 0x00, 0x00, 0x00, 0x00, 0x00,
0x00, 0x00, 0x00, 0x00, 0x00, 0x00, 0x00, 0x00, 0x00, 0x00, 0x00, 0x00, 0x00, 0x00, 0x00, 0x00,
0x00, 0x00, 0x00, 0x00, 0x00, 0x00, 0x00, 0x00, 0x00, 0x00, 0x00, 0x00, 0x00, 0x00, 0x00, 0x00,
0x00, 0x00, 0x00, 0x00, 0x00, 0x00, 0x00, 0x00, 0x00, 0x00, 0x00, 0x00, 0x00, 0x00, 0x00, 0x00,
0x00, 0x00, 0x00, 0x00, 0x00, 0x00, 0x00, 0x00, 0x00, 0x00, 0x00, 0x00, 0x00, 0x00, 0x00, 0x00,
0x00, 0x00, 0x00, 0x00, 0x00, 0x00, 0x00, 0x00, 0x00, 0x00, 0x00, 0x00, 0x00, 0x00, 0x00, 0x00,
0x00, 0x00, 0x00, 0x00, 0x00, 0x00, 0x00, 0x00, 0x00, 0x00, 0x00, 0x00, 0x00, 0x00, 0x00, 0x00,
0x00, 0x00, 0x00, 0x00, 0x00, 0x00, 0x00, 0x00, 0x00, 0x00, 0x00, 0x00, 0x00, 0x00, 0x00, 0x00,
0x00, 0x00, 0x00, 0x00, 0x00, 0x00, 0x00, 0x00, 0x00, 0x00, 0x00, 0x00, 0x00, 0x00, 0x00, 0x00,
0x00, 0x00, 0x00, 0x00, 0x00, 0x00, 0x00, 0x00, 0x00, 0x00, 0x00, 0x00, 0x00, 0x00, 0x00, 0x00,
0x00, 0x00, 0x00, 0x00, 0x00, 0x00, 0x00, 0x00, 0x00, 0x00, 0x00, 0x00, 0x00, 0x00, 0x00, 0x00,
0x00, 0x00, 0x00, 0x00, 0x00, 0x00, 0x00, 0x00, 0x00, 0x00, 0x00, 0x00, 0x00, 0x00, 0x00, 0x00,
0x00, 0x00, 0x00, 0x00, 0x00, 0x00, 0x00, 0x00, 0x00, 0x00, 0x00, 0x00, 0x00, 0x00, 0x00, 0x00,
0x00, 0x00, 0x00, 0x00, 0x00, 0x00, 0x00, 0x00, 0x00, 0x00, 0x00, 0x00, 0x00, 0x00, 0x00, 0x00,
0x00, 0x00, 0x00, 0x00, 0x00, 0x00, 0x00, 0x00, 0x00, 0x00, 0x00, 0x00, 0x00, 0x00, 0x00, 0x00,
0x00, 0x00, 0x00, 0x00, 0x00, 0x00, 0x00, 0x00, 0x00, 0x00, 0x00, 0x00, 0x00, 0x00, 0x00, 0x00,
0x00, 0x00, 0x00, 0x00, 0x00, 0x00, 0x00, 0x00, 0x00, 0x00, 0x00, 0x00, 0x00, 0x00, 0x00, 0x00,
0x00, 0x00, 0x00, 0x00, 0x00, 0x00, 0x00, 0x00, 0x00, 0x00, 0x00, 0x00, 0x00, 0x00, 0x00, 0x00,
0x00, 0x00, 0x00, 0x00, 0x00, 0x00, 0x00, 0x00, 0x00, 0x00, 0x00, 0x00, 0x00, 0x00, 0x00, 0x00,
0x00, 0x00, 0x00, 0x00, 0x00, 0x00, 0x00, 0x00, 0x00, 0x00, 0x00, 0x00, 0x00, 0x00, 0x00, 0x00,
0x00, 0x00, 0x00, 0x00, 0x00, 0x00, 0x00, 0x00, 0x00, 0x00, 0x00, 0x00, 0x00, 0x00, 0x00, 0x00,
0x00, 0x00, 0x00, 0x00, 0x00, 0x00, 0x00, 0x00, 0x00, 0x00, 0x00, 0x00, 0x00, 0x00, 0x00, 0x00,
0x00, 0x00, 0x00, 0x00, 0x00, 0x00, 0x00, 0x00, 0x00, 0x00, 0x00, 0x00, 0x00, 0x00, 0x00, 0x00,
0x00, 0x00, 0x00, 0x00, 0x00, 0x00, 0x00, 0x00, 0x00, 0x00, 0x00, 0x00, 0x00, 0x00, 0x00, 0x00,
0x00, 0x00, 0x00, 0x00, 0x00, 0x00, 0x00, 0x00, 0x00, 0x00, 0x00, 0x00, 0x00, 0x00, 0x00, 0x00,
0x00, 0x00, 0x00, 0x00, 0x00, 0x00, 0x00, 0x00, 0x00, 0x00, 0x00, 0x00, 0x00, 0x00, 0x00, 0x00,
0x00, 0x00, 0x00, 0x00, 0x00, 0x00, 0x00, 0x00, 0x00, 0x00, 0x00, 0x00, 0x00, 0x00, 0x00, 0x00,
0x00, 0x00, 0x00, 0x00, 0x00, 0x00, 0x00, 0x00, 0x00, 0x00, 0x00, 0x00, 0x00, 0x00, 0x00, 0x00,
0x00, 0x00, 0x00, 0x00, 0x00, 0x00, 0x00, 0x00, 0x00, 0x00, 0x00, 0x00, 0x00, 0x00, 0x00, 0x00,
0x00, 0x00, 0x00, 0x00, 0x00, 0x00, 0x00, 0x00, 0x00, 0x00, 0x00, 0x00, 0x00, 0x00, 0x00, 0x00,
0x00, 0x00, 0x00, 0x00, 0x00, 0x00, 0x00, 0x00, 0x00, 0x00, 0x00, 0x00, 0x00, 0x00, 0x00, 0x00,
0x00, 0x00, 0x00, 0x00, 0x00, 0x00, 0x00, 0x00, 0x00, 0x00, 0x00, 0x00, 0x00, 0x00, 0x00, 0x00,
0x00, 0x00, 0x00, 0x00, 0x00, 0x00, 0x00, 0x00, 0x00, 0x00, 0x00, 0x00, 0x00, 0x00, 0x00, 0x00,
0x00, 0x00, 0x00, 0x00, 0x00, 0x00, 0x00, 0x00, 0x00, 0x00, 0x00, 0x00, 0x00, 0x00, 0x00, 0x00,
0x00, 0x00, 0x00, 0x00, 0x00, 0x00, 0x00, 0x00, 0x00, 0x00, 0x00, 0x00, 0x00, 0x00, 0x00, 0x00,
0x00, 0x00, 0x00, 0x00, 0x00, 0x00, 0x00, 0x00, 0x00, 0x00, 0x00, 0x00, 0x00, 0x00, 0x00, 0x00,
0x00, 0x00, 0x00, 0x00, 0x00, 0x00, 0x00, 0x00, 0x00, 0x00, 0x00, 0x00, 0x00, 0x00, 0x00, 0x00,
0x00, 0x00, 0x00, 0x00, 0x00, 0x00, 0x00, 0x00, 0x00, 0x00, 0x00, 0x00, 0x00, 0x00, 0x00, 0x00,
0x00, 0x00, 0x00, 0x00, 0x00, 0x00, 0x00, 0x00, 0x00, 0x00, 0x00, 0x00, 0x00, 0x00, 0x00, 0x00,
0x00, 0x00, 0x00, 0x00, 0x00, 0x00, 0x00, 0x00, 0x00, 0x00, 0x00, 0x00, 0x00, 0x00, 0x00, 0x00,
0x00, 0x00, 0x00, 0x00, 0x00, 0x00, 0x00, 0x00, 0x00, 0x00, 0x00, 0x00, 0x00, 0x00, 0x00, 0x00,
0x00, 0x00, 0x00, 0x00, 0x00, 0x00, 0x00, 0x00, 0x00, 0x00, 0x00, 0x00, 0x00, 0x00, 0x00, 0x00,
0x00, 0x00, 0x00, 0x00, 0x00, 0x00, 0x00, 0x00, 0x00, 0x00, 0x00, 0x00, 0x00, 0x00, 0x00, 0x00,
0x00, 0x00, 0x00, 0x00, 0x00, 0x00, 0x00, 0x00, 0x00, 0x00, 0x00, 0x00, 0x00, 0x00, 0x00, 0x00,
0x00, 0x00, 0x00, 0x00, 0x00, 0x00, 0x00, 0x00, 0x00, 0x00, 0x00, 0x00, 0x00, 0x00, 0x00, 0x00,
0x00, 0x00, 0x00, 0x00, 0x00, 0x00, 0x00, 0x00, 0x00, 0x00, 0x00, 0x00, 0x00, 0x00, 0x00, 0x00,
0x00, 0x00, 0x00, 0x00, 0x00, 0x00, 0x00, 0x00, 0x00, 0x00, 0x00, 0x00, 0x00, 0x00, 0x00, 0x00,
0x00, 0x00, 0x00, 0x00, 0x00, 0x00, 0x00, 0x00, 0x00, 0x00, 0x00, 0x00, 0x00, 0x00, 0x00, 0x00,
0x00, 0x00, 0x00, 0x00, 0x00, 0x00, 0x00, 0x00, 0x00, 0x00, 0x00, 0x00, 0x00, 0x00, 0x00, 0x00
};
